audit,query_id,query,gold,fc,t,in_S,arms,sttl_k1_8_present
mixed_age_400,p_q_c26c7630_2,"The poster for Prix Robert Papin who was previously adchieve, from whom?",Christopher Head,FAST,504148.3748784788,True,fresh|on|off|sttl_k1_8,1
mixed_age_400,p_q_b01295a7_2,Which team gave the carrot and which horse chased out the winner of this season's Champions Cup?,Hiroyasu Tanaka,FAST,296584.56128180947,True,fresh|on|off|sttl_k1_8,1
mixed_age_400,p_q_84993503_1,Russian cosmonauts have revealed who was the third male member to journey from Deep House. Can you provide information on their names and location?,Francisco Rubio Launch,FAST,308778.30978527135,True,fresh|on|off|sttl_k1_8,1
mixed_age_400,p_q_3568ac16_2,Who held the highest stock in Fridaydave Handicap?,LRE Racing & JEH Racing Stable,FAST,577782.4503803587,True,fresh|on|off|sttl_k1_8,1
mixed_age_400,p_q_32bb1cf2_2,What RPR is the St. Paul Saints team known for?,0.568,FAST,476625.08616441576,True,fresh|on|off|sttl_k1_8,1
mixed_age_400,p_q_811a9dea_2,Who has been the top female athlete in all of American fémininos?,Kieryn Finnell,FAST,526150.7653117855,True,fresh|on|off|sttl_k1_8,1
mixed_age_400,p_q_06267d08_1,"The New Year's publication for ""Varsity"" (in the name of Michaelmas) had their editors pre-receiving many articles, anyone?",Megan Byrom & Famke Veenstra-Ashmore,FAST,110331.19886943005,True,fresh|on|off|sttl_k1_8,1
mixed_age_400,p_q_76be48a4_3,What is the named horse that bagged first in the Coronation Stakes?,Tahiyra,FAST,545086.9321742738,True,fresh|on|off|sttl_k1_8,1
mixed_age_400,p_q_26393420_3,"PART II: Pupée de paye dans 2/1 at Mc’s outpost is $1,995 the trainer of today's Queen Elizabeth I II Challenge Cup Stakes?",Saeed bin Suroor,FAST,542827.7649784981,True,fresh|on|off|sttl_k1_8,1
mixed_age_400,p_q_6757b6a9_0,Who was the most recent Los Angeles Film Critics Association Award Winner in 1953 and best director of 1957?,Jonathan Glazer,FAST,462681.72533585277,True,fresh|on|off|sttl_k1_8,1
mixed_age_400,p_q_84993503_3,"Among the three Russian cosmonauts who joined the International Space Station, which one will remain off board?",Francisco Rubio Launch,FAST,604504.1029161615,True,fresh|on|off|sttl_k1_8,1
mixed_age_400,p_q_2b37471e_0,Judson High School Football: What was the outcome of Thursday at City College?,Lost in area round to state quarterfinalist Dripping Springs 34-38,FAST,537304.7556869034,True,fresh|on|off|sttl_k1_8,1
mixed_age_400,p_q_4d8a4de4_1,Who are all the cast members of the CD that won a Grammy Award for Best Historical Album at this point in time?,Wilco,FAST,284386.0488355719,True,fresh|on|off|sttl_k1_8,1
mixed_age_400,p_q_056f7935_3,Which of the seven cities that made it to the finals of Juventus Championship was still undefeated in the championship round of 16.1 last year?,Capivari,FAST,594438.2355575791,True,fresh|on|off|sttl_k1_8,1
mixed_age_400,p_q_8b83e11f_0,Have you heard any update on the OOPSLA committee's meeting?,Vasco Vasconcelos,FAST,188604.77446735563,True,fresh|on|off|sttl_k1_8,1
mixed_age_400,p_q_28911a13_1,Which Australian is achieving to win the title of President this year?,Taryn Brumfitt,FAST,359413.6182147836,True,fresh|on|off|sttl_k1_8,1
mixed_age_400,p_q_665a6704_2,Who was ousted from contention at the Chubb Classic?,DEU Bernhard Langer,FAST,586006.1561880802,True,fresh|on|off|sttl_k1_8,1
mixed_age_400,p_q_0da13098_2,Could you inform me of the message that will be shared at Frankfurt Book Fair?,Honeycomb of Words,FAST,248648.78570679287,True,fresh|on|off|sttl_k1_8,1
mixed_age_400,p_q_a06c234c_3,What songs ended up being the most outstanding during this year's Melodifestivalen?,"Jimmy Thörnfeldt, Jimmy Jansson, Lorine Talhaoui, Moa Carlebecker, Peter Boström, Thomas G:son",FAST,84807.34212495499,True,fresh|on|off|sttl_k1_8,1
mixed_age_400,p_q_60502f3b_1,Who was recognized as the 2017 BBC Sports Personality Team of the Year Award Driver?,Manchester City F.C.,FAST,271890.87431561266,True,fresh|on|off|sttl_k1_8,1
mixed_age_400,p_q_297334f5_3,Which Super Bowl video game replay professional was the main figure?,Mark Butterworth,FAST,536778.6807554624,True,fresh|on|off|sttl_k1_8,1
mixed_age_400,p_q_c76a7d5e_3,Who topped the previous Royal Hunt Cup Standings with their performance?,Jimi Hendrix,FAST,204972.96468603422,True,fresh|on|off|sttl_k1_8,1
mixed_age_400,p_q_b9a64a4f_1,What does the symbolism behind Sydney's New Year'event command be?,"One night, many ways to celebrate",FAST,482161.8493545327,False,fresh|on|off|sttl_k1_8,1
mixed_age_400,p_q_b96cebd8_2,Which team Last supported with USBWA National Freshman of the Year (2017) most recently?,2022–23,FAST,393974.2607121406,True,fresh|on|off|sttl_k1_8,1
mixed_age_400,p_q_b5bab848_2,Which piece of music received the best Salsa award at this years dernière LAMS?,Niche Sinfónico,FAST,603740.7700349479,True,fresh|on|off|sttl_k1_8,1
mixed_age_400,p_q_6a6b8494_3,"In the last one we published, which individual put up the most follower tweets?",Elon Musk,FAST,309020.01183145103,True,fresh|on|off|sttl_k1_8,1
mixed_age_400,p_q_77b08615_0,"In the Black-Eyed Susan Stakes, who was the winner?","NET Racing, Michael Dubb, First Row Partners & Team Hanley",FAST,292809.70717230294,True,fresh|on|off|sttl_k1_8,1
mixed_age_400,p_q_531f875a_2,Which horse won the latest Avondale Cup at Avogh Hall on 22nd February 2006?,Aquacade,FAST,297794.8818418889,True,fresh|on|off|sttl_k1_8,1
mixed_age_400,p_q_1dc7b96e_3,Do you happen to know who will win the Turf Classic Stakes just this week?,Up to the Mark,FAST,170272.2165896591,True,fresh|on|off|sttl_k1_8,1
mixed_age_400,p_q_69646c02_0,Could you determine the age of the TikTok user with a stream’s largest following?,23 years old,FAST,583972.6346009438,True,fresh|on|off|sttl_k1_8,1
mixed_age_400,p_q_747bbca1_3,What is the name of the tennis player who becomes Wimbledon women's champion?,Czech Republic,FAST,210989.09419756773,True,fresh|on|off|sttl_k1_8,1
mixed_age_400,p_q_6dce83d8_2,What is the maximum number of field goals scored by one team in a Women's National Basketball Association season?,285,FAST,546223.6293688965,True,fresh|on|off|sttl_k1_8,1
mixed_age_400,p_q_2d3da894_1,What team actually took back the clean slate on Opening Day @ Miami Marlins?,Jazz Chisholm Jr. CF,FAST,123675.81149709452,True,fresh|on|off|sttl_k1_8,1
mixed_age_400,p_q_32bb1cf2_0,How much percentage (RSS) of the Saints winning is this year?,0.568,FAST,445878.03474138933,True,fresh|on|off|sttl_k1_8,1
mixed_age_400,p_q_5e68b428_2,Who ranked first in the Bulwer-Lytton Fiction Contest among city residents?,"Maya Pasic New York, New York",FAST,232926.90225625993,True,fresh|on|off|sttl_k1_8,1
mixed_age_400,p_q_e5cbddda_1,Which animal performs the exceptionally good duty of winning the Risen Star Stakes at this point?,Angel of Empire,FAST,399107.6852095065,True,fresh|on|off|sttl_k1_8,1
mixed_age_400,p_q_2ca95d4e_3,Who was awarded the Points ranking on August 9th in Vuelta a Burgos men's racing?,Primož Roglič,FAST,333554.5558409475,True,fresh|on|off|sttl_k1_8,1
mixed_age_400,p_q_785fdb1b_0,Which trainer served as the extra trainer in convincing story for Cambridgeshire Handicap last year?,Daniel & Claire Kubler,FAST,483361.38684015727,True,fresh|on|off|sttl_k1_8,1
mixed_age_400,p_q_ffbdb73d_0,Who has been awarded the Warsaw Marathon star prize?,Levente Szemerei,FAST,547892.7136020829,True,fresh|on|off|sttl_k1_8,1
mixed_age_400,p_q_75b15e04_3,Who has been recognized as the newly-released APRA Music Award Song of the Year?,Flume featuring May-a,FAST,213098.84503397156,True,fresh|on|off|sttl_k1_8,1
mixed_age_400,p_q_1387f241_3,In what region is the younger Miss Iowa Teen USA from?,Ankeny,FAST,547148.7469565608,True,fresh|on|off|sttl_k1_8,1
mixed_age_400,p_q_a5b50e32_0,Do the Toronto Raptors continue to dominate in the NBA standings?,No,FAST,314729.1430768667,True,fresh|on|off|sttl_k1_8,1
mixed_age_400,p_q_ab431fd9_0,From which organization does the NPDA National Champions team hail?,Parliamentary Debate at Berkeley,FAST,327698.6885458451,True,fresh|on|off|sttl_k1_8,1
mixed_age_400,p_q_2efc3bf0_2,"In the latest NASCAR Xfinity Series competition at Homestead-Miami, which horse is crowned champion?",Sam Mayer,FAST,479028.4125672751,True,fresh|on|off|sttl_k1_8,1
mixed_age_400,p_q_28b0bd9f_3,What was the title scooped up in Best Film category at its latest Baeksang Arts Award?,Decision to Leave Award winner,FAST,603416.4525460334,True,fresh|on|off|sttl_k1_8,1
mixed_age_400,p_q_b3cd7717_2,Who clinches the flag for victory in the recent Horizon Irish Open?,Vincent Norrman,FAST,577701.9660059134,True,fresh|on|off|sttl_k1_8,1
mixed_age_400,p_q_04bb5dc1_2,Which horse emerged as the winner of the Chesham Stakes?,Snellen,FAST,308521.7020925812,True,fresh|on|off|sttl_k1_8,1
mixed_age_400,p_q_ebb15c73_3,In what geometry (of sizes) does the WKB integer decoder have M dimension?,SpiralCurve,FAST,451469.4984104391,True,fresh|on|off|sttl_k1_8,1
mixed_age_400,p_q_4e6d28cb_0,Who currently holds the top spot in scoring on multiple occasions in the UEFA Europa League table?,ENG Marcus Rashford,FAST,317689.39661509934,True,fresh|on|off|sttl_k1_8,1
mixed_age_400,p_q_295700b1_0,Who is pictured winning the latest course in this years Vincent O'Brien National Stakes?,Henry Longfellow,FAST,335766.5553016473,True,fresh|on|off|sttl_k1_8,1
mixed_age_400,p_q_a720c2de_2,What was selected as the selection try at this year's Australian Swimming Championship?,The Australian selection trials for the 2023 World Aquatics Championships were held in Melbourne from 13–18 June.,FAST,158354.07555727614,True,fresh|on|off|sttl_k1_8,1
mixed_age_400,p_q_19312ca9_3,What's Victor Webster up to these days?,The Wedding Veil Journey,FAST,589494.582271547,True,fresh|on|off|sttl_k1_8,1
mixed_age_400,p_q_59076011_1,Which warrior was honoured with the Doak Walker Award last time?,Ollie Gordon II,FAST,437124.3125015457,True,fresh|on|off|sttl_k1_8,1
mixed_age_400,p_q_d4f726dc_3,Which contender claimed victory in the most recent doubles match at L'Open 35 de Saint-Malo?,Greet Minnen Bibiane Schoofs,FAST,414231.9820586057,True,fresh|on|off|sttl_k1_8,1
mixed_age_400,p_q_5ac8d92d_3,What is the commencement date for Passover this year?,"Apr 5, 2023",FAST,577273.8354187174,True,fresh|on|off|sttl_k1_8,1
mixed_age_400,p_q_697c0008_3,Who had the most recent home run loss in over 35 plate appearances at McCovey Cove?,Anthony DeSclafani,FAST,544137.8739842481,True,fresh|on|off|sttl_k1_8,1
mixed_age_400,p_q_3c890437_3,Who had the rightful owner of the horse that won the latest Woodbine Oaks?,"Team Valor International, Gary Barber",FAST,127275.06549796,True,fresh|on|off|sttl_k1_8,1
mixed_age_400,p_q_dfefb294_2,Which individual claimed triumph in the latest Macau Grand Prix?,Hitech Pulse-Eight,FAST,571761.6047294603,True,fresh|on|off|sttl_k1_8,1
mixed_age_400,p_q_c5946497_1,"In the category of Best Engineered Album, which engineers were named as winner in the recent Grammy Award wins for classical music?","Shawn Murphy, Charlie Post & Gary Rydstrom ; Michael Rowanowski",FAST,584373.2594615457,True,fresh|on|off|sttl_k1_8,1
mixed_age_400,p_q_5284772a_1,Who wins the Babe Ruth Award recently?,Adolis García,FAST,138539.72273973338,True,fresh|on|off|sttl_k1_8,1
mixed_age_400,p_q_0d1a4b7c_0,"The horse riding the winner of the Portland Handicap, who was it?",Rossa Ryan,FAST,216552.33533478936,True,fresh|on|off|sttl_k1_8,1
mixed_age_400,p_q_6a82c062_1,Who is at the top of the Klein Competition this year?,Emad Zolfaghari,FAST,420165.77734935004,True,fresh|on|off|sttl_k1_8,1
mixed_age_400,p_q_4241a3d3_1,Who is the current holder of the Norm Smith Medal?,Bobby Hill Australian footballer,FAST,413622.7785209341,True,fresh|on|off|sttl_k1_8,1
mixed_age_400,p_q_9ad3d8f7_1,Can you tell me who is recognized as the individual champion in yesterday's NCAA Women'S Division I Cross Country Championship and what were the competitors?,Parker Valby,FAST,218087.5144807518,True,fresh|on|off|sttl_k1_8,1
mixed_age_400,p_q_9d61a241_0,What type of trainer steered the King George V Stakes champion?,William Haggas,FAST,533363.0869790721,True,fresh|on|off|sttl_k1_8,1
mixed_age_400,p_q_bc9026c6_1,Who holds the title of WTA Most Improved Player?,Zheng Qinwen,FAST,402271.51791067,True,fresh|on|off|sttl_k1_8,1
mixed_age_400,p_q_c60b122d_1,Do you know the name of Miss Illinois Teen USA's native city?,Chicago,FAST,107443.322059336,True,fresh|on|off|sttl_k1_8,1
mixed_age_400,p_q_c51c7290_0,"In North America, when will Microsoft start on Patch Tuesday?","Oct 10, 2023",FAST,209540.37783727056,True,fresh|on|off|sttl_k1_8,1
mixed_age_400,p_q_9e4f27be_0,Which author has won Best Book in the National Award for Young People's Literature?,Dan Santat,FAST,426928.2884601506,True,fresh|on|off|sttl_k1_8,1
mixed_age_400,p_q_94cb7c4a_1,Which country hosted the last USA Gymnastics National Championships?,"San Jose, California",FAST,327969.86130638426,True,fresh|on|off|sttl_k1_8,1
mixed_age_400,p_q_091915f0_0,What is the particular horse that won the recent Persian War Novices' Hurdle?,Captain Teague,FAST,444830.8647842788,True,fresh|on|off|sttl_k1_8,1
mixed_age_400,p_q_f7446447_1,Which individual has recently been awarded the RSA Award for Excellence in Mathematics?,Paul Carl Kocher,FAST,469490.6440789141,True,fresh|on|off|sttl_k1_8,1
mixed_age_400,p_q_f46d91c5_1,Which writing talent is receiving the Betty Roland Prize for Script Writing in the New South Wales Premier's Literary Awards at this moment?,Del Kathryn Barton and Huna Amweero,FAST,340502.528121629,True,fresh|on|off|sttl_k1_8,1
mixed_age_400,p_q_ce3247b9_3,Which horse has won the Gran Premio Carlos Pellegrini most recently?,Argentina El Encinal,FAST,453315.8999821435,False,fresh|on|off|sttl_k1_8,1
mixed_age_400,p_q_134739ad_2,Which four-wheeler team members won the title in the most recent Baja 1000 race?,Bryce Menzies Andy McMillin Tavo Vildósola,FAST,468410.87265566847,True,fresh|on|off|sttl_k1_8,1
mixed_age_400,p_q_ccd63b11_3,What is the name of the Miles Franklin Award recipient who was recently awarded?,Shankari Chandran,FAST,550490.6554052583,True,fresh|on|off|sttl_k1_8,1
mixed_age_400,p_q_8af46f37_3,Which individual was the recipient of the Eddie Robinson Award?,Jimmy Rogers,FAST,474002.0091536618,True,fresh|on|off|sttl_k1_8,1
mixed_age_400,p_q_1719b6dd_2,Which director took home the Sonje Award at the latest Busan International Film Festival?,"Jeon Do-hee, Kim So-hee",FAST,484444.94248666835,True,fresh|on|off|sttl_k1_8,1
mixed_age_400,p_q_9a92a9cc_2,What was the specific spot where the latest Japan Women's Open Golf Championship took place?,"Awara Golf Club, Sea Course",FAST,410402.9641817332,True,fresh|on|off|sttl_k1_8,1
mixed_age_400,p_q_5aac65b6_1,What was the recent winning Toronto International Film Festival People's Choice Award movie?,The Holdovers,FAST,512385.645593572,True,fresh|on|off|sttl_k1_8,1
mixed_age_400,p_q_3141e273_1,The winner of the latest Mehl-Mülhens-Rennen was who? Which jockey did it on?,Andrea Atzeni,FAST,326074.714749269,True,fresh|on|off|sttl_k1_8,1
mixed_age_400,p_q_60e402de_3,Which book won the Orbis Pictus Award last year?,Blue: A History of the Color as Deep as the Sea and as Wide as the Sky,FAST,337525.5454665213,True,fresh|on|off|sttl_k1_8,1
mixed_age_400,p_q_28b0bd9f_0,Which film was the winner of the most recent Baeksang Arts Award's Grand Prize?,Decision to Leave Award winner,FAST,434560.48438758875,True,fresh|on|off|sttl_k1_8,1
mixed_age_400,p_q_2f991c6e_1,Which individual has won the European Association for Theoretical Computer Science EATCS Award recently?,Amos Fiat,FAST,97477.54793447454,True,fresh|on|off|sttl_k1_8,1
mixed_age_400,q_f09060c5,When is the next U.S. federal holiday?,Columbus Day,FAST,199911.53183849796,True,fresh|on|off|sttl_k1_8,1
mixed_age_400,q_8e283b0e,What is the title of Julian Sands' latest film?,Double Soul,FAST,126564.87455427976,True,fresh|on|off|sttl_k1_8,1
mixed_age_400,q_5efb60e3,Which university did the latest Outland Trophy recipient play for?,Texas,FAST,58208.026812489705,True,fresh|on|off|sttl_k1_8,1
mixed_age_400,q_4d8a4de4,Which artist(s) performed on the most recent winner of the Grammy Award for Best Historical Album?,Wilco,FAST,245030.27122523822,True,fresh|on|off|sttl_k1_8,1
mixed_age_400,q_5653e571,Where was the World Junior Speed Skating Championships held most recently?,Inzell,FAST,109143.18709851606,True,fresh|on|off|sttl_k1_8,1
mixed_age_400,q_093b18d5,Who owned the winning horse in the latest Takamatsunomiya Kinen?,Koji Yasuhara,FAST,144843.60562099074,True,fresh|on|off|sttl_k1_8,1
mixed_age_400,q_f0345793,What television series is Leo Martinez recently in with a recurring role?,Senior High,FAST,174738.0479184458,False,fresh|on|off|sttl_k1_8,1
mixed_age_400,q_fcc76705,Who is the most recent recipient of the Hannes Alfvén Prize?,Chandrashekhar Janardan Joshi,FAST,91978.47607450266,True,fresh|on|off|sttl_k1_8,1
mixed_age_400,q_6f19be8a,Who is the current recipient of the NABC Player of the Year in NCAA Division II basketball?,RJ Sunahara,FAST,146812.46767461198,True,fresh|on|off|sttl_k1_8,1
mixed_age_400,q_3c890437,Who was the owner of the winning horse in the most recent Woodbine Oaks?,"Team Valor International, Gary Barber",FAST,59622.533025824945,True,fresh|on|off|sttl_k1_8,1
mixed_age_400,q_7fc62b46,Who owned the horse that won the latest Hong Kong Sprint?,"Cheng Ming Leung, Cheng Yu Tung Et Al",FAST,98782.47623887006,False,fresh|on|off|sttl_k1_8,1
mixed_age_400,q_66b78d55,Who hosted the Juno Awards ceremony?,Simu Liu,FAST,196957.2668914138,True,fresh|on|off|sttl_k1_8,1
mixed_age_400,q_a6d31788,Who is the most recent recipient of the Juno Award for Children's Album of the Year?,Walk off the Earth and Romeo Eats,FAST,99739.91032230869,True,fresh|on|off|sttl_k1_8,1
mixed_age_400,q_c997700b,Who is the president of the White House Correspondents' Association?,Kelly O'Donnell,FAST,263339.47592886037,True,fresh|on|off|sttl_k1_8,1
mixed_age_400,p_q_51ad3d0a_0,"Who is the worst looking athlete on Iceland's list, as they come in 3rd place for most of their fans?",Theodór Már Gudmundsson,MEDIUM,306024.82691557374,True,fresh|on|off|sttl_k1_8,1
mixed_age_400,p_q_9e9cc170_3,"Which member of the bar team made it to the last World Championship in Bar billiards, winning only six out of 47?",Trevor Gallienne,MEDIUM,348378.2073235544,True,fresh|on|off|sttl_k1_8,1
mixed_age_400,p_q_41afd862_3,What season did the Los Angeles Angels play?,Oakland Athletics,MEDIUM,357515.89743915555,True,fresh|on|off|sttl_k1_8,1
mixed_age_400,p_q_cfb65856_2,Which one was the winner of superbike world championship in 1999?,Panigale V4 R,MEDIUM,430199.32064438355,True,fresh|on|off|sttl_k1_8,1
mixed_age_400,p_q_6875d955_0,Who emerged as the runner-up in the most recent Olympic Games?,Yuta Iyama,MEDIUM,584445.2308221764,True,fresh|on|off|sttl_k1_8,1
mixed_age_400,p_q_827117d8_2,Who received the most impressive score in the pen during Sunday's United Nations Stakes?,Michael J. Maker,MEDIUM,356014.3386661206,True,fresh|on|off|sttl_k1_8,1
mixed_age_400,p_q_d665e7a3_2,Who won the record of a horse in romp racing over 100m last (mile distance)?,Kota Fujioka,MEDIUM,286333.1481690286,True,fresh|on|off|sttl_k1_8,1
mixed_age_400,p_q_c64ac1d8_3,"Could you identify the Tropical album that is still being sold out but will improve in 2010 or 2011, keeping things in mind?",Todavia Me Amas: Lo Mejor de Aventura,MEDIUM,263653.85727059405,True,fresh|on|off|sttl_k1_8,1
mixed_age_400,p_q_3a9da6a0_3,"In the recent Ryrgyz Premier League season, who was crowned as the final team's opposite player?",Alay Osh,MEDIUM,280449.9927504919,True,fresh|on|off|sttl_k1_8,1
mixed_age_400,p_q_58db0825_0,"Who was the jockey that powered the Swemphalysing Derby horse to home victory in 6: 153 feet, setting a record for fastest time since 1600 last year?",John R. Velazquez,MEDIUM,540047.2992849958,True,fresh|on|off|sttl_k1_8,1
mixed_age_400,p_q_15c4dc42_3,A. Was they last strong at Sierre-Zinal?,Philemon Ombogo Kiriago,MEDIUM,458824.8411361866,True,fresh|on|off|sttl_k1_8,1
mixed_age_400,p_q_0a6fd0c3_1,"At the upcoming Prix Jean-Luc Lagardère, who is usually selected as one of the contenders in retrieving victory?",Sean Levey,MEDIUM,252485.51627358343,True,fresh|on|off|sttl_k1_8,1
mixed_age_400,p_q_54467ccf_3,"Which hitter has earned a spot in the National League with kicking offense at home plate, and what percentage of fans share that knowledge?",Ian Happ,MEDIUM,454409.6480790337,True,fresh|on|off|sttl_k1_8,1
mixed_age_400,p_q_0e39d599_1,"in the most recent TV series you watched), how important was Larry Joe Campbell? When eve all shows are about themes, please include comment form or notes to make participants informed of every prize available: free dictionary entry for two.",Park Ranger,MEDIUM,247532.2187861443,True,fresh|on|off|sttl_k1_8,1
mixed_age_400,p_q_3f8c84fb_1,Host Class 2A Champions/Weir Girls High School Athletic Union Softball team?(we won not agree...),Iowa City Regina,MEDIUM,263301.9664680662,True,fresh|on|off|sttl_k1_8,1
mixed_age_400,p_q_15c687de_0,Which motorbike racer proven to be the competition at Daytona 300?,Austin Hill,MEDIUM,590742.8782267882,True,fresh|on|off|sttl_k1_8,1
mixed_age_400,p_q_2d8fe2cc_3,On whom was the winner of last year’s Prix Robert Papin?,Aurelien Lemaitre,MEDIUM,511629.68486562406,True,fresh|on|off|sttl_k1_8,1
mixed_age_400,p_q_5a80cc0d_2,Who triumphed in the race against their male counterparts for entry into the Walt Disney World Marathon?,Daniel Dos Santos,MEDIUM,107387.01194931056,True,fresh|on|off|sttl_k1_8,1
mixed_age_400,p_q_ac1b24c0_3,"Who holds the title of Press Secretary at present, and can you provide an update on their role?",Nerissa Chesterfield,MEDIUM,219307.20535347334,True,fresh|on|off|sttl_k1_8,1
mixed_age_400,p_q_794f635d_3,Who was responsible for placing the pen to victory in the Gordon Stakes earlier this month?,Tom Marquand,MEDIUM,269707.8616290994,True,fresh|on|off|sttl_k1_8,1
mixed_age_400,p_q_2520c5d9_0,Who made it to the elite team’s list of winners after their victory in last year's European Beach Volleyball Championship with a golden crown?,David Åhman Jonatan Hellvig,MEDIUM,533255.7087699184,True,fresh|on|off|sttl_k1_8,1
mixed_age_400,p_q_0a3d5709_3,Who is presently the leader in terms of wins for National Football League (NFL) Championship?,Loughgall,MEDIUM,217616.32558486098,False,fresh|on|off|sttl_k1_8,1
mixed_age_400,p_q_3e28f963_1,What is the current reading on Tomatometer that allows us to see The Lord of the Rings: The Ring of Power in its entirety?,83%,MEDIUM,588142.213245556,True,fresh|on|off|sttl_k1_8,1
mixed_age_400,p_q_0a6fd0c3_0,What team is currently leading the winner of this year's Prix Jean-Luc Lagardère?,Sean Levey,MEDIUM,465920.5510567238,True,fresh|on|off|sttl_k1_8,1
mixed_age_400,p_q_02fa4ec7_1,Who was most outstanding goalkeeper of Everton F.C. in Ligue 1?,D. McNeil,MEDIUM,60489.755343982906,True,fresh|on|off|sttl_k1_8,1
mixed_age_400,p_q_43f2a8a0_3,Who won the thirteenth game in the Western Conference's history?,Portugal,MEDIUM,572616.3508176097,True,fresh|on|off|sttl_k1_8,1
mixed_age_400,p_q_60131439_3,What was the most recent team to win an ALBA championship?,Burning River Buckets / Indiana Lyons,MEDIUM,578886.064951872,True,fresh|on|off|sttl_k1_8,1
mixed_age_400,p_q_f8c707c8_3,What was the page number for the International Political Science Association World Congress?,Seoul,MEDIUM,361284.4849051412,True,fresh|on|off|sttl_k1_8,1
mixed_age_400,p_q_f49c2f47_3,Which portion of the UEFA Champions League final is actually where my Adidas ball was changed to?,Adidas Finale 22,MEDIUM,347625.5895140199,True,fresh|on|off|sttl_k1_8,1
mixed_age_400,p_q_4ddbae0c_0,Who is currently serving as the Master of a highly professional security certification firm?,Paul Miller,MEDIUM,201312.88927204034,True,fresh|on|off|sttl_k1_8,1
mixed_age_400,p_q_f6645f8f_0,Which male skater achieved the highest gold medal position at the latest Finnish Junior Figure Skating Championship?,Iida Karhunen,MEDIUM,270900.95272012777,True,fresh|on|off|sttl_k1_8,1
mixed_age_400,p_q_801947bd_0,Who took home the top pitch at the Sno*Drift rally they organized recently?,Canada Brandon Semenuk,MEDIUM,578133.5060926356,True,fresh|on|off|sttl_k1_8,1
mixed_age_400,p_q_2a49e766_3,Can you provide me with the current rank of Ping Guoan F.C. manager?,Netherlands Stanley Menzo,MEDIUM,389455.9407475003,True,fresh|on|off|sttl_k1_8,1
mixed_age_400,p_q_b9ad203c_3,What is the specific wine strength of A'bunadh in this newly launched recipe?,60.5%,MEDIUM,229040.16983856767,True,fresh|on|off|sttl_k1_8,1
mixed_age_400,p_q_36c62536_1,Who was the last entity to come out on top and claim gold in Suomi-sarja?,Pyry,MEDIUM,528088.4710552574,True,fresh|on|off|sttl_k1_8,1
mixed_age_400,p_q_71c4d6a7_2,Who is the recent 2017 NABC Player of the Year winner and College Gymnastics All-NBA Division III?,Wheaton,MEDIUM,409726.57784407545,True,fresh|on|off|sttl_k1_8,1
mixed_age_400,p_q_935fff1b_0,Which commercial/steered trainer won the winning Coronation Stakes last night?,Dermot Weld,MEDIUM,474090.810014465,True,fresh|on|off|sttl_k1_8,1
mixed_age_400,p_q_645572d1_1,Which club secured the lower part of its title in the Korvpalli Meistriliiga?,Tartu Ülikool Maks & Moorits,MEDIUM,437312.6765602803,True,fresh|on|off|sttl_k1_8,1
mixed_age_400,p_q_5329f934_3,"On the Brisbane Lions Melbourne Cup, who is recognized as the most outstanding scorer?",Joe Daniher,MEDIUM,344353.258513259,True,fresh|on|off|sttl_k1_8,1
mixed_age_400,p_q_48e27a79_2,Figure Skating Championships: Who won the silver medal (prior to this event) in Pairs with 3 Gold Medalist awards?,Rebecca Ghilardi / Filippo Ambrosini,MEDIUM,330361.1598405463,True,fresh|on|off|sttl_k1_8,1
mixed_age_400,p_q_8853a8be_2,Lakota: Who was the Last team to win this years Ranji Trophy?,Bengal,MEDIUM,269444.71223650035,True,fresh|on|off|sttl_k1_8,1
mixed_age_400,p_q_8ac2e944_2,When did the youngest lottery winner of this particular NBA draft become the first pick in rankings?,14.0014.00%,MEDIUM,316652.47305800853,True,fresh|on|off|sttl_k1_8,1
mixed_age_400,p_q_b220eed5_0,Who claimed the top position in yesterday's HighPoint.com 400?,Denny Hamlin,MEDIUM,407919.33126172813,True,fresh|on|off|sttl_k1_8,1
mixed_age_400,p_q_14607683_0,Who trained the successful stallion in the latest Norfolk Stakes (Great Britain)?,Adrian Murray,MEDIUM,299469.6154252968,True,fresh|on|off|sttl_k1_8,1
mixed_age_400,p_q_67c87177_1,"Before anyone else, what is the name of the individual who received the Ron McAuliffe Medal?",Reuben Cotter,MEDIUM,155034.8749958743,True,fresh|on|off|sttl_k1_8,1
mixed_age_400,p_q_16f7110e_1,What team came in second place to contest the KNVB Women's Cup?,PSV,MEDIUM,268432.8989147379,True,fresh|on|off|sttl_k1_8,1
mixed_age_400,p_q_c52c10db_1,Who steered the victorious horse in this year's Tenno Sho Spring during Jockey?,Christophe Lemaire,MEDIUM,327588.233582052,False,fresh|on|off|sttl_k1_8,1
mixed_age_400,p_q_c973e5b1_0,Who has given the FWA Tribute Award after its previous presentation?,Yaya Touré,MEDIUM,535678.4989663966,True,fresh|on|off|sttl_k1_8,1
mixed_age_400,p_q_6a754bab_0,I'm curious to know the identity of who is heading the Institute of Physics and Engineering in Medicine.,Dr Robert Farley,MEDIUM,411690.4284127001,True,fresh|on|off|sttl_k1_8,1
mixed_age_400,p_q_9aa8fdeb_0,What is the character explained by John Carroll Lynch in his recent TV series?,John N. Mitchell,MEDIUM,266512.10675700626,False,fresh|on|off|sttl_k1_8,1
mixed_age_400,p_q_b32eed02_0,Who provided the training for the horse that just won the Prix der Diana competition?,Henk Grewe,MEDIUM,343439.5140484664,True,fresh|on|off|sttl_k1_8,1
mixed_age_400,p_q_9e9cc170_2,Who was declared the winner of the most recent Bar billiards World Championship?,Trevor Gallienne,MEDIUM,550160.497913378,True,fresh|on|off|sttl_k1_8,1
mixed_age_400,p_q_90bb4e98_0,Who is condense director at TG1?,Gian Marco Chiocci,MEDIUM,296665.8677842039,True,fresh|on|off|sttl_k1_8,1
mixed_age_400,p_q_4dfb357f_0,What was the highest bid in the Price Cutter Charity Championship's previous occasion?,263,MEDIUM,455839.579272296,False,fresh|on|off|sttl_k1_8,1
mixed_age_400,p_q_85ab1b76_1,Who tipped the finishing horse in the latest Prix Ganay?,Jean-Pierre Gauvin,MEDIUM,564042.2532819612,True,fresh|on|off|sttl_k1_8,1
mixed_age_400,p_q_0899721b_0,Who a the regent of University of California?,Marlenee Blas Pedral,MEDIUM,582548.257956044,True,fresh|on|off|sttl_k1_8,1
mixed_age_400,p_q_86e95f29_0,In what location did the recent awards ceremony at the Metro Manila Film Festival occur?,New Frontier Theater,MEDIUM,432346.76167495135,True,fresh|on|off|sttl_k1_8,1
mixed_age_400,p_q_14607683_1,Which jockey trained the winner of this year's Norfolk Stakes (Great Britain)?,Adrian Murray,MEDIUM,576842.2583997509,True,fresh|on|off|sttl_k1_8,1
mixed_age_400,p_q_9b44b067_0,Can you tell me the name of the football coach who serves as Thailand's national team leader?,Alexandré Pölking,MEDIUM,138146.09668830325,False,fresh|on|off|sttl_k1_8,1
mixed_age_400,p_q_67c87177_3,Which person was awarded the Ron McAuliffe Medal?,Reuben Cotter,MEDIUM,574530.7989612096,True,fresh|on|off|sttl_k1_8,1
mixed_age_400,p_q_c66aa371_2,What car was recognized as the most advanced in Japan?,BMW iX  Nissan X-Trail  Honda Civic e:HEV/Type R  Nissan Sakura/Mitsubishi eK X EV,MEDIUM,168753.0923709053,True,fresh|on|off|sttl_k1_8,1
mixed_age_400,p_q_0c61ace3_3,What individual was declared the winner of the Giant Slalom Men's World Cup?,Marco Odermatt,MEDIUM,490193.4779826022,True,fresh|on|off|sttl_k1_8,1
mixed_age_400,p_q_c2bcbdff_2,Who was the triumphant record-stealing participant in the most recent IndyCar race held at Texas Motor Speedway?,Josef Newgarden,MEDIUM,307048.70384108875,True,fresh|on|off|sttl_k1_8,1
mixed_age_400,p_q_75e28045_2,"Who was declared the winner of the Design/Build/Fly competition, specifically from a university?",RWTH Aachen University,MEDIUM,307086.6378829153,True,fresh|on|off|sttl_k1_8,1
mixed_age_400,p_q_8e1c3bc4_1,National Hockey League: Who is now rookie of the year who lifted the Calder Memorial Trophy?,Matty Beniers,MEDIUM,512376.73459017,True,fresh|on|off|sttl_k1_8,1
mixed_age_400,p_q_bac0fe01_3,"Who, if any, is at the top spot in this year's All-Ireland Junior Ladies' Football Championship?",Down,MEDIUM,440729.8699563992,True,fresh|on|off|sttl_k1_8,1
mixed_age_400,p_q_fbc7a20d_2,Who was the champion of women's figure skating at the latest Swiss Figure Skating Championships?,Livia Kaiser,MEDIUM,341404.9023601046,True,fresh|on|off|sttl_k1_8,1
mixed_age_400,p_q_02895ac6_0,Who trained the horse involved in last Saturday's Galway Hurdle?,Willie Mullins,MEDIUM,443060.13306060026,True,fresh|on|off|sttl_k1_8,1
mixed_age_400,p_q_1fe5242d_3,Which jockey rode out the winner horse in recent Hong Kong Sprint?,Zac Purton,MEDIUM,557897.5723727024,True,fresh|on|off|sttl_k1_8,1
mixed_age_400,p_q_47ba6dcb_1,Do you know the current shirt sponsor of Hapoel Haifa F.C.?,Leos,MEDIUM,370550.87848561397,False,fresh|on|off|sttl_k1_8,1
mixed_age_400,p_q_99dcb85c_0,Who was the team that took home the latest Wayne County Athletic League boys football championship title?,"Dalton, Northwestern",MEDIUM,540583.2013086472,True,fresh|on|off|sttl_k1_8,1
mixed_age_400,p_q_3b332e4e_2,Who are the reigning champions in doubles competition at Luge World Cup Men?,Germany Tobias Wendl  Tobias Arlt,MEDIUM,491874.44366951386,True,fresh|on|off|sttl_k1_8,1
mixed_age_400,p_q_c354442b_1,Who is presently serving as the Foreign Affairs Minister of Madagascar?,Léon Rakotonirina  Acting Minister,MEDIUM,331119.7489203253,True,fresh|on|off|sttl_k1_8,1
mixed_age_400,p_q_33ca27e1_2,Who was the jockey that steered his horse to win the Musidora Stakes?,Frankie Dettori,MEDIUM,305565.0206461548,True,fresh|on|off|sttl_k1_8,1
mixed_age_400,p_q_9b57150e_1,Where was the last Opening Day game for the Seattle Mariners?,T-Mobile Park,MEDIUM,332840.9607072424,True,fresh|on|off|sttl_k1_8,1
mixed_age_400,p_q_df05880a_1,Who claimed the third spot in the newest Bulgarian Basketball Cup tournament?,Chernomorets and Balkan Botevgrad,MEDIUM,486306.63349893346,True,fresh|on|off|sttl_k1_8,1
mixed_age_400,p_q_33f8046d_2,Who holds the Individual Speedway World Championship title at present?,Bartosz Zmarzlik,MEDIUM,517814.38663468615,True,fresh|on|off|sttl_k1_8,1
mixed_age_400,p_q_fddc380c_2,What is the current club affiliation of the Grogan Medal winner?,Broadbeach,MEDIUM,127219.0587154959,True,fresh|on|off|sttl_k1_8,1
mixed_age_400,p_q_f54d3aa2_1,Who is the appointed head coach of Galatasaray S.K. men's basketball team?,Greece Andreas Pistiolis,MEDIUM,508690.1514537191,True,fresh|on|off|sttl_k1_8,1
mixed_age_400,p_q_75e28045_3,What university was the winner of the Design/Build/Fly competition?,RWTH Aachen University,MEDIUM,391777.123876708,True,fresh|on|off|sttl_k1_8,1
mixed_age_400,p_q_b9a75c82_1,Which team triumphed in the Men's England Hockey League?,Old Georgians,MEDIUM,463137.6271938727,True,fresh|on|off|sttl_k1_8,1
mixed_age_400,p_q_39cd95a7_1,In what location is NeurIPS scheduled to take place this year?,New Orleans,MEDIUM,512083.6239133108,True,fresh|on|off|sttl_k1_8,1
mixed_age_400,p_q_78251db1_0,What is the identity of the football stadium where the Azerbaijan Cup Final game takes place?,3 June 2023   Baku – Bakcell Arena,MEDIUM,581021.3710225073,True,fresh|on|off|sttl_k1_8,1
mixed_age_400,p_q_5431673a_3,What was the venue of the finals for the Rugby Europe Under-18 Championship?,Prague,MEDIUM,312869.05490901717,True,fresh|on|off|sttl_k1_8,1
mixed_age_400,q_dbb1cb5d,Who is the leading goalkicker for Fremantle Football Club?,Jye Amiss,MEDIUM,128964.89161070438,True,fresh|on|off|sttl_k1_8,1
mixed_age_400,q_39c51b6d,What team finished eleventh in the Western Conference most recently?,DAL,MEDIUM,95142.66813242766,True,fresh|on|off|sttl_k1_8,1
mixed_age_400,q_394f249c,From which club is the leading goalscorer in the latest season of the Armenian Premier League?,"Luka Juričić, Yusuf Otubanjo",MEDIUM,168861.163336135,True,fresh|on|off|sttl_k1_8,1
mixed_age_400,q_8b7e079f,Where was the last Women's PGA Championship held?,Baltusrol Golf Club,MEDIUM,57069.22297886232,True,fresh|on|off|sttl_k1_8,1
mixed_age_400,q_493b174b,What is the most recent Walt Disney Animation Studios's animated film?,Strange World,MEDIUM,294602.66662933154,True,fresh|on|off|sttl_k1_8,1
mixed_age_400,q_c8d65331,From which hometown is the current Miss Kentucky USA?,Lexington,MEDIUM,278784.47071183793,True,fresh|on|off|sttl_k1_8,1
mixed_age_400,q_cb349d3b,In how many episodes does Chris Bauer appear in his most recent television role?,Main role,MEDIUM,130970.76567320713,True,fresh|on|off|sttl_k1_8,1
mixed_age_400,q_4a625c6c,Which team does the current Les Cunningham Award winner play for?,Calgary Wranglers,MEDIUM,167312.91136475428,True,fresh|on|off|sttl_k1_8,1
mixed_age_400,q_abacb5ad,Who is the winner of the Top Fuel category at the most recent Gatornationals?,Mike Salinas,MEDIUM,282943.85976265627,True,fresh|on|off|sttl_k1_8,1
mixed_age_400,q_c1c6c0b6,Who was the trainer of the winning horse in the most recent Tenno Sho Autumn?,Tetsuya Kimura,MEDIUM,20385.870959033855,True,fresh|on|off|sttl_k1_8,1
mixed_age_400,q_8463aab3,Who hosted the pregame show for the most recent televised Super Bowl?,Curt Menefee,MEDIUM,88649.23096290848,True,fresh|on|off|sttl_k1_8,1
mixed_age_400,q_9c334cd8,Who is the current LBA Most Valuable Player?,Colbey Ross,MEDIUM,47195.35871104405,True,fresh|on|off|sttl_k1_8,1
mixed_age_400,q_268237ac,Who was the jockey riding the winning horse in the latest Tenno Sho Autumn?,Christophe Lemaire,MEDIUM,168083.1382213864,True,fresh|on|off|sttl_k1_8,1
mixed_age_400,q_3863ccbb,What team won the Little 500 race?,Cutters,MEDIUM,293425.2905372936,True,fresh|on|off|sttl_k1_8,1
mixed_age_400,p_q_40d3878e_3,Who got rid of the lag in our series Veikkausliiga?,HJK,SLOW,558559.0276411073,True,fresh|on|off|sttl_k1_8,1
mixed_age_400,p_q_d78d0eec_3,What is the location of Virginia's primary congressional district in comparison to other regions?,Rob Wittman,SLOW,370356.2655795093,True,fresh|on|off|sttl_k1_8,1
mixed_age_400,p_q_c06f1aba_3,Is Mark Alvarado the current person on team leader for Cleveland Browns radio?,Je'Rod Cherry,SLOW,475892.5326077704,True,fresh|on|off|sttl_k1_8,1
mixed_age_400,p_q_9bf08ec9_1,The Ring magazine believes that the heavyweight champion currently at last minute is Kevin Durbin.,Oleksandr Usyk,SLOW,203508.90718301645,False,fresh|on|off|sttl_k1_8,1
mixed_age_400,p_q_807cdee5_0,Where could playing/sodding happen if I wanted to start with Cambridge City F.C. at the Oval?,"Bridge Road, Histon",SLOW,307327.5681257213,True,fresh|on|off|sttl_k1_8,1
mixed_age_400,p_q_2b61b711_2,Who won Trondi Kogna renos loggior season?,Rytas,SLOW,455528.6234066285,True,fresh|on|off|sttl_k1_8,1
mixed_age_400,p_q_8dc147d0_2,When was the Nobel Prize for literature born in Greece?,Norway,SLOW,502175.6068236875,True,fresh|on|off|sttl_k1_8,1
mixed_age_400,p_q_874ffcdd_0,Who is the individual behind Ben Hebert's skilful procedure?,Brendan Bottcher,SLOW,574693.9076901402,True,fresh|on|off|sttl_k1_8,1
mixed_age_400,p_q_c914875b_3,Who was the loser in terms of results-adjusted 2p matches to troisième place (Belarusian Premier League) this season?,Torpedo-BelAZ Zhodino,SLOW,392576.44691627484,True,fresh|on|off|sttl_k1_8,1
mixed_age_400,p_q_9a3d3ff9_2,Which staff member is awarded the highest rank in the program?,Outfielder,SLOW,574365.104664602,True,fresh|on|off|sttl_k1_8,1
mixed_age_400,p_q_cc0d02ca_1,Could you disclose circumstances that prefigured the most dominant phenomenon on Earth at Kessler syndrome and an important observation satellite speed?,In service,SLOW,279975.29576375626,True,fresh|on|off|sttl_k1_8,1
mixed_age_400,p_q_f61856a1_0,Fsv wickau?,3. Liga,SLOW,141061.95017396138,True,fresh|on|off|sttl_k1_8,1
mixed_age_400,p_q_2c3456d3_3,Who also sails the first flag for Colin Hufman on her curling outboard?,John Shuster,SLOW,56074.53627699734,True,fresh|on|off|sttl_k1_8,1
mixed_age_400,p_q_b37330f1_0,Who led the New York Mets into a dangerous end?,Buck Showalter,SLOW,384478.82159235544,True,fresh|on|off|sttl_k1_8,1
mixed_age_400,p_q_d529bed8_1,Could you enlighten me on the individual who reigns over the Saeima in its presidency?,Edvards Smiltēns,SLOW,339326.2091784906,True,fresh|on|off|sttl_k1_8,1
mixed_age_400,p_q_7ed2a6d6_1,Is there a nominee available for the position of chair at the Russell Group?,Manchester,SLOW,423758.71203806513,True,fresh|on|off|sttl_k1_8,1
mixed_age_400,p_q_68d60970_2,What was Kisei champion at the last Go meeting?,Ichiriki Ryo,SLOW,588451.8983150546,True,fresh|on|off|sttl_k1_8,1
mixed_age_400,p_q_17f33f25_1,"Among all different types of English languages, which one has the highest number of speakers? That is a third-world language.",Hindi,SLOW,346860.65585324954,True,fresh|on|off|sttl_k1_8,1
mixed_age_400,p_q_1c20f8ba_0,What language is employed to receptive the slogan of an Minnesota specialty license plate?,Share The Road,SLOW,510685.86876293767,True,fresh|on|off|sttl_k1_8,1
mixed_age_400,p_q_96dff6da_0,Which day and month represented the lowest value for Bitcoin?,November 2021,SLOW,227617.37852165493,True,fresh|on|off|sttl_k1_8,1
mixed_age_400,p_q_887b8e3c_0,Who was the unanimous choice over every other player for the NBA All-Star qualifier?,LeBron James,SLOW,570686.4289898989,True,fresh|on|off|sttl_k1_8,1
mixed_age_400,p_q_4209c718_2,"Who represent in s.cr (9th pace) U.S U-house represents 4rd district, South Carolina?",William Timmons,SLOW,486964.2082881377,True,fresh|on|off|sttl_k1_8,1
mixed_age_400,p_q_d02a1da9_0,Which candidate ran for President in California?,Biden/ Harris  Y,SLOW,539229.667219357,True,fresh|on|off|sttl_k1_8,1
mixed_age_400,p_q_3c4c45fe_1,Who's got the captain’s share of an I'm conducting west indies ODI final?,Shai Hope,SLOW,398864.5273405726,True,fresh|on|off|sttl_k1_8,1
mixed_age_400,p_q_79daac81_3,"Could you provide the count of air, land and ground flights achieved by our Space Launch System?",1,SLOW,528287.7143638647,False,fresh|on|off|sttl_k1_8,1
mixed_age_400,p_q_1b42ed48_2,The current organizing force of the promotion was held at the Tokyo Dome for professional wrestling; name it and location.,NOAH,SLOW,408043.38994340156,True,fresh|on|off|sttl_k1_8,1
mixed_age_400,p_q_18f5cfa8_0,"I am curious to know the pick for the electoral seat in Pittwater, what is your knowledge on this election?",Rob Stokes,SLOW,89337.89417704172,True,fresh|on|off|sttl_k1_8,1
mixed_age_400,p_q_83607c5d_1,What Was Jenson Button's Last Rally TV Series?,NASCAR Cup Series,SLOW,260675.1290888546,True,fresh|on|off|sttl_k1_8,1
mixed_age_400,p_q_c06a0019_3,What is the detailed title of the Member for Peace River in this position?,Dan Williams,SLOW,496371.0633048307,True,fresh|on|off|sttl_k1_8,1
mixed_age_400,p_q_a6c1b4ce_2,Which individual exists between Glenn Howard and the third member of his curling family?,Scott Howard,SLOW,340820.4045705381,True,fresh|on|off|sttl_k1_8,1
mixed_age_400,p_q_6a7dc28e_2,"Among all the Kannada movies, which one holds it's biggest customer base?",Kantara,SLOW,469093.31039785966,True,fresh|on|off|sttl_k1_8,1
mixed_age_400,p_q_d0a5e0b6_2,Who holds the position of Senator for Keewatinook?,Ian Bushie,SLOW,376950.3896732198,True,fresh|on|off|sttl_k1_8,1
mixed_age_400,p_q_8fb47752_1,Which city represented by the speaker of house in real life is the u.s?,"Gastonia, North Carolina",SLOW,293875.0195433409,True,fresh|on|off|sttl_k1_8,1
mixed_age_400,p_q_84e159d5_0,What is the title of squad chairman at Autzen Stadium?,Dan Lanning,SLOW,175664.57768697524,False,fresh|on|off|sttl_k1_8,1
mixed_age_400,p_q_4bc25294_0,Who is second on Colin Hufman now at curling?,Chris Plys,SLOW,285724.677435881,True,fresh|on|off|sttl_k1_8,1
mixed_age_400,p_q_196f0aca_2,What year was the previous president of Stoke City F.C.?,December 2023,SLOW,317883.6337730304,True,fresh|on|off|sttl_k1_8,1
mixed_age_400,p_q_ba4e488d_3,Could you explain the process of electing the new governor for Indiana's 9th congressional district?,Elected in 2016. Re-elected in 2018. Re-elected in 2020. Retired.,SLOW,349341.5823689995,True,fresh|on|off|sttl_k1_8,1
mixed_age_400,p_q_d62648af_0,Could you point us in the direction of supplementary information regarding the recent passing out of an American journalist in Bangladesh?,IFJ,SLOW,310005.2000089504,True,fresh|on|off|sttl_k1_8,1
mixed_age_400,p_q_091c3460_2,What team was likely to finish as the runner-up in the Georgian Superliga?,BC Rustavi,SLOW,179331.5645209775,False,fresh|on|off|sttl_k1_8,1
mixed_age_400,p_q_e192f364_1,"Among the aforementioned individuals, who is considered the person most of fart in this cosplay made by Joker, nonetheless in his jail cell at Atlanta's United States Penitentiary?","Alan Li, MD",SLOW,361884.5996995656,True,fresh|on|off|sttl_k1_8,1
mixed_age_400,p_q_bb9e40d6_0,Which squad is known for their speed in the Aruban Division di Honor?,RCA,SLOW,374249.96541511326,True,fresh|on|off|sttl_k1_8,1
mixed_age_400,p_q_6f1acb10_3,What is the league leader's selection criteria in the Western Conference playoffs?,Lost first round,SLOW,327056.9137501032,True,fresh|on|off|sttl_k1_8,1
mixed_age_400,p_q_53b66262_0,To which location does Tesla devote their offices?,"Austin, TX",SLOW,380511.2197673936,True,fresh|on|off|sttl_k1_8,1
mixed_age_400,p_q_a21594ce_0,Which player has the highest rank on Colin Hufman's team (curling)?,John Landsteiner,SLOW,280194.5556262115,True,fresh|on|off|sttl_k1_8,1
mixed_age_400,p_q_e5fcdad4_1,Who finally manufactures the outfit for Dundee United F.C.?,Macron,SLOW,417265.6568441634,True,fresh|on|off|sttl_k1_8,1
mixed_age_400,p_q_594b8e7a_3,Where was last year's Brisbane Broncos (North qbi) Cowboys rugby game played at?,Queensland Country Bank Stadium,SLOW,331859.38404898305,True,fresh|on|off|sttl_k1_8,1
mixed_age_400,p_q_7946d4f3_0,Who is the consultant behind Stern Pinball's new product line?,Brian Eddy,SLOW,550821.0771952259,True,fresh|on|off|sttl_k1_8,1
mixed_age_400,p_q_8ec920df_1,Who has secured the third spot in the American League West among fans?,Seattle,SLOW,157345.39777860962,True,fresh|on|off|sttl_k1_8,1
mixed_age_400,p_q_83607c5d_3,What is the date of last appearing Jenson Button in a series?,NASCAR Cup Series,SLOW,291812.6890162557,True,fresh|on|off|sttl_k1_8,1
mixed_age_400,p_q_51b242c2_3,Nottinghamshire Cricket Board Premier League: Which team won?,Cuckney,SLOW,478205.42025623214,True,fresh|on|off|sttl_k1_8,1
mixed_age_400,p_q_624c6c50_2,What male singer was the recipient of this years Country Music Association Award?,Chris Stapleton,SLOW,543086.0181500004,True,fresh|on|off|sttl_k1_8,1
mixed_age_400,p_q_99c9cb7f_2,Who was the instructor that steered last year's Christmas Hurdle ribbon?,Nicky Henderson,SLOW,216926.4306138014,True,fresh|on|off|sttl_k1_8,1
mixed_age_400,p_q_486683c8_3,"Today, what cities are parts of the 10th congressional district in California?",2013–2023 300px Central Valley including Modesto and Tracy,SLOW,305773.31982310856,True,fresh|on|off|sttl_k1_8,1
mixed_age_400,p_q_f331a4d9_1,What is the current size of California's 12th congressional district?,2023–present 300px northwestern portion of Alameda County,SLOW,332516.20908109576,True,fresh|on|off|sttl_k1_8,1
mixed_age_400,p_q_27293a94_1,Do you know the name of the president who is running Nigeria?,Bola Tinubu,SLOW,446586.63889438455,True,fresh|on|off|sttl_k1_8,1
mixed_age_400,p_q_e9a277e7_0,What is the location of Mrs. New Mexico's current hometown?,Las Cruces,SLOW,129283.26010913064,True,fresh|on|off|sttl_k1_8,1
mixed_age_400,p_q_94939cea_0,What was the site of last minute matches in Macedonian Football Cup?,"Petar Miloševski Training Centre, Skopje",SLOW,316561.30501207855,True,fresh|on|off|sttl_k1_8,1
mixed_age_400,p_q_3ac69f62_0,Who currently holds the seat in Assembly of Pelabuhan Klang?,Azmizam Zaman Huri,SLOW,225257.84815374116,True,fresh|on|off|sttl_k1_8,1
mixed_age_400,p_q_70ab2a41_3,Can you tell me the name of the women's champion in Italy during the National Time Trial Championships?,Elisa Longo Borghini,SLOW,462991.83303817426,True,fresh|on|off|sttl_k1_8,1
mixed_age_400,p_q_1ed44863_1,Which individual holds the 4th congressional district in Louisiana?,Mike Johnson,SLOW,308706.74234301026,True,fresh|on|off|sttl_k1_8,1
mixed_age_400,p_q_97b198d0_3,At which sporting event is Gloucester Rugby scheduled to compete in the European Cup?,Champions Cup,SLOW,438063.14367921604,True,fresh|on|off|sttl_k1_8,1
mixed_age_400,p_q_c26ddee2_1,What is the present position of the Michigan Wolverines baseball player?,Second Baseman,SLOW,583894.8726820375,False,fresh|on|off|sttl_k1_8,1
mixed_age_400,p_q_baf11e36_1,The same party who currently appoints the second deputy speaker of Finland's Parliament?,Finns Party,SLOW,263999.5871264739,True,fresh|on|off|sttl_k1_8,1
mixed_age_400,p_q_19e1347b_1,Where did the last Los Angeles Angels Opening Day game take place?,RingCentral Coliseum,SLOW,278557.6669398998,True,fresh|on|off|sttl_k1_8,1
mixed_age_400,p_q_18279081_1,Can you provide information about the speaker of the Alaska House of Representatives?,Louise Stutes,SLOW,553130.3201558955,True,fresh|on|off|sttl_k1_8,1
mixed_age_400,p_q_79daac81_2,How many launches have been made by the Space Launch System?,1,SLOW,302689.5948951503,False,fresh|on|off|sttl_k1_8,1
mixed_age_400,p_q_9654e28e_3,What was the case scenario for the BBL Championship PlayOff final in which city?,London,SLOW,597010.2390787746,True,fresh|on|off|sttl_k1_8,1
mixed_age_400,p_q_82fe96e1_2,"As far as an African team is concerned, which squad had the best finish in a global FIFA World Cup?",fourth-place,SLOW,592814.5941018183,True,fresh|on|off|sttl_k1_8,1
mixed_age_400,p_q_aa6288cd_3,Which organisations are furnishing the kits for Bristol City F.C. today?,Hummel,SLOW,403541.045149895,True,fresh|on|off|sttl_k1_8,1
mixed_age_400,p_q_57bc7dc8_2,What is the title held by which motorcycle to win the Baja 500?,KTM,SLOW,561828.5976514297,True,fresh|on|off|sttl_k1_8,1
mixed_age_400,p_q_ff4e04a5_0,At which conference does the Penn Quakers men's ice hockey team take part?,CSCHC,SLOW,324074.6736965835,True,fresh|on|off|sttl_k1_8,1
mixed_age_400,p_q_e811a942_0,"The current producer of kits for St Helens R.F.C. is known, who?",O'Neills,SLOW,356307.3749744673,True,fresh|on|off|sttl_k1_8,1
mixed_age_400,p_q_13dd3bf9_1,What individual is the current British triple jump winner for men?,Efe Uwaifo,SLOW,284295.05304429296,True,fresh|on|off|sttl_k1_8,1
mixed_age_400,p_q_f1176491_2,Who has become the Legislative Assembly member for the Subang Jaya constituency?,Michelle Ng Mei Sze,SLOW,509972.6228418898,True,fresh|on|off|sttl_k1_8,1
mixed_age_400,p_q_9679dc80_2,"In the Ministry of Medical Education (Maharashtra), who is serving as the minister in cabinet?",75px  Girish Mahajan,SLOW,279407.2233618484,True,fresh|on|off|sttl_k1_8,1
mixed_age_400,p_q_3f541a35_3,Which university is putting on the current UAAP season?,Adamson University,SLOW,363383.65428042726,True,fresh|on|off|sttl_k1_8,1
mixed_age_400,p_q_9edf5bd2_1,Who officially serves as the Treasurer of the Commonwealth of Pennsylvania?,Stacy Garrity,SLOW,388309.5946715076,True,fresh|on|off|sttl_k1_8,1
mixed_age_400,p_q_88f50274_0,Which team is currently in 4th place at the American League Central level?,Chicago White Sox,SLOW,595703.7939202203,True,fresh|on|off|sttl_k1_8,1
mixed_age_400,p_q_a84da252_0,What event was last won in the Formula One World Championship at Silverstone?,ARAMCO British Grand Prix,SLOW,330235.4483235332,True,fresh|on|off|sttl_k1_8,1
mixed_age_400,p_q_3ee7411d_0,Who is the bench coach for the St. Louis Cardinals?,Joe McEwing,SLOW,499917.92225617333,True,fresh|on|off|sttl_k1_8,1
mixed_age_400,p_q_9713cc4c_3,In which football club does Lewandowski currently serve as a player?,Barcelona,SLOW,423639.0772827667,True,fresh|on|off|sttl_k1_8,1
mixed_age_400,p_q_b37330f1_1,The manager of the New York Mets is who?,Buck Showalter,SLOW,239427.9340990848,True,fresh|on|off|sttl_k1_8,1
mixed_age_400,p_q_226ccc1f_3,What is the newest song released by Soulfly?,*Totem,SLOW,286204.6821959528,True,fresh|on|off|sttl_k1_8,1
mixed_age_400,p_q_3c3ee393_2,Who is currently serving in the Legislative Assembly of Lesser Slave Lake?,Pat Rehn,SLOW,572366.718735917,True,fresh|on|off|sttl_k1_8,1
mixed_age_400,q_ac7fde07,Who is the current IBF world welterweight champion?,Errol Spence Jr.,SLOW,192938.67594543536,True,fresh|on|off|sttl_k1_8,1
mixed_age_400,q_53e77e63,How many games are there in the Ace Attorney main series?,6,SLOW,229748.32665208195,True,fresh|on|off|sttl_k1_8,1
mixed_age_400,q_13a1eaa3,Who is the current head coach of the Denver Nuggets?,Michael Malone,SLOW,178298.86450916654,True,fresh|on|off|sttl_k1_8,1
mixed_age_400,q_2d965d45,Who is the current president of the Richmond Football Club?,Brendon Gale,SLOW,200938.51388945617,True,fresh|on|off|sttl_k1_8,1
mixed_age_400,q_0c7e44a5,Who is the current senator representing the Lagos West Senatorial District?,Oluranti Adebule,SLOW,198833.49521296547,True,fresh|on|off|sttl_k1_8,1
mixed_age_400,q_16bfd035,Where was the final of the latest Derry Senior Football Championship held?,Celtic Park,SLOW,118256.95734506114,True,fresh|on|off|sttl_k1_8,1
mixed_age_400,q_498e07da,Who currently represents New York's 22nd congressional district?,100px Brandon Williams,SLOW,7180.822369733741,True,fresh|on|off|sttl_k1_8,1
mixed_age_400,q_f3175126,Who is the current shirt sponsor of Derby County F.C.?,NSPCC,SLOW,129119.48459153557,True,fresh|on|off|sttl_k1_8,1
mixed_age_400,q_56ebbb98,How many podium finishes has Nicolas Lapierre had this season?,5,SLOW,76566.06899934175,True,fresh|on|off|sttl_k1_8,1
mixed_age_400,q_92dda9c3,Who is serving as the mayor of Denver?,Michael Hancock Michael Hancock,SLOW,247174.47311052628,False,fresh|on|off|sttl_k1_8,1
mixed_age_400,q_02dd7c17,Who is the current representative of California's 31st congressional district?,100px Pete Aguilar,SLOW,13249.999803513878,True,fresh|on|off|sttl_k1_8,1
mixed_age_400,q_3df9aae8,Who is the current delegate representing Guam's at-large congressional district?,100px Michael San Nicolas,SLOW,28402.657825637325,True,fresh|on|off|sttl_k1_8,1
mixed_age_400,q_376b8a53,Who is the highest-paid NBA player currently?,Stephen Curry,SLOW,126423.42130298767,True,fresh|on|off|sttl_k1_8,1
mixed_age_400,q_56ee58f4,Who is the reigning champion of the C division for the Montana High School Association Cross Country State Championships?,Roberts,SLOW,205737.19691750465,True,fresh|on|off|sttl_k1_8,1
mixed_age_400,p_q_acfe9269_0,What are the odds of getting dormant sleep?,Sleep,TIMELESS,357251.6454806606,True,fresh|on|off|sttl_k1_8,1
mixed_age_400,p_q_0c3fca22_0,Which ip sees the estimates of average wages on New York Stock Exchange?,Dow Jones,TIMELESS,585526.7224760214,True,fresh|on|off|sttl_k1_8,1
mixed_age_400,p_q_49493ec6_0,How is resistance measured in the standard instrument?,Ohm,TIMELESS,523711.40861378517,True,fresh|on|off|sttl_k1_8,1
mixed_age_400,p_q_ae57c718_2,"What is the name of sybil whom you was inspired to pen both ‘The Flying Dutchman’ and, others are called simply 'Parsifal?‘ They respectively employ jazz singer Fionca Richie on trumpet, but were writing solo parts?",RICHARD WAGNER,TIMELESS,552700.7335024925,True,fresh|on|off|sttl_k1_8,1
mixed_age_400,p_q_b38e651d_0,I notice there's this generic air mattress which doubles as a two worded word mark for the system being advertised. Which of it is actually actualy Air quality?,Lilo,TIMELESS,467634.6780423338,True,fresh|on|off|sttl_k1_8,1
mixed_age_400,p_q_18c91502_2,"What a counterpart to """"sour cursory skills'?""",Crotchety,TIMELESS,506080.1056349479,True,fresh|on|off|sttl_k1_8,1
mixed_age_400,p_q_a05e5c8b_2,"Which kinds of creatures can be found in the wild, dormant or eumorphic state?",Volcanoes,TIMELESS,260024.37825216423,True,fresh|on|off|sttl_k1_8,1
mixed_age_400,p_q_86cb82cf_1,What was the alternative combat mission that had conflicting claims in other Korean conflicts like the War of Jenkins Ear?,War of Austrian Succession,TIMELESS,314015.20569258154,True,fresh|on|off|sttl_k1_8,1
mixed_age_400,p_q_50e17bb5_0,"Who was the candidate behind Lee Marvin's 1980 smash hit called 'Wanderin' Star' which was shortly succeeded by FIBO-SI, Later World War?",CLINT EASTWOOD,TIMELESS,491782.7302299858,True,fresh|on|off|sttl_k1_8,1
mixed_age_400,p_q_93aa5399_1,From whom does the series Contes de ma mere l'Oye 'Reinventor' de Nancy Patrick Shipley publish?,CHARLES PERRAULT,TIMELESS,339262.1623702564,True,fresh|on|off|sttl_k1_8,1
mixed_age_400,p_q_f1839167_1,Who penned the literary works of 'She' and a famous poem named recitations for gold?,H Rider Haggard,TIMELESS,379958.77128642646,False,fresh|on|off|sttl_k1_8,1
mixed_age_400,p_q_caf45aad_2,What is the refrigerated capacity of a pint of beer in US dollars?,Nine,TIMELESS,385156.05392327765,True,fresh|on|off|sttl_k1_8,1
mixed_age_400,p_q_9432e97c_2,"In 2003, which man with the likeness was proposed to Republicans as a billboard in 2013.",Ronald Reagan's,TIMELESS,336985.62366638426,True,fresh|on|off|sttl_k1_8,1
mixed_age_400,p_q_2d02fb45_3,In what physical structure does the Tyrol consist of as walls?,Alps,TIMELESS,408575.31044603325,True,fresh|on|off|sttl_k1_8,1
mixed_age_400,p_q_a867a828_3,"In a Scrabble tournament, what would be the total points awarded for incorporating an element of SCRAGBAG?",14,TIMELESS,478486.98890466406,True,fresh|on|off|sttl_k1_8,1
mixed_age_400,p_q_2b247cc4_0,"Where is the specific location of the Albert Memorial, inaugurated by Queen Victoria as a tribute to her husband (deembolismus)?",Kensington Gardens,TIMELESS,41056.36801519571,True,fresh|on|off|sttl_k1_8,1
mixed_age_400,p_q_e5feb4c8_0,"The programmer Bruce Forsyth had been writing, ""You get nothing for a pair.",Play Your Cards Right,TIMELESS,447404.0777633174,True,fresh|on|off|sttl_k1_8,1
mixed_age_400,p_q_92bed87f_2,"In quest for a new vessel during their epic journey from Ecuador to the Amazon Basin, Francisco Orellana and Gonzalo Pizarro set out on an unlikely expedition under mysterious circumstances. Without abundant gold or deserted cities, how did these characters become so familiar with life that even Tom Partridge was seen passing through the pond?",El Dorado,TIMELESS,413986.9953627944,True,fresh|on|off|sttl_k1_8,1
mixed_age_400,p_q_10c25152_1,Which is the first female member set to become a woman cabinet minister in an ALL-IreLAND Cabinet?,Margaret Bondfield,TIMELESS,594975.3846509696,True,fresh|on|off|sttl_k1_8,1
mixed_age_400,p_q_0e3fb3ca_0,"Which salacious occasion is usually linked to those who adore violence in Pamplona, Spain?",Running of the Bulls,TIMELESS,433141.83760241274,True,fresh|on|off|sttl_k1_8,1
mixed_age_400,p_q_a05e5c8b_0,"Which types of living organisms exist in the wild, dormant and non-living natural forces?",Volcanoes,TIMELESS,491434.2511335695,True,fresh|on|off|sttl_k1_8,1
mixed_age_400,p_q_dcf1f4d4_0,"Is BA Connect, which brand of British Airways shares have been sold to?",Flybe.,TIMELESS,424747.69291481876,True,fresh|on|off|sttl_k1_8,1
mixed_age_400,p_q_c7b2bccd_3,"President Hitler's personal builder, who was the PM of Nazi Germany for twelve years (1952–Now)?",ALBERT SPEER,TIMELESS,291607.6731124948,True,fresh|on|off|sttl_k1_8,1
mixed_age_400,p_q_ec7fa565_2,If Logophobia are fear and logophobic what am I?,Words,TIMELESS,162085.89976605293,True,fresh|on|off|sttl_k1_8,1
mixed_age_400,p_q_5f279acb_2,Name a capital during California's statehood.,San Jose,TIMELESS,482064.0202753477,True,fresh|on|off|sttl_k1_8,1
mixed_age_400,p_q_c96939e7_1,"Q.1. What is the house in question? In 'Harry Potter' book HWU's: 2 are houses 1 and 2, respectively there were four Hogwart girls with Gryffindor, Slytherin&Ravenclaw... 4.",'HUFFLEPUFF',TIMELESS,347814.3908806754,True,fresh|on|off|sttl_k1_8,1
mixed_age_400,p_q_ff48fd09_1,Which point does the ellipse indicate in terms of missing or eliminating?,Words,TIMELESS,221470.2567684971,True,fresh|on|off|sttl_k1_8,1
mixed_age_400,p_q_97cbd451_1,Which famous actor holds an AE or HITS of Loves Rental Styles?,Sylvester Stallone,TIMELESS,181518.51656280857,True,fresh|on|off|sttl_k1_8,1
mixed_age_400,p_q_34965476_1,"When did Elon Musk acquis, in the momentous incident that acquired Twitter?","Oct 27, 2022",TIMELESS,383429.4216464215,True,fresh|on|off|sttl_k1_8,1
mixed_age_400,p_q_01db3ce8_0,Who was the guitar leading expert of 'Vinegar Joe' during their 1970 reunion with Robert Palmer?,ELKIE BROOKS,TIMELESS,431327.355596378,True,fresh|on|off|sttl_k1_8,1
mixed_age_400,p_q_ddf45443_2,What is the name of the port located at the Riyer Esk-Midpoint?,WHITBY,TIMELESS,512764.81422837713,True,fresh|on|off|sttl_k1_8,1
mixed_age_400,p_q_62a24122_1,Which participant was declared the first-ever winner of the 2020 F1.,Lewis Hamilton,TIMELESS,362714.2603519837,True,fresh|on|off|sttl_k1_8,1
mixed_age_400,p_q_d23799e5_0,What was the final tenth peak number of The Jam?,Beat Surrender,TIMELESS,131499.18992758822,True,fresh|on|off|sttl_k1_8,1
mixed_age_400,p_q_2dc6d84a_3,Which island lost its arm in an afghanistan attack carried out by Horatio Nelson?,TENERIFE,TIMELESS,533660.1345737842,True,fresh|on|off|sttl_k1_8,1
mixed_age_400,p_q_5026a65e_2,The year 2012 saw the appointment of the President of France. Who was it?,Francois Hollande,TIMELESS,80783.30520089912,True,fresh|on|off|sttl_k1_8,1
mixed_age_400,p_q_16e427cd_0,What is the name of the national capital that includes Tivoli?,Copenhagen,TIMELESS,515920.6366906276,True,fresh|on|off|sttl_k1_8,1
mixed_age_400,p_q_9acafca8_1,"""In the movie ""Lord of War"" in 2005, Viktor Bout portrays himself as a Russian arms dealer' what is his media collure?""",Merchant of Death,TIMELESS,572232.3899108341,True,fresh|on|off|sttl_k1_8,1
mixed_age_400,p_q_e2e6d6d8_3,What is the name of the Russian city that was officially renamed Nizhniy Novgorod in 1991?,Gorky,TIMELESS,304879.0124717942,True,fresh|on|off|sttl_k1_8,1
mixed_age_400,p_q_0c4788f0_0,"Borrowing credit only, what is Welsh singer Michael Barratt nicknamed?",Shakin' Stevens,TIMELESS,372238.025683707,True,fresh|on|off|sttl_k1_8,1
mixed_age_400,p_q_80aa22e7_3,"During which hour on August 15, 1947 did India set up its political system?",12:02 am,TIMELESS,165170.42056933412,True,fresh|on|off|sttl_k1_8,1
mixed_age_400,p_q_56e02d43_1,At what place did the first yeti crabs originate?,Pacific-Antarctic Ridge,TIMELESS,378895.8936146837,True,fresh|on|off|sttl_k1_8,1
mixed_age_400,p_q_6a00b156_3,"Identify the particular rock species that is classified as ""clastic"" rather than organic and sedimentary.",Shale,TIMELESS,539347.2449419033,True,fresh|on|off|sttl_k1_8,1
mixed_age_400,p_q_29032ea3_1,"Among Aventine, Caelian, Capitoline; Esquiline, Palatine (Paris), Quirinal, and Viminal (Cannery) is there the final city. Which one of them will you describe?",Rome,TIMELESS,241116.09818039375,True,fresh|on|off|sttl_k1_8,1
mixed_age_400,p_q_3d46fcdf_1,What artist/stitcher group was associated with Naum Gabo and Antoine Pevsner circa 1920 in Russia?,Constructivism,TIMELESS,287687.0085571702,True,fresh|on|off|sttl_k1_8,1
mixed_age_400,p_q_9d2666a3_1,Which river serves as the road to Derby?,DERWENT,TIMELESS,92355.23520518793,True,fresh|on|off|sttl_k1_8,1
mixed_age_400,p_q_e9fd2fb4_0,"The blockheads, who was their frontman for nine years, made a fresh album in 2009.",Ian Drury,TIMELESS,506024.90346236824,True,fresh|on|off|sttl_k1_8,1
mixed_age_400,p_q_579c926b_1,"During the time when Steve Jobs developed his computer mouse in 1964 at the Stamford Research Institute, who was the mastermind behind it?",DOUGLAS ENGLEBART,TIMELESS,421749.84107133537,True,fresh|on|off|sttl_k1_8,1
mixed_age_400,p_q_0b649394_1,Which offensive was part of the War of Jenkins' Ear?,Austrian Succession,TIMELESS,264054.5322172053,True,fresh|on|off|sttl_k1_8,1
mixed_age_400,p_q_3e5fda75_0,What is the name of the city that governs in Cambodia?,PHNOM PENH,TIMELESS,197892.91361356678,True,fresh|on|off|sttl_k1_8,1
mixed_age_400,p_q_80bc432e_2,"Among European countries, which nation had its own set of initiatives known as the 'Delta Works' in order to preserve vast areas of land from rough seas.",Netherlands,TIMELESS,256844.08916045318,True,fresh|on|off|sttl_k1_8,1
mixed_age_400,p_q_df76af12_1,Is the CoastRest of Denmark included in any pre-arrival shipping forecast two different areas: German Bight and which other?,Fisher,TIMELESS,381703.21066305705,False,fresh|on|off|sttl_k1_8,1
mixed_age_400,p_q_389476c5_1,What is the timing of viewing the Oberammergau Passion Plays?,EVERY TEN YEARS,TIMELESS,220250.2017221992,True,fresh|on|off|sttl_k1_8,1
mixed_age_400,p_q_4ee9519a_1,"Although Absinthe doesn't have any particular colour, what is the representative color of any given drink?",GREEN,TIMELESS,584781.6011045085,True,fresh|on|off|sttl_k1_8,1
mixed_age_400,p_q_4987dd97_3,"What was the purpose of Jacques Cartier's journey across America in 1534, as he made leave to travel eastward to learn about a particular river on The Atlantic?",ST. LAWRENCE,TIMELESS,371571.4204201981,True,fresh|on|off|sttl_k1_8,1
mixed_age_400,p_q_d6104cc3_1,Which sport in 2012 was the target of GB's most recent medal win: Samantha Murray?,(WOMEN'S) MODERN PENTATHLON,TIMELESS,517355.2452705897,True,fresh|on|off|sttl_k1_8,1
mixed_age_400,p_q_0c4788f0_1,Welsh Singer: Michael Barratt's most popular nickname is what?,Shakin' Stevens,TIMELESS,345662.181078623,True,fresh|on|off|sttl_k1_8,1
mixed_age_400,p_q_3237dda9_3,"In a heraldic expression, what is the appropriate term for right?",Dexter,TIMELESS,40367.30811420543,True,fresh|on|off|sttl_k1_8,1
mixed_age_400,p_q_5f279acb_0,"When California was made a state, which city became its capital?",San Jose,TIMELESS,114997.42803480501,True,fresh|on|off|sttl_k1_8,1
mixed_age_400,p_q_d8b1d102_2,What is a name for . another wildebeest?,Gnu,TIMELESS,509805.1743560446,True,fresh|on|off|sttl_k1_8,1
mixed_age_400,p_q_fc47ce8e_0,What's the time period when the Berlin Wall fell?,"Nov 9, 1989",TIMELESS,397630.89649460686,True,fresh|on|off|sttl_k1_8,1
mixed_age_400,p_q_c1695ecb_0,Who were the tribal people utilizing Celtic language during the Roman era in France and Belgium?,Gauls,TIMELESS,314309.9821414578,True,fresh|on|off|sttl_k1_8,1
mixed_age_400,p_q_65d75670_0,"What is the role played by a title character to James Joyce in ""Finnegan's Wake?""",Hod carrier,TIMELESS,510629.6420460865,True,fresh|on|off|sttl_k1_8,1
mixed_age_400,p_q_da1c81d6_0,"Which individual, who held the position of Archbishop of Canterbury at the crossroads between Henry VIII and Edward VI and was later imprisoned for heresy and burned alive?",Thomas Cranmer,TIMELESS,580567.9119349171,True,fresh|on|off|sttl_k1_8,1
mixed_age_400,p_q_79d94239_2,In which area of the body can rod cells exist and on which line a cone cell could exist?,In the eye,TIMELESS,578704.9422309714,True,fresh|on|off|sttl_k1_8,1
mixed_age_400,p_q_87ca114c_0,Which daily newspaper is the editorial vehicle for Frederick Forsyth's style and content?,Daily Express,TIMELESS,294675.38444990624,True,fresh|on|off|sttl_k1_8,1
mixed_age_400,p_q_876bdd3b_3,Which central time zone does the majority of Nevada's population live in?,Pacific,TIMELESS,437796.3645372685,True,fresh|on|off|sttl_k1_8,1
mixed_age_400,p_q_21593fd1_3,"Who performed the vocals on the UK number one album ""Good Girl Gone Bad,"" which had 1.5 million copies sold in 2009?",RIHANNA,TIMELESS,292635.4243837733,True,fresh|on|off|sttl_k1_8,1
mixed_age_400,p_q_64800213_3,Which female vocalist worked with Jefferson Airplane during the flight?,Grace Slick,TIMELESS,216145.13865891518,True,fresh|on|off|sttl_k1_8,1
mixed_age_400,p_q_5ad30881_0,When and to what extent was independence declared by the Republic of Biafra in 1967?,NIGERIA,TIMELESS,464607.0234976398,True,fresh|on|off|sttl_k1_8,1
mixed_age_400,p_q_2761fdfe_1,What book of the Bible has an account about Joseph exhibiting his characteristic coat of multiple colors?,Genesis,TIMELESS,380509.53422858426,True,fresh|on|off|sttl_k1_8,1
mixed_age_400,p_q_16e427cd_2,Which capital city houses the Tivoli amusements park?,Copenhagen,TIMELESS,588206.2902092943,True,fresh|on|off|sttl_k1_8,1
mixed_age_400,p_q_44d9dff7_0,Can you recall which battle of 1403 ended in the death of Henry 'Hotspur' Percy?,Shrewsbury,TIMELESS,566111.5801496521,True,fresh|on|off|sttl_k1_8,1
mixed_age_400,p_q_9ea9bc19_3,Which Wyoming state created a national park in 1872 that has an area of 3350 sq mi?,Yellowstone National Park,TIMELESS,400922.1082708677,True,fresh|on|off|sttl_k1_8,1
mixed_age_400,p_q_0f14ed28_1,Which team is Fernando Alonso currently driving for in Formula One?,Scuderia FERRARI,TIMELESS,395388.3712811708,True,fresh|on|off|sttl_k1_8,1
mixed_age_400,p_q_d63bf68a_0,What materials are used to make kitchen tin foil?,Aluminium,TIMELESS,134943.291346165,True,fresh|on|off|sttl_k1_8,1
mixed_age_400,p_q_8acef480_2,Which is the capital city of The Maldives?,Mali,TIMELESS,256167.91123637493,True,fresh|on|off|sttl_k1_8,1
mixed_age_400,p_q_6f15c777_2,What country is Mdina Glass's production from?,MALTA,TIMELESS,301648.9667916994,True,fresh|on|off|sttl_k1_8,1
mixed_age_400,p_q_0a45943e_0,In which European country did Carl XVI Gustav get crowned as ruler in September 1973?,Sweden,TIMELESS,573497.1547197915,True,fresh|on|off|sttl_k1_8,1
mixed_age_400,p_q_6c6fbf05_2,"Which award did Yann LeCun, Geoffrey Hinton, and Yoshua Bengio collectively accomplish?",Turing Award,TIMELESS,603758.8728051484,True,fresh|on|off|sttl_k1_8,1
mixed_age_400,p_q_9d330418_0,When did the first Academy Awards ceremony (Oscars) happen in the 20th Century?,1920s,TIMELESS,347373.8014262111,True,fresh|on|off|sttl_k1_8,1
mixed_age_400,p_q_e32d9c63_3,What's the name of this US river between St. Paul and Minneapolis?,Mississippi,TIMELESS,330125.1755674778,True,fresh|on|off|sttl_k1_8,1
mixed_age_400,p_q_bcbdf06e_1,"Which motorway in England has services such as Baldock, Wetherby and Washington?",M1,TIMELESS,122079.04087143153,True,fresh|on|off|sttl_k1_8,1
mixed_age_400,p_q_f63307b3_3,Who was responsible for inventing the ferris wheel?,George Washington Ferris,TIMELESS,489232.597089509,True,fresh|on|off|sttl_k1_8,1
mixed_age_400,p_q_c3300be7_3,Who captained the Great Britain team for the Davis Cup in 2006?,John Lloyd,TIMELESS,150101.98937841525,True,fresh|on|off|sttl_k1_8,1
mixed_age_400,q_34965476,When did Elon Musk officially become Twitter's owner?,"Oct 27, 2022",TIMELESS,256171.82598689955,True,fresh|on|off|sttl_k1_8,1
mixed_age_400,q_04a7276c,What type of bird is a ptarmigan?,Grouse,TIMELESS,197064.8470970297,True,fresh|on|off|sttl_k1_8,1
mixed_age_400,q_c6b40080,Which bird of the pigeon family was found in huge numbers in North America until the 19th century but then went into decline due to hunting and became extinct in 1914?,Passenger pigeon,TIMELESS,300225.0736063954,True,fresh|on|off|sttl_k1_8,1
mixed_age_400,q_6bd3b3c9,What is the main spirit in a Margarita?,Tequila,TIMELESS,74545.13350616118,True,fresh|on|off|sttl_k1_8,1
mixed_age_400,q_84d66f3a,"In golf, what is the amateur equivalent of the Ryder Cup?",The Walker Cup,TIMELESS,44870.10004747821,True,fresh|on|off|sttl_k1_8,1
mixed_age_400,q_ad306b01,During which conflict was the battle of Blenheim fought?,War of the Spanish Succession,TIMELESS,157569.26643474144,True,fresh|on|off|sttl_k1_8,1
mixed_age_400,q_caa2a1ae,"Hatha, Jnana, Bhakti and Karma are all branches of which activity?",Yoga,TIMELESS,242636.15082178736,True,fresh|on|off|sttl_k1_8,1
mixed_age_400,q_c4cf23ca,What is the most populous city in Chile?,Santiago,TIMELESS,268331.6203977099,True,fresh|on|off|sttl_k1_8,1
mixed_age_400,q_384b354b,"As at 2012 Nisiyama Onsen Keiunkan, a hot spring hotel in Hayakawa, Yamanashi, Japan, is officially regarded as being what world-record-holding business?",Oldest,TIMELESS,272797.70182887476,True,fresh|on|off|sttl_k1_8,1
mixed_age_400,q_04a0842f,In what city did the first successful heart transplant from a pig to a human patient take place?,Baltimore,TIMELESS,139938.1608306363,True,fresh|on|off|sttl_k1_8,1
mixed_age_400,q_a93676a9,Which Irish musician released a 1988 album entitled ‘Watermark’?,Enya,TIMELESS,41242.486581442354,True,fresh|on|off|sttl_k1_8,1
mixed_age_400,q_5fb43c16,"Whose March 31, 1994 appearance on Late Show with David Letterman resulted in the episode becoming the most censored in American network television talk-show history for obvious reasons?",Madonna,TIMELESS,173707.41472739898,True,fresh|on|off|sttl_k1_8,1
mixed_age_400,q_eb3db942,Which company developed Overwatch?,Blizzard Entertainment,TIMELESS,117762.12743267702,True,fresh|on|off|sttl_k1_8,1
mixed_age_400,q_b1bd705b,In which English county is the town of Wells-next-the- Sea?,NORFOLK,TIMELESS,234502.05579395866,True,fresh|on|off|sttl_k1_8,1
mixed_age_400,p_q_5b78283a_3,Where is Miss Arkansas's win-placed 2012 recipient originally from?,Stuttgart,FAST,366657.06811983243,True,fresh|on|off|sttl_k1_8,1
mixed_age_400,p_q_498e07da_0,Which political party is considered the 42nd congressional district of New York?,100px Brandon Williams,SLOW,441071.3202677113,True,fresh|on|off|sttl_k1_8,1
mixed_age_400,q_ba85b69b,Who is the current kit manufacturer of Al-Arabi SC (Qatar)?,Puma,SLOW,145358.3756445286,True,fresh|on|off|sttl_k1_8,1
mixed_age_400,p_q_e2133b50_0,Can you identify the Argentinean who took on the role of director at the New York Philharmonic in 1970?,Daniel Barenboim,TIMELESS,281305.2608989151,False,fresh|on|off|sttl_k1_8,1
mixed_age_400,q_1eee07b1,What is the title of the documentary narrated by Stephen Mangan?,Artist of the Year,MEDIUM,54109.18408655162,True,fresh|on|off|sttl_k1_8,1
mixed_age_400,p_q_177880b1_1,Who coaches the Washington Mystics?,Eric Thibault,MEDIUM,412762.94883004535,True,fresh|on|off|sttl_k1_8,1
mixed_age_400,p_q_25f44bbf_1,Who is President of the Union (Jewish Student Association)?,Joel Rosen,FAST,296323.0464570699,True,fresh|on|off|sttl_k1_8,1
mixed_age_400,q_4ef6bd87,Who is the current president of Lake Erie College?,Brian Posler,SLOW,37347.790731853405,True,fresh|on|off|sttl_k1_8,1
heldout_400,p_q_6d00c75f_2,When will week 11 of jordan be observed?,"Wed, Mar 22 – Fri, Apr 21",FAST,581443.132811173,True,fresh|fc|sttl_k1_16,0
heldout_400,p_q_84993503_1,Russian cosmonauts have revealed who was the third male member to journey from Deep House. Can you provide information on their names and location?,Francisco Rubio Launch,FAST,308778.30978527135,True,fresh|fc|sttl_k1_16,0
heldout_400,p_q_134739ad_3,Who led the winning Baja 1000 4x bike equimienicnic boat team?,Bryce Menzies Andy McMillin Tavo Vildósola,FAST,134833.0835328173,True,fresh|fc|sttl_k1_16,0
heldout_400,p_q_e52c4939_0,Which contestant from Los Alamitos Futurity is considered the best?,Wynstock,FAST,274367.52673355234,True,fresh|fc|sttl_k1_16,0
heldout_400,p_q_359f65e2_2,What is the name of the cinematic masterpiece that got an Academy Award recognition?,Everything Everywhere All at Once,FAST,125319.38745600988,True,fresh|fc|sttl_k1_16,0
heldout_400,p_q_7954a9bc_0,Which movie received the Best Supporting Actor award at this point in time?,Smugglers,FAST,248354.6175332074,True,fresh|fc|sttl_k1_16,0
heldout_400,p_q_fa771a57_3,Who held the belt of recently established Kikuka-sh?,U Carrot Farm,FAST,316551.6426828752,True,fresh|fc|sttl_k1_16,0
heldout_400,p_q_c7e889d2_1,"What is the label or chorus that has given awards, either Grammy Award-winning Instrumental Or A Cappella to a music artist for Best Song at an Artvârvâr State Arts Festival?","Magnus Lindgren, John Beasley & The SWR Big Band ft. Martin Auer",FAST,486276.87334173266,True,fresh|fc|sttl_k1_16,0
heldout_400,p_q_29f9cc16_1,Which sports book exhibits the greatest athletic prowess among all William Hill's releases?,Lauren Fleshman,FAST,316898.00703415193,True,fresh|fc|sttl_k1_16,0
heldout_400,p_q_2bbc82e4_2,"Who stole the striptease (""Ebony Shoe Award"")?",Mike Trésor,FAST,159107.34537888784,True,fresh|fc|sttl_k1_16,0
heldout_400,p_q_8efe208f_0,"What was the name of his partner in that race, who came out on top to start him with his leg?",James Graham,FAST,331634.4270170167,True,fresh|fc|sttl_k1_16,0
heldout_400,p_q_23baebab_2,What was the name of the actress who won Best Actress at metro capital cinema this time last year?,Eileen,FAST,224613.56859949022,True,fresh|fc|sttl_k1_16,0
heldout_400,p_q_2b37471e_0,Judson High School Football: What was the outcome of Thursday at City College?,Lost in area round to state quarterfinalist Dripping Springs 34-38,FAST,537304.7556869034,True,fresh|fc|sttl_k1_16,0
heldout_400,p_q_9ad3d8f7_0,What is the name of Virginia's national team in last year'a NCAA Women' s Division I Cross Country Championship and who personally raised that flag after her victory over Khabib James in 2015?,Parker Valby,FAST,73854.16870257564,True,fresh|fc|sttl_k1_16,0
heldout_400,p_q_ea6dfe5b_0,Who retains the title of Best Actor after their latest nomination for a National Board of Review Award?,Paul Giamatti,FAST,552452.2278611797,True,fresh|fc|sttl_k1_16,0
heldout_400,p_q_5e69097f_1,What state produced the North Dakota Mr. Basketball Award presenter?,Minot,FAST,202075.4057408179,True,fresh|fc|sttl_k1_16,0
heldout_400,p_q_311e11e2_1,Who clinched the reward of winning the Thorestyestes Chase last?,Carefully Selected,FAST,273229.50519993703,True,fresh|fc|sttl_k1_16,0
heldout_400,p_q_66b78d55_0,Which company put forward the Juno Awards project?,Simu Liu,FAST,226629.16355726533,True,fresh|fc|sttl_k1_16,0
heldout_400,p_q_1c3ba216_2,This years Nebelhorn Trophy was held in the following two tennis disciplines: Who won bronze?,Annika Hocke / Robert Kunkel,FAST,567993.3383933123,False,fresh|fc|sttl_k1_16,0
heldout_400,p_q_9c8a947a_1,How long has anyone kept their initial Nomination for the Goya Award of Best Animated Film?,Le dispararon al pianista,FAST,298301.4169215509,True,fresh|fc|sttl_k1_16,0
heldout_400,p_q_ef0e26fc_1,Who won the Prix de l'Abbaye des Longchamp?,Jason Hart,FAST,323560.0215996556,True,fresh|fc|sttl_k1_16,0
heldout_400,p_q_d0506c00_0,When was last seen at Bridges?,"Dalhousie University, Halifax, Nova Scotia, Canada",FAST,407975.5869320204,True,fresh|fc|sttl_k1_16,0
heldout_400,p_q_885601a2_3,Which steed is currently in the public eye as winners of this year's Prix Jean-Luc Lagardère?,Sheikh Mohammed Obaid Al Maktoum,FAST,579425.9064257885,True,fresh|fc|sttl_k1_16,0
heldout_400,p_q_ff13db06_0,Who is managing the teams for the Eurovision Song Contest?,"Alesha Dixon, Hannah Waddingham, Julia Sanina  and Graham Norton",FAST,309438.10726786667,True,fresh|fc|sttl_k1_16,0
heldout_400,p_q_3c8e1699_1,The world - the European Amateur Championship Finals?,Pärnu Bay Golf Links,FAST,357253.74746453005,True,fresh|fc|sttl_k1_16,0
heldout_400,p_q_8b83e11f_0,Have you heard any update on the OOPSLA committee's meeting?,Vasco Vasconcelos,FAST,188604.77446735563,True,fresh|fc|sttl_k1_16,0
heldout_400,p_q_21078da3_1,Which tennis team secured the third spot in Australian Open mixed doubles?,Sania Mirza Rohan Bopanna,FAST,409360.2513055164,True,fresh|fc|sttl_k1_16,0
heldout_400,p_q_297334f5_3,Which Super Bowl video game replay professional was the main figure?,Mark Butterworth,FAST,536778.6807554624,True,fresh|fc|sttl_k1_16,0
heldout_400,p_q_badb7460_3,Which Spanish movie was the most likely to receive an Oscar or nomination for Best International Feature Film?,Society of the Snow,FAST,267195.9071639499,True,fresh|fc|sttl_k1_16,0
heldout_400,p_q_5284772a_2,On which Babe Ruth Award does the award recipient right now currently sits?,Adolis García,FAST,469037.19764963974,True,fresh|fc|sttl_k1_16,0
heldout_400,p_q_76a7b4a6_1,What was the champion's score at this year''San Jose Arena in Japan Women' s Open Golf Championship?,−15,FAST,255471.9858559036,True,fresh|fc|sttl_k1_16,0
heldout_400,p_q_b16f0265_3,Who trained the winner of the Queen Elizabeth II Challenge Cup Stakes in the current event?,Oisin Murphy,FAST,500659.29332614486,True,fresh|fc|sttl_k1_16,0
heldout_400,p_q_26393420_2,Who became owner of the horse that triumphed in today's Queen Elizabeth II Challenge Cup Stakes?,Saeed bin Suroor,FAST,593718.6139277852,True,fresh|fc|sttl_k1_16,0
heldout_400,p_q_830461c0_2,Which equine successfully won the Coronation Stakes?,Aga Khan IV,FAST,205717.63831347777,True,fresh|fc|sttl_k1_16,0
heldout_400,p_q_ebb666ba_1,Currently who is considered the Gatorade of volleyball?,Harper Murray,FAST,352072.7325719836,True,fresh|fc|sttl_k1_16,0
heldout_400,p_q_d26e3359_0,Which trainer held his Bahrain Trophy championship horse at the earliest?,Charlie Appleby,FAST,373914.36617184296,True,fresh|fc|sttl_k1_16,0
heldout_400,p_q_efbe3181_2,Who currently holds the position of chair for Democrats in executive positions?,Phil Murphy,FAST,462979.36018530716,True,fresh|fc|sttl_k1_16,0
heldout_400,p_q_63c4c1ca_1,What was the name of the last German horse to take out the contest in Oaks d'Italia?,Shavasana,FAST,240293.9758118359,True,fresh|fc|sttl_k1_16,0
heldout_400,p_q_69b0bd6d_3,Who did who were the last team vs the Great Britain Davis Cup team in their latest final statement?,France,FAST,486567.3159573846,True,fresh|fc|sttl_k1_16,0
heldout_400,p_q_fa771a57_1,Which hunter or horse just received the Kikuka-sh?,U Carrot Farm,FAST,326006.7706538327,True,fresh|fc|sttl_k1_16,0
heldout_400,p_q_b38c44e9_2,When did the NHL Entry Draft take place?,"Nashville, Tennessee",FAST,101383.16001651883,True,fresh|fc|sttl_k1_16,0
heldout_400,p_q_30501636_1,Which French singer had the rare occasion of appearing at this year's Eurovision Song Contest?,La Zarra,FAST,251981.9897798605,True,fresh|fc|sttl_k1_16,0
heldout_400,p_q_8fda5466_3,Which wrestler secured the second position in the Mitsubishi Electric Championship at Hualai?,Steven Alker NIR Darren Clarke Ken Tanigawa Mike Weir,FAST,60915.423375958824,True,fresh|fc|sttl_k1_16,0
heldout_400,p_q_b9e48bff_0,Who has acquired the voting rights to the Florida Derby?,Repole Stable & St. Elias Stable,FAST,141095.53050298517,True,fresh|fc|sttl_k1_16,0
heldout_400,p_q_a6ef6cf2_3,Which stakeholder was declared winner of the last Maker's Mark Mile Stakes?,Lael Stables,FAST,413282.28425284056,True,fresh|fc|sttl_k1_16,0
heldout_400,p_q_b9172601_3,Which jazz playing received the best performance at a Grammy Award?,Endangered Species,FAST,346306.21164488315,True,fresh|fc|sttl_k1_16,0
heldout_400,p_q_e78970aa_1,Which politician has been granted the Jack Oatey Medal in recent years?,Lachlan Hosie,FAST,130309.20222591367,True,fresh|fc|sttl_k1_16,0
heldout_400,p_q_d9d96160_3,Who interrupted the presentation of The MacTaggart Lecture at Edinburgh International Television Festival?,Louis Theroux,FAST,125219.16234764106,True,fresh|fc|sttl_k1_16,0
heldout_400,p_q_b37309f3_2,Which animal was honored with the Kameko Futurity Trophy?,Ancient Wisdom,FAST,437367.7459598193,True,fresh|fc|sttl_k1_16,0
heldout_400,p_q_d23ca3b3_1,What percentage of wins have been achieved by Tiger Park's team thus far?,27-9,FAST,278460.2324849467,True,fresh|fc|sttl_k1_16,0
heldout_400,p_q_3ec48396_1,What train category do you think has consistently earned the last Blue Ribbon Award (railway)?,HC85 series DEMU,FAST,263781.7439756748,True,fresh|fc|sttl_k1_16,0
heldout_400,p_q_ebb666ba_3,Who is holding the position of Gatorade Champion in volleyball at present?,Harper Murray,FAST,540391.2676159851,True,fresh|fc|sttl_k1_16,0
heldout_400,p_q_d093f991_3,Who captured the top spot in the Breeders' Cup Filly & Mare Turf competition?,Cheveley Park Stud,FAST,475149.32939833147,True,fresh|fc|sttl_k1_16,0
heldout_400,p_q_30b7af38_1,What was the title of the trainer who trained the wintry horse in this new Takamatsunomiya Kinen?,Masayuki Nishimura,FAST,396011.82283339143,True,fresh|fc|sttl_k1_16,0
heldout_400,p_q_8500b23d_1,"Among the participating nations, which one did it consist of the last year's FIS Nordic Junior World Ski Championships?",Canada,FAST,526731.7227211724,True,fresh|fc|sttl_k1_16,0
heldout_400,p_q_180c42e7_2,Which jock qualified as the winner of last year's Nassau Stakes?,Al Husn,FAST,528282.9563666914,True,fresh|fc|sttl_k1_16,0
heldout_400,p_q_3cff3dce_2,Which player was recognized as the recipient of Gatorade National Baseball Player of the Year?,Max Clark baseball,FAST,376901.764680841,True,fresh|fc|sttl_k1_16,0
heldout_400,p_q_33b33ec1_2,Which movie has Portugal submitted as the latest submission for Best International Feature Film to win an Oscar?,Mal Viver,FAST,434763.15663644456,True,fresh|fc|sttl_k1_16,0
heldout_400,p_q_23194df6_1,Do you know who holds the position of President at this year's East Texas Yamboree festival?,Abigail Elaine Stewart,FAST,73886.38527547446,True,fresh|fc|sttl_k1_16,0
heldout_400,p_q_52957594_0,Name LL Cool J's current popular television series?,Hip Hop Treasures,FAST,306048.83858943824,False,fresh|fc|sttl_k1_16,0
heldout_400,p_q_51c973e7_3,"Which NBA player has reached the milestone of 60-plus points in a single game recently, and why?",Damian Lillard,FAST,202480.460487602,True,fresh|fc|sttl_k1_16,0
heldout_400,p_q_6657182b_0,Who was the most recent man to receive a Callahan Award?,Justin Burnett,FAST,358847.4654515924,True,fresh|fc|sttl_k1_16,0
heldout_400,p_q_2f36649c_0,Which film was honored with the best actress nomination for the National Board of Review Award last time?,Killers of the Flower Moon,FAST,45168.85547441113,True,fresh|fc|sttl_k1_16,0
heldout_400,p_q_22adabe9_1,Could you tell me the name of the engineering vehicle used at the Williams Grand Prix with Logan Sargeant from USA and Alexander Albon from THA?,FW45,FAST,368933.3753379334,True,fresh|fc|sttl_k1_16,0
heldout_400,p_q_10fbddc5_2,Who are the individuals that currently hold the Best Large Jazz Ensemble award for the most recent Grammy Awards?,"Steven Feifke, Bijon Watson & the Generation Gap Jazz Orchestra",FAST,324852.96157851524,True,fresh|fc|sttl_k1_16,0
heldout_400,p_q_dd7cbef3_0,"In which month and for how long was Bitcoin valued at $40,000?",April 2022,FAST,477586.48146662675,True,fresh|fc|sttl_k1_16,0
heldout_400,p_q_1c1961cd_2,Can you tell me the country where Miss World was born?,Poland,FAST,138332.98392126863,True,fresh|fc|sttl_k1_16,0
heldout_400,p_q_9d61a241_0,What type of trainer steered the King George V Stakes champion?,William Haggas,FAST,533363.0869790721,True,fresh|fc|sttl_k1_16,0
heldout_400,p_q_611d707f_0,What was the name of Christopher McDonald's latest TV role?,Captain Fall,FAST,36749.36722502887,True,fresh|fc|sttl_k1_16,0
heldout_400,p_q_cf72c65f_3,Which NBA player has won the most recent title?,Denver Nuggets,FAST,589981.8024902222,True,fresh|fc|sttl_k1_16,0
heldout_400,p_q_113fc559_1,Who's winnQ most recent Beacon Award for Fremantle Football Club?,Jye Amiss,FAST,518383.57445718424,True,fresh|fc|sttl_k1_16,0
heldout_400,p_q_79078e30_1,What is the number of goals that the leading goalkeeper for the West Coast Eagles scored this season?,53,FAST,204397.42170097085,True,fresh|fc|sttl_k1_16,0
heldout_400,p_q_c8436957_2,At which ACB season did the winner of the Most Valuable Player award play out most recently?,2022–23,FAST,264358.2580422649,True,fresh|fc|sttl_k1_16,0
heldout_400,p_q_ea668263_1,Which translator was most recently granted the Oxford-Weidenfeld Translation Prize?,Monica Cure,FAST,312392.3685759831,True,fresh|fc|sttl_k1_16,0
heldout_400,p_q_9fb844a5_3,Who has been awarded the Robert F. Kennedy Human Rights Prize most recently?,Parlamento del Pueblo Xinka,FAST,101741.74534389836,True,fresh|fc|sttl_k1_16,0
heldout_400,p_q_2cbafc2e_1,What is the name of the most recent film that Iceland submitted to receive the Best International Feature Film award at the Oscars in English?,Godland,FAST,275044.3628769409,True,fresh|fc|sttl_k1_16,0
heldout_400,p_q_77f52421_1,Which horse is currently winning the Santa Anita Handicap?,Stilleto Boy,FAST,533763.6484876708,True,fresh|fc|sttl_k1_16,0
heldout_400,p_q_e52c4939_1,Which horse was selected as the winner of the latest Los Alamitos Futurity race?,Wynstock,FAST,513405.343637642,True,fresh|fc|sttl_k1_16,0
heldout_400,p_q_1816d40e_1,What's the title of video game where Vanessa Marshall voiced a character?,Justice League: Cosmic Chaos,FAST,580249.0569436066,True,fresh|fc|sttl_k1_16,0
heldout_400,p_q_91044e4b_2,What movie has Thomas Lennon starred in recently?,Zoey 102,FAST,269552.5391764928,True,fresh|fc|sttl_k1_16,0
heldout_400,p_q_0095371b_0,Where the ILCA 7 World Championship took place?,The Hague,FAST,363511.04322611005,True,fresh|fc|sttl_k1_16,0
heldout_400,p_q_60e402de_3,Which book won the Orbis Pictus Award last year?,Blue: A History of the Color as Deep as the Sea and as Wide as the Sky,FAST,337525.5454665213,True,fresh|fc|sttl_k1_16,0
heldout_400,p_q_2c023058_3,How many individuals perished due to the Atlantic hurricane season?,15,FAST,149208.34719534265,True,fresh|fc|sttl_k1_16,0
heldout_400,p_q_534fcd60_3,What is the count of novels Stephen King hasauthored?,66 novels,FAST,202449.21215963396,True,fresh|fc|sttl_k1_16,0
heldout_400,q_5aac65b6,Which film won the Toronto International Film Festival People's Choice Award most recently?,The Holdovers,FAST,47146.67060403753,True,fresh|fc|sttl_k1_16,0
heldout_400,q_3c8d7d2d,Where did the most recent Texas Rangers first-round draft pick attend school?,University of Florida,FAST,51755.85660973713,True,fresh|fc|sttl_k1_16,0
heldout_400,q_af23c4b7,Which college did the Pittsburgh Steelers' first round draft pick attend?,Georgia,FAST,203688.2067516497,True,fresh|fc|sttl_k1_16,0
heldout_400,q_f9667c6d,Which jockey rode the winning horse in the most recent Coronation Stakes?,Chris Hayes,FAST,177301.99933153857,True,fresh|fc|sttl_k1_16,0
heldout_400,q_dcc6b248,Who is the latest WNBA player to win the Rookie of the Year Award?,Aliyah Boston,FAST,142303.87015941337,True,fresh|fc|sttl_k1_16,0
heldout_400,q_6a9f5944,Which entity owned the winning horse of the most recent Arkansas Derby?,Albaugh Family Stables,FAST,144539.91411880357,True,fresh|fc|sttl_k1_16,0
heldout_400,q_5e68b428,From which city is the latest winner of the Bulwer-Lytton Fiction Contest?,"Maya Pasic New York, New York",FAST,41406.11003089812,True,fresh|fc|sttl_k1_16,0
heldout_400,q_b5910f81,What is the batting average (AVG) of the National League Silver Slugger Award winner at second base?,0.354,FAST,191582.11914409502,True,fresh|fc|sttl_k1_16,0
heldout_400,q_9b65bcba,Which horse won the last Irish Gold Cup?,Galopin Des Champs,FAST,22585.275239634284,True,fresh|fc|sttl_k1_16,0
heldout_400,q_88bc6deb,Who was the Lead for the team that clinched the title at the most recent United States Junior Men's Curling Championship?,Jackson Armstrong,FAST,243585.41580318916,True,fresh|fc|sttl_k1_16,0
heldout_400,q_595ca0b6,Who finished third in the latest edition of the World Freshwater Angling Championships?,England Sean Ashby,FAST,183244.40415113405,True,fresh|fc|sttl_k1_16,0
heldout_400,q_2ca95d4e,Who claimed the Points classification victory in the Vuelta a Burgos men's race?,Primož Roglič,FAST,38128.24753108093,True,fresh|fc|sttl_k1_16,0
heldout_400,q_5d7bcc7e,Who is the most recent recipient of the Anisfield-Wolf Book Award for Lifetime Achievement?,Charlayne Hunter-Gault,FAST,165273.69845668998,True,fresh|fc|sttl_k1_16,0
heldout_400,q_6657182b,Which male athlete won the Callahan Award most recently?,Justin Burnett,FAST,6940.3381100948,True,fresh|fc|sttl_k1_16,0
heldout_400,p_q_7889631c_0,What is the real identity of our administration Secretary of State?,Matthew Miller,MEDIUM,470345.9167192309,True,fresh|fc|sttl_k1_16,0
heldout_400,p_q_4ec7b3d4_1,Which individual is considered the most successful player in Dubai Pro League cricket?,Kodjo Laba,MEDIUM,335325.786141856,False,fresh|fc|sttl_k1_16,0
heldout_400,p_q_613da476_0,Awarded at the most recent Grandmaster Tournament of den vereinigten Schweizer Chess Fest in Biel.,Lê Quang Liêm,MEDIUM,252804.20247167096,True,fresh|fc|sttl_k1_16,0
heldout_400,p_q_0df35e70_1,Who worked with the Horse that Socked on Pupa! Prize Races Celebration Mile?,Ralph Beckett,MEDIUM,308397.99849816615,True,fresh|fc|sttl_k1_16,0
heldout_400,p_q_e9470503_0,Who holds the title of your maverick and last in CurlON Championships (moncages) skip in history?,Bryan Cochrane,MEDIUM,280314.29943701305,True,fresh|fc|sttl_k1_16,0
heldout_400,p_q_c6088f4c_2,Which team or individual emerged as the champion of Kategoria e Par?,Skënderbeu,MEDIUM,601055.4328313426,True,fresh|fc|sttl_k1_16,0
heldout_400,p_q_1ef14187_0,Who earned the championship title by setting new records for lap time at 12 hours of sebring?,Whelen Engineering Racing,MEDIUM,524286.66819751414,True,fresh|fc|sttl_k1_16,0
heldout_400,p_q_25725075_0,Who won Liga Departamental de ncash gold?,San Marcos,MEDIUM,139941.91793384805,True,fresh|fc|sttl_k1_16,0
heldout_400,p_q_58db0825_0,"Who was the jockey that powered the Swemphalysing Derby horse to home victory in 6: 153 feet, setting a record for fastest time since 1600 last year?",John R. Velazquez,MEDIUM,540047.2992849958,True,fresh|fc|sttl_k1_16,0
heldout_400,p_q_032b7664_1,Who is achieving the milestone in being the owner of the Kentucky Derby crown?,Rebecca Lowe and Ahmed Fareed,MEDIUM,76865.41095103437,True,fresh|fc|sttl_k1_16,0
heldout_400,p_q_039dd524_2,In which academic setting did the recent Dan Hodge Trophy victorian make his outing?,Michigan,MEDIUM,238557.47915708186,True,fresh|fc|sttl_k1_16,0
heldout_400,p_q_268237ac_1,Who presented the outstanding mount in Tenno Sho Autumn #2?,Christophe Lemaire,MEDIUM,227881.4853860286,True,fresh|fc|sttl_k1_16,0
heldout_400,p_q_33ca27e1_3,Who was chosen as the top horse by Warwick as colt’s third season winner at Musidora Stakes?,Frankie Dettori,MEDIUM,344915.52572444285,True,fresh|fc|sttl_k1_16,0
heldout_400,p_q_3f0409f7_0,"If they were up for the coveted Coach of Year Award in basketball, which team would have gone on to carry those players?",Connecticut Sun,MEDIUM,391346.5733766629,True,fresh|fc|sttl_k1_16,0
heldout_400,p_q_802fd2cb_1,Whopresently serves as the chief advisor for C.D. Guadalajaro?,SRB Veljko Paunović,MEDIUM,401512.16099014133,True,fresh|fc|sttl_k1_16,0
heldout_400,p_q_33ca27e1_0,Who came out of the field with swedish Arabia in the Musidora Stakes?,Frankie Dettori,MEDIUM,545771.5256065661,True,fresh|fc|sttl_k1_16,0
heldout_400,p_q_7810cebf_0,Which management style does the leading guy at LA Sparks apply to?,Curt Miller,MEDIUM,560791.9043847197,True,fresh|fc|sttl_k1_16,0
heldout_400,p_q_039dd524_1,Where did the Dan Hodge Trophy match happen?,Michigan,MEDIUM,251062.65295052624,True,fresh|fc|sttl_k1_16,0
heldout_400,p_q_2ac34d0d_1,Who was backing in the recent February Stakes victory?,Ryusei Sakai,MEDIUM,588959.191356715,True,fresh|fc|sttl_k1_16,0
heldout_400,p_q_a3b0afc4_2,"Among the players from the Israeli Basketball Premier League, who is commonly întâlnied?",Tyler Bey,MEDIUM,228461.30028519628,True,fresh|fc|sttl_k1_16,0
heldout_400,p_q_470d2d0f_2,Can you tell me the name of the most recent award recipient for Edgar Martnez Awards?,Shohei Ohtani,MEDIUM,589504.275528526,True,fresh|fc|sttl_k1_16,0
heldout_400,p_q_4e2156f7_3,What is the team manager's name from the list that won the rvalsdeild karla (basketball) championship in 1998?,Pavel Ermolinskij,MEDIUM,321263.82279459276,True,fresh|fc|sttl_k1_16,0
heldout_400,p_q_feab2243_2,Can you identify the reason for my recent interview with John Noble on TV?,Falco,MEDIUM,422657.8153265548,True,fresh|fc|sttl_k1_16,0
heldout_400,p_q_80aff2cd_0,Who secured the most significant advantage in the 24 Hours of Le Mans?,Ferrari – AF Corse,MEDIUM,468362.4245362268,True,fresh|fc|sttl_k1_16,0
heldout_400,p_q_b91d68ca_2,"Besides John Depp, who was the best performer in winning last year's Belmont Derby?",José Ortiz,MEDIUM,371441.1672833029,True,fresh|fc|sttl_k1_16,0
heldout_400,p_q_a9f6ddd4_2,When and where did the winning horse at the recent Hong Kong Sprint stakes turn to?,Manfred Man Ka-leung,MEDIUM,536817.4251211222,True,fresh|fc|sttl_k1_16,0
heldout_400,p_q_7c47387f_2,At what point in time was Walton Goggins most commonly seen on television?,Earl 'Peanutt' Montgomery,MEDIUM,585579.0993851854,True,fresh|fc|sttl_k1_16,0
heldout_400,p_q_7378baa7_0,Who designed the American League Championship Series MVP showcase?,Kevin Burkhardt,MEDIUM,410803.9453297374,True,fresh|fc|sttl_k1_16,0
heldout_400,p_q_f0b3ece2_2,Who suffered the most unfortunate defeat in the previous WSE Cup Finals?,HC Braga,MEDIUM,424813.0941941406,True,fresh|fc|sttl_k1_16,0
heldout_400,p_q_12d05949_0,Which jockey took the easy ride in setting up winning horse for today's Superlative Stakes?,Ryan Moore,MEDIUM,237774.4879036672,True,fresh|fc|sttl_k1_16,0
heldout_400,p_q_c0c0cc7f_0,"When can we expect to see Kevin Eldon in a TV show, and what are those shows?",Danger Mouse,MEDIUM,544181.8098117525,True,fresh|fc|sttl_k1_16,0
heldout_400,p_q_ec0efdba_2,Which account is written by Lyriq Bent for the TV series?,Pastor Mike Butler,MEDIUM,335496.8834407871,True,fresh|fc|sttl_k1_16,0
heldout_400,p_q_ed789c0a_0,Whose car is most likely to win the Spanish Grand Prix on today's date?,Max Verstappen,MEDIUM,475519.3797111888,False,fresh|fc|sttl_k1_16,0
heldout_400,p_q_a9520087_3,"When this play of theatre actor Dianne Pilkington comes out tonight, for whom?",Wicked Witch of the West / Miss Gulch,MEDIUM,406169.9589606891,True,fresh|fc|sttl_k1_16,0
heldout_400,p_q_71ca7be1_1,Who is now the favourite to win the Super League (Ireland) National Cup of Champions?,Maree,MEDIUM,410992.6711139373,True,fresh|fc|sttl_k1_16,0
heldout_400,p_q_618650f8_1,Which player currently leads the US Monastrium football team as its coach?,Darko Nović,MEDIUM,40403.32582589548,True,fresh|fc|sttl_k1_16,0
heldout_400,p_q_e7073d58_2,In how many countries couples get legally married?,34 countries,MEDIUM,459760.0771044609,True,fresh|fc|sttl_k1_16,0
heldout_400,p_q_10399b97_0,What is the intended goal of Slovaquis top scorer in Slovakia's 2. Liga team?,Tatran Prešov,MEDIUM,188353.64592298417,True,fresh|fc|sttl_k1_16,0
heldout_400,p_q_02665be9_2,"I'm not familiar with Damien Garvey from TV, can you provide some insight?",The Artful Dodger,MEDIUM,593526.2055273448,True,fresh|fc|sttl_k1_16,0
heldout_400,p_q_be7863cd_3,I'm curious about the name of a fresh-released animated series from America on Netflix. Any recommendations?,Nature Cat,MEDIUM,391036.60074985295,True,fresh|fc|sttl_k1_16,0
heldout_400,p_q_bd8d50a7_3,"Among the contestants in this year's FIS Snowboard World Cup, who has secured third place?",Josie Baff,MEDIUM,192539.1152245789,True,fresh|fc|sttl_k1_16,0
heldout_400,p_q_58db0825_2,When did the jockey score 1/1 for his fastest start in the Southwest Stakes?,John R. Velazquez,MEDIUM,180134.18530731605,True,fresh|fc|sttl_k1_16,0
heldout_400,p_q_39cd95a7_3,Where will be the NeurIPS in 2016?,New Orleans,MEDIUM,405971.61549835233,True,fresh|fc|sttl_k1_16,0
heldout_400,p_q_145203c8_3,"During the most recent Preis von Europa race, which jockey was the one who owned the $900kgeld horse that emerged victorious?",Rene Piechulek,MEDIUM,478686.0639749837,True,fresh|fc|sttl_k1_16,0
heldout_400,p_q_d1fc1f80_0,Can you tell me the birth place of Miss Hawaii?,Honolulu,MEDIUM,559183.0012520009,True,fresh|fc|sttl_k1_16,0
heldout_400,p_q_292449b7_1,Who was the trainer of choice for the winner of today's Jeff Ruby Steaks race?,Larry Rivelli,MEDIUM,490902.11323102174,False,fresh|fc|sttl_k1_16,0
heldout_400,p_q_cfdd4441_0,Which grade school took home the Pop-Tarts Bowl crown in all of sports?,Kansas State,MEDIUM,361080.29153963225,True,fresh|fc|sttl_k1_16,0
heldout_400,p_q_8a614432_0,Which school was named the third-best team in the NCAA Division I men's soccer tournament?,Oregon State,MEDIUM,270302.50853503554,True,fresh|fc|sttl_k1_16,0
heldout_400,p_q_b220eed5_0,Who claimed the top position in yesterday's HighPoint.com 400?,Denny Hamlin,MEDIUM,407919.33126172813,True,fresh|fc|sttl_k1_16,0
heldout_400,p_q_d0a493c9_1,Who is the Captain of KK MZT Skopje now?,Aleksandar Petrović  Dragan Nikolić  Vasko Atanasov,MEDIUM,205045.9277163338,True,fresh|fc|sttl_k1_16,0
heldout_400,p_q_8b7e079f_0,What was the following place for the Women's PGA Championship?,Baltusrol Golf Club,MEDIUM,539517.0018946755,True,fresh|fc|sttl_k1_16,0
heldout_400,p_q_f0b3ece2_0,What is the second-most beaten team in this year's WSE Cup Final?,HC Braga,MEDIUM,593716.1454907428,True,fresh|fc|sttl_k1_16,0
heldout_400,p_q_63335fe3_0,What is the name of the leading sub division in the sumo tournament held at Tokyo during January?,Takakeishō,MEDIUM,323516.733969959,True,fresh|fc|sttl_k1_16,0
heldout_400,p_q_60703185_3,Who are the drivers who have achieved success in winning Indian National Rally Championship?,Aroor Arjun Rao,MEDIUM,140231.6727191728,True,fresh|fc|sttl_k1_16,0
heldout_400,p_q_78ed83ff_1,What is the known team that has won all of these TC2000 Championships?,Axion Energy Sport,MEDIUM,286077.0874525807,True,fresh|fc|sttl_k1_16,0
heldout_400,p_q_f7bf87d7_1,What club did the best goalscorer of Ekstraklasa join?,Jagiellonia Białystok,MEDIUM,490016.5922509624,True,fresh|fc|sttl_k1_16,0
heldout_400,p_q_9bcda30d_2,Which manager from the American League won the 2015 Sporting News Manager of The Year Award?,Brandon Hyde,MEDIUM,341589.2044313497,True,fresh|fc|sttl_k1_16,0
heldout_400,p_q_79f6b4eb_3,How many contestants made it to the final round of the Archibald Prize?,57.0,MEDIUM,421318.27787236427,True,fresh|fc|sttl_k1_16,0
heldout_400,p_q_57d1c01a_3,Who is handling FK Partizan?,Gordan Petrić,MEDIUM,493140.315373476,True,fresh|fc|sttl_k1_16,0
heldout_400,p_q_4ccc0c84_0,What is the automobile model indicated in A-GAME 200 that won?,19,MEDIUM,201731.81046139958,False,fresh|fc|sttl_k1_16,0
heldout_400,p_q_7b41f83f_3,Who are both co-winners of the Eddy Choong Player of The Year award?,South Korea,MEDIUM,542083.5786669365,True,fresh|fc|sttl_k1_16,0
heldout_400,p_q_560436e5_2,Which player has been successful in securing the recipient of the Sheffield Wednesday F.C. Player of Year award?,Liam Palmer,MEDIUM,423388.0435604723,True,fresh|fc|sttl_k1_16,0
heldout_400,p_q_134c8d29_3,Who manages the Education Commission of the States as its chairman?,Asa Hutchinson,MEDIUM,433554.0026397627,True,fresh|fc|sttl_k1_16,0
heldout_400,p_q_0c61ace3_3,What individual was declared the winner of the Giant Slalom Men's World Cup?,Marco Odermatt,MEDIUM,490193.4779826022,True,fresh|fc|sttl_k1_16,0
heldout_400,p_q_75c9b763_1,What was the complete amount of funds included in the winning package at this year's Women' British Open?,"9,000,000",MEDIUM,149583.66813401162,True,fresh|fc|sttl_k1_16,0
heldout_400,p_q_1480c99d_0,Which school was last in the Iowa High School Athletic Association Baseball Summer 3A State Tournament?,Western Dubuque,MEDIUM,471860.6714693952,True,fresh|fc|sttl_k1_16,0
heldout_400,p_q_a3225b4a_0,Which director recently made their first Film for the Academy Award - Best International Feature film in Iceland?,Hlynur Pálmason,MEDIUM,585669.3214053793,True,fresh|fc|sttl_k1_16,0
heldout_400,p_q_0bf77f06_0,PFA Scotland Players Player of Year Scottish Championship ?,Dipo Akinyemi,MEDIUM,179615.29023477505,True,fresh|fc|sttl_k1_16,0
heldout_400,p_q_20085526_2,Who received the first base Gold Glove Award in the National League?,Christian Walker,MEDIUM,436669.07548375183,True,fresh|fc|sttl_k1_16,0
heldout_400,p_q_9ad1cf95_3,Which jockey's horse earned the crown in last year'' Queen'S Vase?,Frankie Dettori,MEDIUM,444225.7040919117,True,fresh|fc|sttl_k1_16,0
heldout_400,p_q_eead7ef7_1,Who worked as the trainer for the Racking Horse that claimed the World Grand Champion title at the recent Racker World Celebration?,Chris Zahnd,MEDIUM,437994.07329436974,True,fresh|fc|sttl_k1_16,0
heldout_400,p_q_f54d3aa2_1,Who is the appointed head coach of Galatasaray S.K. men's basketball team?,Greece Andreas Pistiolis,MEDIUM,508690.1514537191,True,fresh|fc|sttl_k1_16,0
heldout_400,p_q_c354442b_3,Which individual presides as the Foreign Affairs Minister of Madagascar?,Léon Rakotonirina  Acting Minister,MEDIUM,312229.02224117314,True,fresh|fc|sttl_k1_16,0
heldout_400,p_q_8aa09cab_1,Who is presently the scorer in 2. Bundesliga?,1. FC Heidenheim,MEDIUM,530391.2335582941,True,fresh|fc|sttl_k1_16,0
heldout_400,p_q_995c0608_1,Who is the primary quarterback for the Florida Gators?,Graham Mertz,MEDIUM,574043.1904391221,True,fresh|fc|sttl_k1_16,0
heldout_400,p_q_3e574628_1,What is the rank of the Highlanders (to date) bonus points for rugby union season?,2,MEDIUM,362421.7684701234,True,fresh|fc|sttl_k1_16,0
heldout_400,p_q_5eaf6b2e_0,Which team clinched the Fresh From Florida 250 title?,Front Row Motorsports,MEDIUM,364370.2022052828,True,fresh|fc|sttl_k1_16,0
heldout_400,p_q_cfdd4441_2,Which school was most recently honored with the Pop-Tarts Bowl MVP award?,Kansas State,MEDIUM,237004.68429070798,True,fresh|fc|sttl_k1_16,0
heldout_400,p_q_82aed09c_0,Who recently took the Seiun award for Best Artist?,Naoyuki Kato,MEDIUM,258821.3593617014,True,fresh|fc|sttl_k1_16,0
heldout_400,p_q_f0b7eef3_2,Who received the Nancy Lieberman Award lately?,Caitlin Clark,MEDIUM,358131.07864840765,False,fresh|fc|sttl_k1_16,0
heldout_400,p_q_c988b01c_2,What is the name of which country participated in the most recent World Junior Speed Skating Championships?,Germany,MEDIUM,318603.12766635366,True,fresh|fc|sttl_k1_16,0
heldout_400,p_q_fc92fe13_3,Which soccer team took the second spot in Slovakia's 2. Liga?,Tatran Prešov,MEDIUM,245048.37616131426,True,fresh|fc|sttl_k1_16,0
heldout_400,p_q_44acf3c6_0,Can you tell me who was the jockey behind the winning horse in the latest Del Mar Debutante Stakes?,Mike E. Smith,MEDIUM,571062.5183149485,True,fresh|fc|sttl_k1_16,0
heldout_400,p_q_787a3f9a_1,What is the name of the female skater who earned the bronze medal in the Novice B category at the Japan Junior Figure Skating Championships?,Aoha Hoshi,MEDIUM,578242.0196950221,True,fresh|fc|sttl_k1_16,0
heldout_400,q_ae23812e,What was the to par score achieved by the winner of the last The American Express golf tournament?,−27,MEDIUM,280788.0963325486,True,fresh|fc|sttl_k1_16,0
heldout_400,q_3df25b36,Which publisher released the book that most recently won the Miles Franklin Award?,Ultimo Press,MEDIUM,171549.98784399126,True,fresh|fc|sttl_k1_16,0
heldout_400,q_96543752,Who is the current top league goalscorer for HNK Hajduk Split?,Marko Livaja,MEDIUM,63445.26293398648,True,fresh|fc|sttl_k1_16,0
heldout_400,q_a815ecba,Where was the most recent West Virginia Open held?,"Berry Hills Country Club, Charleston",MEDIUM,126566.31047344625,True,fresh|fc|sttl_k1_16,0
heldout_400,q_01679395,Which cyclist came third in the most recent La Flèche Wallonne Féminine?,Gaia Realini,MEDIUM,166574.06827643028,True,fresh|fc|sttl_k1_16,0
heldout_400,q_18350211,Which Major League Soccer team had the lowest average attendance?,Houston Dynamo FC,MEDIUM,248073.92807449886,True,fresh|fc|sttl_k1_16,0
heldout_400,q_a2ed487a,Which ice dancing pair won the gold medal at the most recent Australian Figure Skating Championships?,Romy Malcolm / Kobi Chant,MEDIUM,131539.00912208224,True,fresh|fc|sttl_k1_16,0
heldout_400,q_738b3f1b,Who won the Hungarian Grand Prix most recently?,Max Verstappen,MEDIUM,82560.89990640759,True,fresh|fc|sttl_k1_16,0
heldout_400,q_c241368e,Who is the most recent winner of the New York City Marathon in the Women's open division?,Hellen Obiri,MEDIUM,12556.715619665669,True,fresh|fc|sttl_k1_16,0
heldout_400,q_e4b76a30,Who is recognized as the year-by-year playoff free throw scoring leader in the National Basketball Association?,Jimmy Butler^000MIA,MEDIUM,258966.99372744706,True,fresh|fc|sttl_k1_16,0
heldout_400,q_29e53c6d,Who rode the winning horse in the latest edition of the Black-Eyed Susan Stakes?,Rafael Bejarano,MEDIUM,125336.75555995261,True,fresh|fc|sttl_k1_16,0
heldout_400,q_b2e307b2,Who won the most recent La Flèche Wallonne?,Tadej Pogačar,MEDIUM,67382.92559087608,True,fresh|fc|sttl_k1_16,0
heldout_400,q_dafccfb8,Who is serving as the current president of the New Democratic Party?,Mary Shortall,MEDIUM,273902.78787634504,True,fresh|fc|sttl_k1_16,0
heldout_400,q_3e574628,How many bonus points have the Highlanders achieved in their last reported rugby union season standings?,2,MEDIUM,179334.06302767945,True,fresh|fc|sttl_k1_16,0
heldout_400,p_q_36d47c00_2,Name the country where with outbreak most recent membosis occurs first?,United Kingdom,SLOW,309431.26006410934,True,fresh|fc|sttl_k1_16,0
heldout_400,p_q_379e630f_0,Who has retained their European football success throughout the Superliga season?,BC TSU Tbilisi,SLOW,554881.8063388249,True,fresh|fc|sttl_k1_16,0
heldout_400,p_q_f861b3a0_2,Which congressional district in Oklahoma is currently the 14th highest electoral division?,100px Josh Brecheen,SLOW,426879.4056446743,True,fresh|fc|sttl_k1_16,0
heldout_400,p_q_ad4bef3e_1,What is the version of this surface-to-1 spacecraft that holds the current status report?,flyby,SLOW,352476.0333653617,True,fresh|fc|sttl_k1_16,0
heldout_400,p_q_fae0b0bb_2,"Who secured the runner-up spot in Game 1, which team played second division game(s) of NLE?",Philadelphia,SLOW,578114.9608797928,True,fresh|fc|sttl_k1_16,0
heldout_400,p_q_5b859382_3,Which track kickers are racing for the Preakness Stakes?,"Randy Moss, Jerry Bailey and Matt Bernier",SLOW,256072.84031465373,True,fresh|fc|sttl_k1_16,0
heldout_400,p_q_2c3456d3_3,Who also sails the first flag for Colin Hufman on her curling outboard?,John Shuster,SLOW,56074.53627699734,True,fresh|fc|sttl_k1_16,0
heldout_400,p_q_c51c0b2b_0,What is the 7th congressional district in Arkansas according to US House of Representatives?,Bruce Westerman,SLOW,164341.94317487083,True,fresh|fc|sttl_k1_16,0
heldout_400,p_q_13b3027b_2,What was the last game from Club La Matica (Hospital Vereinigung).?,Potros de La Matica,SLOW,333716.49088834185,True,fresh|fc|sttl_k1_16,0
heldout_400,p_q_2b61b711_1,Final 2 lietuvos krepinio lyga season?,Rytas,SLOW,312262.25018449593,True,fresh|fc|sttl_k1_16,0
heldout_400,p_q_526494bb_0,Newly mown basketball series (bsn): Who is this year's champion?,Gigantes de Carolina,SLOW,502850.8026522255,True,fresh|fc|sttl_k1_16,0
heldout_400,p_q_a64535bb_3,"Can you provide me with the name of the current ""Hindi handball team"" represented in Koblero?",Sport36-Komló,SLOW,268948.70741732756,True,fresh|fc|sttl_k1_16,0
heldout_400,p_q_a18ad11b_1,To whom is the Republican ideal candidate currently sitting in Congress?,Kevin McCarthy,SLOW,249936.83310609928,True,fresh|fc|sttl_k1_16,0
heldout_400,p_q_0abe1d0e_2,Can you tell me the number of SEC men's football games they played and their number standing in ACC?,4,SLOW,152056.06276870242,True,fresh|fc|sttl_k1_16,0
heldout_400,p_q_2e845b85_1,What was the last lottery draft number in selection for Australian Football League?,NAB League,SLOW,270303.459173832,True,fresh|fc|sttl_k1_16,0
heldout_400,p_q_56aea0d0_1,Who won't be next at the Algerian Women Women Championship?,Afak Relizane,SLOW,304322.44233159337,True,fresh|fc|sttl_k1_16,0
heldout_400,p_q_ac7fde07_1,Which boxer is up for the IBF world welter title in 2009?,Errol Spence Jr.,SLOW,537113.9368321665,True,fresh|fc|sttl_k1_16,0
heldout_400,p_q_f5380c95_0,Which booster will safely launch the next range of Intelsat satellite?,Falcon 9 Block 5,SLOW,165396.6255102958,True,fresh|fc|sttl_k1_16,0
heldout_400,p_q_083bf58e_1,What is the current origin of Peru's soccer uniforms?,Germany Adidas,SLOW,232928.67365681654,True,fresh|fc|sttl_k1_16,0
heldout_400,p_q_cf26826b_2,"Last year, the final team crowned women's champions in Division I of NCAA. Which squad emerged victorious on Wednesday?",Virginia,SLOW,151920.166123986,True,fresh|fc|sttl_k1_16,0
heldout_400,p_q_2b61b711_3,Who won the second place position in last season's Lietuvos calendar 2014 League?,Rytas,SLOW,463074.7309384783,True,fresh|fc|sttl_k1_16,0
heldout_400,p_q_e5616ef7_3,Can you name a South Australian AFL team?,West Coast,SLOW,335147.36573742446,True,fresh|fc|sttl_k1_16,0
heldout_400,p_q_9edf5bd2_0,Can you tell me about the Commonwealth of Pennsylvania and its representative?,Stacy Garrity,SLOW,560728.3205008982,True,fresh|fc|sttl_k1_16,0
heldout_400,p_q_3055ab76_1,"By whom has the Syrian Cup been raised in February 2012, as of their recent win?",Tishreen,SLOW,206892.82615863087,True,fresh|fc|sttl_k1_16,0
heldout_400,p_q_511a84fd_1,In which clubhouse does Jeanfield Swifts F.C. occur?,East of Scotland Premier Division,SLOW,348822.77858446044,True,fresh|fc|sttl_k1_16,0
heldout_400,p_q_2be2d65b_2,"The Puerto Rican arch-rival in heptathlon, which athletics meet did the team participate in?",New Mexico Collegiate Classic,SLOW,540621.3517710619,True,fresh|fc|sttl_k1_16,0
heldout_400,p_q_3055ab76_0,Which region crowned the winner of the 2016 Syrian Cup?,Tishreen,SLOW,128234.89885070414,True,fresh|fc|sttl_k1_16,0
heldout_400,p_q_d62648af_1,Who has been with the leading department or entity responsible for defining the last journalist's death in Bangladesh?,IFJ,SLOW,161543.74677631012,True,fresh|fc|sttl_k1_16,0
heldout_400,p_q_50156db6_0,How many votes are all against the initial Budget Implementation Act's 1997 version?,115,SLOW,352384.23987886496,False,fresh|fc|sttl_k1_16,0
heldout_400,p_q_91a992f1_1,"Whose identity is considered to be protected by a bond of 86 years in Federal Medical Center, Carswell?",Angela Baldwin,SLOW,594562.8640787876,True,fresh|fc|sttl_k1_16,0
heldout_400,p_q_53e77e63_0,How many contestants occupy the Ace Attorney main series?,6,SLOW,259844.04289561821,True,fresh|fc|sttl_k1_16,0
heldout_400,p_q_ba4e488d_2,Can you explain the procedure followed to choose an Indiana Representative for the 9th congressional district?,Elected in 2016. Re-elected in 2018. Re-elected in 2020. Retired.,SLOW,283380.13046945125,True,fresh|fc|sttl_k1_16,0
heldout_400,p_q_c685de49_3,Who is currently stocking up on AC Milan's jersey sales?,The Emirates Group,SLOW,319619.10273593233,True,fresh|fc|sttl_k1_16,0
heldout_400,p_q_aca03251_3,Which team clinched the Mid-Ohio Athletic Conference Football Championship in Division 13?,"Ontario, Shelby",SLOW,570637.839833693,True,fresh|fc|sttl_k1_16,0
heldout_400,p_q_f070a7a3_3,Who is the title sponsor of the studio analyst spotlight on NFL Today show?,Phil Simms,SLOW,263962.6041320399,True,fresh|fc|sttl_k1_16,0
heldout_400,p_q_bd3daa9d_0,What firm is currently sending a research crew to Mars?,NASA,SLOW,585893.0957925278,True,fresh|fc|sttl_k1_16,0
heldout_400,p_q_5b859382_2,What are the names of the TV announcers covering the Preakness Stakes?,"Randy Moss, Jerry Bailey and Matt Bernier",SLOW,442664.7175486973,True,fresh|fc|sttl_k1_16,0
heldout_400,p_q_5abb871e_2,"According to the current Greek Basket League Performance Index Rating, which team will be competing for the best group?",Olympiacos,SLOW,487218.3447589752,True,fresh|fc|sttl_k1_16,0
heldout_400,p_q_1ff720ce_2,"With whom does the candy desk of the united states senators (e.g.), which one's state?",Pennsylvania,SLOW,483530.44230135076,True,fresh|fc|sttl_k1_16,0
heldout_400,p_q_261a287e_0,Which team secured the highest point in the National League East?,Atlanta Braves,SLOW,337020.5014291821,True,fresh|fc|sttl_k1_16,0
heldout_400,p_q_5ee0c56a_2,What was the latest natural disaster in Ethiopia?,Finote Selam drone strike,SLOW,312820.4870122039,True,fresh|fc|sttl_k1_16,0
heldout_400,p_q_e619abe5_1,"Presently, who is the renowned soccer athlete from Brazil?",Pelé,SLOW,406947.5936025187,True,fresh|fc|sttl_k1_16,0
heldout_400,p_q_4e2929ec_0,How many people have stumbled upon Mars?,No humans have been to Mars yet.,SLOW,106564.71048740872,False,fresh|fc|sttl_k1_16,0
heldout_400,p_q_7dd95f30_3,What team did they send in for the recent Hogmanay celebration airing from BBC Scotland?,Edith Bowman Amy Irons,SLOW,525971.5796333569,True,fresh|fc|sttl_k1_16,0
heldout_400,p_q_0862570f_2,What district includes Utah's 4th congressional area?,Burgess Owens,SLOW,398365.16286200436,True,fresh|fc|sttl_k1_16,0
heldout_400,p_q_5e06e717_3,Who is the previous sensational participant of Boston Marathon Men WM wheelchair race?,Marcel Hug,SLOW,100382.63859280426,True,fresh|fc|sttl_k1_16,0
heldout_400,p_q_36e2eae5_1,Please inform me about the representative of Maine's 2nd congressional district.,Jared Golden,SLOW,298148.10630647145,True,fresh|fc|sttl_k1_16,0
heldout_400,p_q_eb7ff4b6_1,Which national team won the penultimate NCAA Men's Water Polo Championship?,UCLA,SLOW,491541.77550883323,False,fresh|fc|sttl_k1_16,0
heldout_400,p_q_fc04cade_2,Could you tell me the title of Lady Byng Memorial Trophy winner?,Los Angeles Kings,SLOW,284823.55183521454,True,fresh|fc|sttl_k1_16,0
heldout_400,p_q_379e630f_3,Who has clinched the title of Superliga (Georgia)?,BC TSU Tbilisi,SLOW,436930.439952765,True,fresh|fc|sttl_k1_16,0
heldout_400,p_q_8dc147d0_0,Which nation recently awarded the Nobel Prize for Literature?,Norway,SLOW,187686.68643071403,True,fresh|fc|sttl_k1_16,0
heldout_400,p_q_ecea34ae_3,Which team was dropped off the positions as finalists for the North Kerry Senior Football Championship this year?,St. Senan's,SLOW,518459.28260238434,True,fresh|fc|sttl_k1_16,0
heldout_400,p_q_8d51049f_1,In which North American Premiership is Westfields F.C. currently occupying?,Hellenic League Premier Division,SLOW,350469.8606851411,False,fresh|fc|sttl_k1_16,0
heldout_400,p_q_eed8ece1_3,Which team emerged victorious in the latest version of UK Championship final?,"Barbican Centre, York",SLOW,208778.59784407145,True,fresh|fc|sttl_k1_16,0
heldout_400,p_q_03f72c57_0,When was the ultimate FA Trophy competition held?,Wembley Stadium,SLOW,136242.23430275545,True,fresh|fc|sttl_k1_16,0
heldout_400,p_q_424c03e3_2,"In the past Bathurst 1000 race, which driver joined Craig Lowndes for all to pass?",Zane Goddard,SLOW,469866.60117022484,True,fresh|fc|sttl_k1_16,0
heldout_400,p_q_63a44892_2,Who came out on top in the Estonian Supercup?,Paide,SLOW,501635.42739438487,True,fresh|fc|sttl_k1_16,0
heldout_400,p_q_e63f6e9e_3,What football team have they lifted the KNVB Women's Cup recently?,FC Twente,SLOW,558552.9511243333,True,fresh|fc|sttl_k1_16,0
heldout_400,p_q_ffc74be2_1,Who is responsible for heading the Indian Association for the Cultivation of Science?,Ranjan Sen,SLOW,501394.50498159736,True,fresh|fc|sttl_k1_16,0
heldout_400,p_q_8bfaeff4_2,Currently which are the parts in California's 48th congressional district?,2023–present: 300px Central and eastern portions of San Diego county,SLOW,511662.67123808106,True,fresh|fc|sttl_k1_16,0
heldout_400,p_q_b6e5a108_0,Specifically which school received and was the recipient of members winning NSW Union Of Ex-Oarswomen Rose Evans trophy?,St Catherine's,SLOW,372976.23375646584,True,fresh|fc|sttl_k1_16,0
heldout_400,p_q_2053c0d3_3,Who is the current professional football referee and Professional refereed team leader in Belgian Prof?,Jonathan Lardot,SLOW,117872.8669263116,True,fresh|fc|sttl_k1_16,0
heldout_400,p_q_25a74024_0,Who currently presents the new series of Carols for Vision Australia by Candlelight?,Sarah Abo and David Campbell,SLOW,570175.6931547669,True,fresh|fc|sttl_k1_16,0
heldout_400,p_q_d3e5ec72_3,What was the last hosting city for the Texas State Open?,Tyler,SLOW,397881.68878988584,True,fresh|fc|sttl_k1_16,0
heldout_400,p_q_02819f41_3,Who is the current head of schools at St Clare's College in Waverley and how long has this tenure gone to?,Ann Freeman,SLOW,101112.13871925382,False,fresh|fc|sttl_k1_16,0
heldout_400,p_q_f1c6af26_3,Who occupies the top spot as Bangalore's tallest skyscraper?,CNTC Presidential Tower,SLOW,294993.9716863204,True,fresh|fc|sttl_k1_16,0
heldout_400,p_q_8fb47752_2,Which city has the speaker of house now born in America?,"Gastonia, North Carolina",SLOW,565141.9931840678,True,fresh|fc|sttl_k1_16,0
heldout_400,p_q_7a065d8f_1,Do any recognized color commentators participate in the national broadcast of NBA Finals?,Doris Burke and P. J. Carlesimo,SLOW,602275.4557691865,True,fresh|fc|sttl_k1_16,0
heldout_400,p_q_2fafc2f1_0,"The person who is acting as the coach for Stade Malherbe Caen, what are his current position?",Stéphane Moulin,SLOW,487942.93126256287,True,fresh|fc|sttl_k1_16,0
heldout_400,p_q_4882dc27_3,Who is the current manager of Iceland's well-known men' team in handball?,Guðmundur Guðmundsson,SLOW,256953.1464030036,True,fresh|fc|sttl_k1_16,0
heldout_400,p_q_e4dd7c4d_0,Which team claimed the British Basketball League Trophy?,Caledonia Gladiators,SLOW,566251.2382412746,True,fresh|fc|sttl_k1_16,0
heldout_400,p_q_adf4be31_0,Who is currently heading Ranabima Royal College as an principal?,Ranjith Rajapaksha,SLOW,394246.4831869824,True,fresh|fc|sttl_k1_16,0
heldout_400,p_q_ecea34ae_0,Who claimed the second place in the most recent North Kerry Senior Football Championship final?,St. Senan's,SLOW,572311.8262417212,True,fresh|fc|sttl_k1_16,0
heldout_400,p_q_0c7e44a5_0,Can you tell me the name of the current senator from Lagos West Senatorial District?,Oluranti Adebule,SLOW,461493.76209653076,True,fresh|fc|sttl_k1_16,0
heldout_400,p_q_37fa4f89_0,Who holds the position of Attorney General in Texas at presently?,Angela Colmenero Interim,SLOW,358373.9938408745,True,fresh|fc|sttl_k1_16,0
heldout_400,p_q_8892bc4b_2,Where did the BBL Trophy Final occur most recently?,Glasgow,SLOW,96082.1208451516,True,fresh|fc|sttl_k1_16,0
heldout_400,p_q_7be67437_0,What company is presently in charge of producing the Trabzonspor kit?,Macron,SLOW,292842.2279994277,True,fresh|fc|sttl_k1_16,0
heldout_400,p_q_36e2eae5_2,Who currently holds the 2nd congressional district in Maine's U.S. Representative position?,Jared Golden,SLOW,166102.0486829948,True,fresh|fc|sttl_k1_16,0
heldout_400,p_q_3cae62d9_1,Who represents Calgary-Shaw in the Legislative Assembly at present?,Rebecca Schulz,SLOW,485474.95883466944,True,fresh|fc|sttl_k1_16,0
heldout_400,p_q_baf11e36_2,With which political party is the second deputy speaker of Finland's Parliament in position?,Finns Party,SLOW,177493.8444985734,True,fresh|fc|sttl_k1_16,0
heldout_400,p_q_2e0c6ace_2,Who currently holds the position of Secretary in the Pennsylvania Department of Health?,Denise Johnson,SLOW,257322.40843614284,True,fresh|fc|sttl_k1_16,0
heldout_400,p_q_593f6d73_3,What is the identity of the school that secured the eighth position in the South Australian Head Of The River race?,Adelaide HS,SLOW,473437.1293438929,True,fresh|fc|sttl_k1_16,0
heldout_400,p_q_dd9fd589_2,How many tornados met classification F3/EF3?,"≥ 2,701",SLOW,594536.7862697233,True,fresh|fc|sttl_k1_16,0
heldout_400,p_q_69f7cd76_3,Which politician currently serves in Michigan's 7th congressional district?,100px Elissa Slotkin,SLOW,385798.2209805978,True,fresh|fc|sttl_k1_16,0
heldout_400,q_efe174f0,What is the cabinet number currently in office in Turkey?,66,SLOW,290083.2923667088,True,fresh|fc|sttl_k1_16,0
heldout_400,q_14993a2f,Who is the current Formula One World Drivers' Champion?,Max Verstappen,SLOW,116411.92444582333,True,fresh|fc|sttl_k1_16,0
heldout_400,q_7c0a6cba,Who is the current representative for Michigan's 8th congressional district?,100px Elissa Slotkin,SLOW,49304.589953968905,True,fresh|fc|sttl_k1_16,0
heldout_400,q_63a44892,Which team won the Estonian Supercup?,Paide,SLOW,198609.86309979128,True,fresh|fc|sttl_k1_16,0
heldout_400,q_cad562c6,Which network broadcasts the NBA Finals?,ESPN Deportes,SLOW,389.1909473071013,True,fresh|fc|sttl_k1_16,0
heldout_400,q_617ac749,Who is the current Dean of the Virginia Tech College of Architecture and Urban Studies?,Rosemary Blieszner,SLOW,19511.879670386967,True,fresh|fc|sttl_k1_16,0
heldout_400,q_91fe9bbc,Who is the current head coach of the Philadelphia Eagles?,Nick Sirianni,SLOW,149080.39519143195,True,fresh|fc|sttl_k1_16,0
heldout_400,q_3ee7411d,Who is the current bench coach for the St. Louis Cardinals?,Joe McEwing,SLOW,198807.91918422576,True,fresh|fc|sttl_k1_16,0
heldout_400,q_a8f577f5,Where was the most recent Grammy Awards ceremony held?,Crypto.com Arena,SLOW,298978.7509560862,True,fresh|fc|sttl_k1_16,0
heldout_400,q_6aed1558,What is the name of the person holding the presidency at Purdue University?,Mung Chiang,SLOW,45400.407875800454,True,fresh|fc|sttl_k1_16,0
heldout_400,q_a1c19e16,Who currently represents California's 9th congressional district?,100px Josh Harder,SLOW,96359.6525092699,True,fresh|fc|sttl_k1_16,0
heldout_400,q_cc86e7a2,"Who directed the latest theater production of ""Piège pour un homme seul""?",Michel Fau,SLOW,39158.2891745176,True,fresh|fc|sttl_k1_16,0
heldout_400,q_f93213af,What racing series is Sébastien Loeb currently participating in?,Dakar Rally,SLOW,88322.42149963332,False,fresh|fc|sttl_k1_16,0
heldout_400,q_7dd95f30,Who hosted BBC Scotland's most recent Hogmanay celebration broadcast?,Edith Bowman Amy Irons,SLOW,34107.574544022806,True,fresh|fc|sttl_k1_16,0
heldout_400,p_q_9432e97c_0,Who was the closest friend that Republicans raised in 2003?,Ronald Reagan's,TIMELESS,366881.55667303776,True,fresh|fc|sttl_k1_16,0
heldout_400,p_q_fd2b644e_0,"Batting, Cornerstones, Sashing and Layer Cake are all related terms used in popular history to describe building activities.",Quilting,TIMELESS,402220.3150306534,True,fresh|fc|sttl_k1_16,0
heldout_400,p_q_008dbbf5_1,"Determine the name of the animal that was targeted by London's Rivers Taw in Henry Williamson'Stormy Cat series? Also, note down The Ballston Road is located on England House.",TARKA THE OTTER,TIMELESS,355085.38499079004,True,fresh|fc|sttl_k1_16,0
heldout_400,p_q_cff65f30_2,"What carnivorous creature is commonly referred to as the ""babirusa,"" specifically known as this one?",Pig,TIMELESS,524215.5198547585,True,fresh|fc|sttl_k1_16,0
heldout_400,p_q_fc47ce8e_3,Do you know when the building of Berlin was destroyed?,"Nov 9, 1989",TIMELESS,597507.7742821656,True,fresh|fc|sttl_k1_16,0
heldout_400,p_q_b6529205_3,What is the related international occupational term for wasted substance?,Diamonds,TIMELESS,448932.140625498,True,fresh|fc|sttl_k1_16,0
heldout_400,p_q_8f04e897_0,What value of dismissal do you give to a ball in the game of cricket?,111,TIMELESS,496379.52679042536,True,fresh|fc|sttl_k1_16,0
heldout_400,p_q_9ffc1ed9_0,"""The title of the film (title) called its opening scene a parody?"" Related Responses: Where did all these scenes come together on one page, just in case. Besides this movie (by Disney Universal fame), it might make some good standalone extracts because we're supposed to be films from 80 Quirky Parties.""",Jaws,TIMELESS,566083.1790961351,True,fresh|fc|sttl_k1_16,0
heldout_400,p_q_6e543930_1,Where can we find a simulation of world building in The Land of Azeroth game development?,Warcraft,TIMELESS,507395.6436816779,True,fresh|fc|sttl_k1_16,0
heldout_400,p_q_f618e806_2,"What is the designated area of the National Air and Space Museum in Los Angeles, California?",Washington,TIMELESS,160457.61238088313,True,fresh|fc|sttl_k1_16,0
heldout_400,p_q_c9965b56_2,"I'm curious to know who made famous chairs from Olivetti, Olympia and the six Arms established in Italy starting in the 1900.",Typewriters,TIMELESS,416274.3807406493,True,fresh|fc|sttl_k1_16,0
heldout_400,p_q_35e41392_1,"Which constellation has stars including the Aztec Aphoris, Asheroes, Radius and Argentores; Regulus, Denebola; Wolf, Geishinia, Galaxie, Bengalium, Freud, Algieba?",Leo,TIMELESS,601614.4633585649,True,fresh|fc|sttl_k1_16,0
heldout_400,p_q_83e37c6e_2,"In which Shakespeare play does the line, ""Let there be no contrived obstructed light,"" speak with which strand of mercy only chill like ""trembling on water ... Tucumlum""?","""Portia in """"The Merchant of Venice""""""",TIMELESS,380413.91956445045,True,fresh|fc|sttl_k1_16,0
heldout_400,p_q_9f07f1e2_3,"During the 50s, Red Lion and the Greyhound were followed by Yellow London before Everton. Which pub is considered to have been more popular?",'THE CROWN',TIMELESS,596843.9434420986,True,fresh|fc|sttl_k1_16,0
heldout_400,p_q_3a68f125_0,"In public viewings, which government spokesperson challenges the topic by knocking on three chances when the House of Commons is opened?",Black Rod,TIMELESS,462917.7681490722,True,fresh|fc|sttl_k1_16,0
heldout_400,p_q_2ba29c4f_0,Who was the personal assistant to J F Kennedy as her legal representative in Washington D.C.?,Robert Kennedy,TIMELESS,431966.8237109267,True,fresh|fc|sttl_k1_16,0
heldout_400,p_q_3122ceda_0,Provide the Bible's advice on three positive aspects pertaining to theology.,"Faith, Hope and Charity",TIMELESS,328680.49441483873,True,fresh|fc|sttl_k1_16,0
heldout_400,p_q_2db8b371_3,When was Soviet Union to collapse?,1991,TIMELESS,385853.927939879,True,fresh|fc|sttl_k1_16,0
heldout_400,p_q_8ea4bd29_2,"Have you ever mapped out the Great Sandy Desert, and where in terms of geography it is situated?",Australia,TIMELESS,423319.19773881824,False,fresh|fc|sttl_k1_16,0
heldout_400,p_q_a867a828_1,What is the rating system for a word used in Scrabble during scrubbing?,14,TIMELESS,257022.3688502587,True,fresh|fc|sttl_k1_16,0
heldout_400,p_q_e5feb4c8_0,"The programmer Bruce Forsyth had been writing, ""You get nothing for a pair.",Play Your Cards Right,TIMELESS,447404.0777633174,True,fresh|fc|sttl_k1_16,0
heldout_400,p_q_86cdf888_2,Which is the central heating unit in Standard Industrial Unit (SI)?,The Kelvin,TIMELESS,508072.03222522093,True,fresh|fc|sttl_k1_16,0
heldout_400,p_q_4efb2d83_3,"What was the name of Colleen LaRose, known to her mother and sister for supposedly agreeing to participate in a proxy war with international fighters and offering fatalities in it in the interest of US citizens involved in Mahomet's holy War?",Jihad Jane,TIMELESS,280551.0605328793,True,fresh|fc|sttl_k1_16,0
heldout_400,p_q_5cb9d6ad_2,"Whose appearance was made in Woody Allen's 1902 picture ""Annie Hall"" and how did they achieve that recognition?",Diane Keaton,TIMELESS,107004.79085590786,True,fresh|fc|sttl_k1_16,0
heldout_400,p_q_bbdfff0f_2,What was the primary working representation captured by the James Webb Space Telescope?,Webb's First Deep Field,TIMELESS,338190.5068809513,False,fresh|fc|sttl_k1_16,0
heldout_400,p_q_90cb856a_3,Do you know of any Swiss cheese made using nettles?,Yarg,TIMELESS,400301.2107175805,True,fresh|fc|sttl_k1_16,0
heldout_400,p_q_7a2157d8_3,"Seeking information on Annie Oakley's possession that peaked at the 2012 auction for $143,000.",Gun,TIMELESS,397344.2444064729,True,fresh|fc|sttl_k1_16,0
heldout_400,p_q_cb9cc202_0,When was occupied by Alaska all over the US?,1867,TIMELESS,334485.5478980439,True,fresh|fc|sttl_k1_16,0
heldout_400,p_q_c6b40080_1,Which species of pigeon was present in North America for many years until the 19th century but underwent scientific destruction as a result of hunting?,Passenger pigeon,TIMELESS,476865.8285552263,True,fresh|fc|sttl_k1_16,0
heldout_400,p_q_df1576bb_1,"Which previous guest made an appearance on Big Brother who was famous for his humorous monologues regarding the opposite of words and doll effects differ at times, as well as being one of the presenters of Braniac: Science Abuse on Sky TV?",Jon Tickle,TIMELESS,462149.24767118285,True,fresh|fc|sttl_k1_16,0
heldout_400,p_q_2a87233c_3,In which state does Custer's final stand took place from on l.a. of Little Buenaventura?,Montana,TIMELESS,448376.33155503846,True,fresh|fc|sttl_k1_16,0
heldout_400,p_q_dbf0307d_2,"What type of crossbreed is a suitable match for 'Chorkies', or other types of dog hybrids?",CHIHUAHUA,TIMELESS,376071.52861482935,True,fresh|fc|sttl_k1_16,0
heldout_400,p_q_3484eada_3,"Since January 2015, who occupied all major positions of State in the UK (Prime Minister, Chancellor of the Exchequer, Foreign Secretary and Home secretary), is known to man?",James Callaghan,TIMELESS,208055.5074381255,True,fresh|fc|sttl_k1_16,0
heldout_400,p_q_b38e651d_3,What is some air mattress that was genericized into 2 words using only two short prefixes as a descriptor?,Lilo,TIMELESS,401035.41942288296,True,fresh|fc|sttl_k1_16,0
heldout_400,p_q_c9965b56_3,"With whom was this motorcycle made famous in the 20th century: Olivetti, Olympia, Underwood, Smith Corona and Remington?",Typewriters,TIMELESS,407633.9551092156,True,fresh|fc|sttl_k1_16,0
heldout_400,p_q_8f04e897_1,What is the significance of the name 'Nelson' in cricket?,111,TIMELESS,590389.4668877807,True,fresh|fc|sttl_k1_16,0
heldout_400,p_q_bc586d32_0,How many bezels are there on an Audi logo?,Four,TIMELESS,475384.97017170483,True,fresh|fc|sttl_k1_16,0
heldout_400,p_q_ddf45443_3,Identify the port located at the Riyer Esk’s estuary.,WHITBY,TIMELESS,584536.3979668568,True,fresh|fc|sttl_k1_16,0
heldout_400,p_q_52507e09_0,When did the war with Britain over named 'Cod' started?,1972,TIMELESS,372416.9665812915,True,fresh|fc|sttl_k1_16,0
heldout_400,p_q_30cbc023_2,"At which time in history did Herodotus, a former writer considered one of the country's premiere historians, begin his work?",5th century BCE,TIMELESS,86192.15428465282,True,fresh|fc|sttl_k1_16,0
heldout_400,p_q_50abcf1d_0,Which city in Britain was excluded from the first-ever motorway route when it opened up in December 1958?,PRESTON,TIMELESS,408901.5774128204,True,fresh|fc|sttl_k1_16,0
heldout_400,p_q_2d02fb45_2,What is the appellation of the mountain range that encompasses Tyrol?,Alps,TIMELESS,419235.8716399603,True,fresh|fc|sttl_k1_16,0
heldout_400,p_q_746185c8_2,"Which territory of intellectual property rights were awarded to the Ngati Toa, a Native people living in New Zealand?",The Maori Haka,TIMELESS,360004.6622509427,False,fresh|fc|sttl_k1_16,0
heldout_400,p_q_bf2150c7_3,"What part of England is Wroxeter, the location where the Roman city of Viroconium Cornoviorum grew?",Shropshire,TIMELESS,327488.5816832914,True,fresh|fc|sttl_k1_16,0
heldout_400,p_q_2d2c3ec0_0,"The theory behind the temperature scale where water freezes at 0 degrees and boils 100 degrees was first introduced by a Swedish astronomer on November 27, 1701.",Celsius,TIMELESS,527458.5125986441,True,fresh|fc|sttl_k1_16,0
heldout_400,p_q_98d7f7da_2,What is the degree of a musical chord represented by the special notation °?,Diminished,TIMELESS,336848.5660766193,True,fresh|fc|sttl_k1_16,0
heldout_400,p_q_2d02fb45_1,Does the Tyrol region encompass a mountain range?,Alps,TIMELESS,565298.7179379931,True,fresh|fc|sttl_k1_16,0
heldout_400,p_q_384b354b_0,"In 2012, Nisiyama Onsen Keiunkan in Hayakawa, Yamanashi, Japan is declared as the world-record-breaking hotel. What company holds this record?",Oldest,TIMELESS,333060.6155427279,True,fresh|fc|sttl_k1_16,0
heldout_400,p_q_e3c14282_1,The Achilles' tendon that links the calf muscle to the heel bone?,Achilles,TIMELESS,112086.32255415648,True,fresh|fc|sttl_k1_16,0
heldout_400,p_q_41540d4e_2,Is there a distinctive route between the Royal Docks and North Greenwich?,Cable Car,TIMELESS,380128.65461256105,True,fresh|fc|sttl_k1_16,0
heldout_400,p_q_885ecd41_0,Can you tell me the original name of Mr. Braille who invented a way to communicate with people who cannot read or write?,LOUIS,TIMELESS,593602.3302110953,True,fresh|fc|sttl_k1_16,0
heldout_400,p_q_8c58ce9c_2,In which geographic area is the Macrocarpa tree commonly found?,North America,TIMELESS,222643.44677967645,True,fresh|fc|sttl_k1_16,0
heldout_400,p_q_f1b1aa68_1,Could you name a few Galanthus family of flowers that are typically encountered?,Snowdrop,TIMELESS,322500.76023451216,True,fresh|fc|sttl_k1_16,0
heldout_400,p_q_371cd160_2,"An electrical circuit with a current of 1 ampere and potential difference equal to 1, what is the new unit of measurement for power?",Watt,TIMELESS,340443.9773565477,True,fresh|fc|sttl_k1_16,0
heldout_400,p_q_f3e7fb13_1,"Is it usual to link Hazel, filbert, and kola in different definitions?",Nuts,TIMELESS,363864.9503652088,True,fresh|fc|sttl_k1_16,0
heldout_400,p_q_bff7ff01_1,Where are budgerigars naturally found?,Australia,TIMELESS,133314.1335756654,True,fresh|fc|sttl_k1_16,0
heldout_400,p_q_06c15fe9_1,Can you inform me about the hue of Santa's belt?,Black,TIMELESS,489030.9292584124,True,fresh|fc|sttl_k1_16,0
heldout_400,p_q_b8ddab89_3,"What was the Junkers Ju 87, a dive bomber used by The German during World War II, known as before?",STUKA,TIMELESS,403464.93818994967,True,fresh|fc|sttl_k1_16,0
heldout_400,p_q_3582cba5_1,"Do we know whom authored """"The Seagull"","" "" The Cherry Orchard"""", "" ""Two Sisters"""" and ""Uncle Vanya""?""",Chekhov,TIMELESS,516029.7937737452,True,fresh|fc|sttl_k1_16,0
heldout_400,p_q_3b2d2b15_1,"Who was the designated European King that was ousted from his position and exiled to Gibraltar on October 4th, 1910 aboard the Royal Yacht 'Amelia?'",KING MANUEL OF PORTUGAL,TIMELESS,504474.19205181766,True,fresh|fc|sttl_k1_16,0
heldout_400,p_q_829bbe74_0,What was the 2021 year-totaling kanji?,gold,TIMELESS,530966.9251694907,True,fresh|fc|sttl_k1_16,0
heldout_400,p_q_4deb87ba_3,What is the English town that shares a distance with Disney World?,SWINDON,TIMELESS,267651.13906645833,True,fresh|fc|sttl_k1_16,0
heldout_400,p_q_450041cf_2,"Which student from the University of Copenhagen, Denmark has been confirmed to be awarded the Nobel Prize in Chemistry for 2022?",Morten Meldal,TIMELESS,463668.0288426783,True,fresh|fc|sttl_k1_16,0
heldout_400,p_q_3853dba1_0,"Which military member and author lived on Clouds Hill, a National Trust grounds in Dorset?",T E LAWRENCE,TIMELESS,152936.23451846413,True,fresh|fc|sttl_k1_16,0
heldout_400,p_q_a4aacc0f_1,What shade does copper sulphate possess?,BLUE,TIMELESS,568296.9743620078,True,fresh|fc|sttl_k1_16,0
heldout_400,p_q_3dd86b7b_2,What was the expression used to describe Timothy McVeigh's actions on 19 April 1995 at the Alfred P. Murrah Federal Building?,The Oklahoma City bombing,TIMELESS,289319.07515348546,True,fresh|fc|sttl_k1_16,0
heldout_400,p_q_21593fd1_3,"Who performed the vocals on the UK number one album ""Good Girl Gone Bad,"" which had 1.5 million copies sold in 2009?",RIHANNA,TIMELESS,292635.4243837733,True,fresh|fc|sttl_k1_16,0
heldout_400,p_q_ac141dc0_1,"What sporting event incorporates line-outs, scrums and conversions?",Rugby,TIMELESS,342632.79171648313,True,fresh|fc|sttl_k1_16,0
heldout_400,p_q_3b2665fb_0,With whom did the musical We Will Rock You collaborate with Brian May and Roger Taylor?,Ben Elton,TIMELESS,470741.43305857934,True,fresh|fc|sttl_k1_16,0
heldout_400,p_q_bad81eda_3,"What is the name of the singer who made 'Blurred Lines', top-selling single record in 2013?",Robin Thicke,TIMELESS,239556.27600472595,True,fresh|fc|sttl_k1_16,0
heldout_400,p_q_87ca114c_2,What is the name of the daily newspaper that Frederick Forsyth writes for?,Daily Express,TIMELESS,321327.6034834439,True,fresh|fc|sttl_k1_16,0
heldout_400,p_q_bd3621d0_0,At what time did the Aberfan Disaster occur?,1966,TIMELESS,328053.2274356617,True,fresh|fc|sttl_k1_16,0
heldout_400,p_q_f618e806_0,In which American city is the National Air and Space Museum situated?,Washington,TIMELESS,310402.54204292386,True,fresh|fc|sttl_k1_16,0
heldout_400,p_q_cd6b4ea7_1,"What harbor did the Greenpeace protest ship ""Rainbow Warrior"" sink after being bombed by French agents in 1985?","Auckland, New Zealand",TIMELESS,497510.84265361005,True,fresh|fc|sttl_k1_16,0
heldout_400,p_q_44d9dff7_3,During which battle of 1403 did Henry 'Hotspur' Percy pass away?,Shrewsbury,TIMELESS,534039.7143210177,True,fresh|fc|sttl_k1_16,0
heldout_400,p_q_f7de9f4e_0,In which Grand Prix Circuit of Formula One is Anthony Noghes and La Rascasse the corners named?,Monaco,TIMELESS,511870.9672526544,True,fresh|fc|sttl_k1_16,0
heldout_400,p_q_e32d9c63_3,What's the name of this US river between St. Paul and Minneapolis?,Mississippi,TIMELESS,330125.1755674778,True,fresh|fc|sttl_k1_16,0
heldout_400,p_q_0263c2b0_2,From which county does the River Thames flow?,Gloucestershire,TIMELESS,198642.95046139785,True,fresh|fc|sttl_k1_16,0
heldout_400,p_q_96b1bf1a_1,Who led the England men's cricket team in the One Day International World Cup of 2015?,Eoin) MORGAN,TIMELESS,401672.57669100136,False,fresh|fc|sttl_k1_16,0
heldout_400,p_q_bd9e6870_0,Which architect was designated as the President of the Royal Academy from 2004 to 2011 and has had management roles for the National Space Centre in Leicester and the Eden Project situated in Cornwall?,SIR NICHOLAS GRIMSHAW,TIMELESS,587842.6980908558,True,fresh|fc|sttl_k1_16,0
heldout_400,p_q_c83007d1_2,"Who did 'Doctor Mirabilis', the famous philosopher and scientist of 13th century England?",ROGER BACON,TIMELESS,551625.9070852337,True,fresh|fc|sttl_k1_16,0
heldout_400,p_q_23265c46_2,"Which US national park where I can find El Capitan in January 2015, free climbing?",YOSEMITE,TIMELESS,273981.7025692391,False,fresh|fc|sttl_k1_16,0
heldout_400,p_q_cd2a5fda_2,How many years did it take for the world's population to increase from 7 billion to 8 billion?,11 years,TIMELESS,587143.158940574,True,fresh|fc|sttl_k1_16,0
heldout_400,p_q_df76af12_0,Two estimated shipping forecast areas border the coast of Denmark; German Bight and another place?,Fisher,TIMELESS,310783.4854247668,False,fresh|fc|sttl_k1_16,0
heldout_400,q_32711fba,Who was Britain’s Prime Minister before Winston Churchill’s first term in office?,Neville Chamberlain,TIMELESS,74063.61982676137,True,fresh|fc|sttl_k1_16,0
heldout_400,q_10c25152,Who was appointed the first woman cabinet minister in the UK?,Margaret Bondfield,TIMELESS,290483.75836256926,True,fresh|fc|sttl_k1_16,0
heldout_400,q_e7deca78,"""When Johnny Weissmuller left a championship career in sport to star in """"Tarzan"""" films, what sport did he leave?""",Swimming,TIMELESS,4760.805960417077,True,fresh|fc|sttl_k1_16,0
heldout_400,q_5f279acb,Which city was the capital of California the year it became a state?,San Jose,TIMELESS,32344.131815876997,True,fresh|fc|sttl_k1_16,0
heldout_400,q_00b36de6,Which game has the nickname 'Nero's Game' and is probably the oldest dice game still played?,BACKGAMMON,TIMELESS,260151.69288321218,True,fresh|fc|sttl_k1_16,0
heldout_400,q_fdca6dd5,What colour are post/mail boxes in Morocco?,Yellow,TIMELESS,63856.55468335728,False,fresh|fc|sttl_k1_16,0
heldout_400,q_440c74b3,Odette and Prince Siegfried are lovers in which ballet?,SWAN LAKE,TIMELESS,39684.02963511908,True,fresh|fc|sttl_k1_16,0
heldout_400,q_4efb2d83,"What name was given to Colleen LaRose, who was accused of conspiring with fighters overseas and pledging to commit murder in the name of a Muslim holy war, and pleaded not guilty in court in Philadelphia in March 2010?",Jihad Jane,TIMELESS,134082.24622437643,True,fresh|fc|sttl_k1_16,0
heldout_400,q_0e3fb3ca,"What famous event for daredevils happens in Pamplona, Spain?",Running of the Bulls,TIMELESS,167350.6026443889,True,fresh|fc|sttl_k1_16,0
heldout_400,q_e3c14282,Which tendon joins the calf muscle to the heel bone,Achilles,TIMELESS,56817.18914817689,True,fresh|fc|sttl_k1_16,0
heldout_400,q_db354b10,Which four-letter word means ‘the prong of a fork’?,TINE,TIMELESS,34379.84085185857,True,fresh|fc|sttl_k1_16,0
heldout_400,q_450e7484,"How high in feet, normally, is a standard basketball hoop off the ground?",Ten feet,TIMELESS,132966.03255604545,True,fresh|fc|sttl_k1_16,0
heldout_400,q_09b65984,What is the chemical compound Calcium Oxide commonly known as?,Quicklime (or burnt lime),TIMELESS,26290.08748185058,True,fresh|fc|sttl_k1_16,0
heldout_400,q_21593fd1,"""The album """"Good Girl Gone Bad"""" was the number 1 selling album in the UK in 2009 with sales of 1.5 million. Who was the singer?""",RIHANNA,TIMELESS,23587.045712989693,True,fresh|fc|sttl_k1_16,0
heldout_400,q_e2f9f525,Who is currently representing the 3rd congressional district of Nebraska in the U.S. House of Representatives?,Adrian Smith,SLOW,200129.65286811342,True,fresh|fc|sttl_k1_16,0
heldout_400,p_q_54cc8f89_3,"As far as goal counts go, who is the top scorer of today's Allsvenska season?",Sweden Isaac Kiese Thelin,FAST,501470.91033744614,True,fresh|fc|sttl_k1_16,0
heldout_400,p_q_4913788c_1,"As per the latest aircraft type added to the Executive Transport Wing of the German Air Force, what function does it carry out?",Medical evacuation,SLOW,533101.9394430639,True,fresh|fc|sttl_k1_16,0
heldout_400,q_92b21278,Who is currently serving as Lord Mayor of Cork?,Kieran McCarthy,FAST,174053.4108115977,True,fresh|fc|sttl_k1_16,0
heldout_400,p_q_56a62a28_2,"Recently, what book was recognized for winning the Ethel Turner Prize in Young People's Literature?",The Upwelling,FAST,325199.750398998,True,fresh|fc|sttl_k1_16,0
heldout_400,p_q_e6bc0a36_3,What was the fiction book that secured the last Christina Stead Prize?,Women I Know,FAST,435283.8505483503,True,fresh|fc|sttl_k1_16,0
heldout_400,q_f1d321db,Which player is batting third for the Miami Marlins in their most recent opening day game?,Garrett Cooper 1B,MEDIUM,67538.99782638896,True,fresh|fc|sttl_k1_16,0
heldout_400,p_q_41540d4e_1,What an extraordinary ways of proximate the Royal Docks in North Greenwich?,Cable Car,TIMELESS,466798.1831759799,True,fresh|fc|sttl_k1_16,0
