query_id,fidelity,validity,in_evidence_valid_subset,exclusion_reason,gold_source,gold_year,freshness_class,volatility,unit_id,snapshot_round
p_q_c26c7630_2,JUDGE_DISAGREEMENT,JUDGE_DISAGREEMENT,0,paraphrase_judge_disagreement,temporal_align_qa,2023,FAST,VOLATILE,q_c26c7630@rerun_24h,rerun_24h
p_q_b01295a7_2,JUDGE_DISAGREEMENT,SUPERSEDED_AT_T,0,paraphrase_judge_disagreement,temporal_align_qa,2023,FAST,VOLATILE,q_b01295a7@rerun_24h,rerun_24h
p_q_84993503_1,JUDGE_DISAGREEMENT,JUDGE_DISAGREEMENT,0,paraphrase_judge_disagreement,temporal_align_qa,2023,FAST,VOLATILE,q_84993503@rerun_24h,rerun_24h
p_q_3568ac16_2,DIFFERENT,JUDGE_DISAGREEMENT,0,paraphrase_different,temporal_align_qa,2023,FAST,VOLATILE,q_3568ac16@rerun_24h,rerun_24h
p_q_32bb1cf2_2,JUDGE_DISAGREEMENT,JUDGE_DISAGREEMENT,0,paraphrase_judge_disagreement,temporal_align_qa,2023,FAST,VOLATILE,q_32bb1cf2@rerun_24h,rerun_24h
p_q_811a9dea_2,DIFFERENT,INDETERMINATE_AT_T,0,paraphrase_different,temporal_align_qa,2023,FAST,VOLATILE,q_811a9dea@rerun_24h,rerun_24h
p_q_06267d08_1,SAME,JUDGE_DISAGREEMENT,0,validity_judge_disagreement,temporal_align_qa,2023,FAST,VOLATILE,q_06267d08@rerun_24h,rerun_24h
p_q_76be48a4_3,SAME,JUDGE_DISAGREEMENT,0,validity_judge_disagreement,temporal_align_qa,2023,FAST,VOLATILE,q_76be48a4@rerun_24h,rerun_24h
p_q_26393420_3,DIFFERENT,SUPERSEDED_AT_T,0,paraphrase_different,temporal_align_qa,2023,FAST,VOLATILE,q_26393420@rerun_24h,rerun_24h
p_q_6757b6a9_0,JUDGE_DISAGREEMENT,INDETERMINATE_AT_T,0,paraphrase_judge_disagreement,temporal_align_qa,2023,FAST,VOLATILE,q_6757b6a9@rerun_24h,rerun_24h
p_q_84993503_3,DIFFERENT,JUDGE_DISAGREEMENT,0,paraphrase_different,temporal_align_qa,2023,FAST,VOLATILE,q_84993503@rerun_24h,rerun_24h
p_q_2b37471e_0,SAME,INDETERMINATE_AT_T,0,validity_indeterminate_at_t,temporal_align_qa,2023,FAST,VOLATILE,q_2b37471e@rerun_24h,rerun_24h
p_q_4d8a4de4_1,SAME,SUPERSEDED_AT_T,0,validity_superseded_at_t,temporal_align_qa,2023,FAST,VOLATILE,q_4d8a4de4@rerun_24h,rerun_24h
p_q_056f7935_3,DIFFERENT,JUDGE_DISAGREEMENT,0,paraphrase_different,temporal_align_qa,2023,FAST,VOLATILE,q_056f7935@rerun_24h,rerun_24h
p_q_8b83e11f_0,JUDGE_DISAGREEMENT,SUPERSEDED_AT_T,0,paraphrase_judge_disagreement,temporal_align_qa,2023,FAST,VOLATILE,q_8b83e11f@rerun_24h,rerun_24h
p_q_28911a13_1,DIFFERENT,SUPERSEDED_AT_T,0,paraphrase_different,temporal_align_qa,2023,FAST,VOLATILE,q_28911a13@rerun_24h,rerun_24h
p_q_665a6704_2,DIFFERENT,SUPERSEDED_AT_T,0,paraphrase_different,temporal_align_qa,2023,FAST,VOLATILE,q_665a6704@rerun_24h,rerun_24h
p_q_0da13098_2,JUDGE_DISAGREEMENT,INDETERMINATE_AT_T,0,paraphrase_judge_disagreement,temporal_align_qa,2023,FAST,VOLATILE,q_0da13098@rerun_24h,rerun_24h
p_q_a06c234c_3,JUDGE_DISAGREEMENT,JUDGE_DISAGREEMENT,0,paraphrase_judge_disagreement,temporal_align_qa,2023,FAST,VOLATILE,q_a06c234c@rerun_12h,rerun_12h
p_q_60502f3b_1,JUDGE_DISAGREEMENT,SUPERSEDED_AT_T,0,paraphrase_judge_disagreement,temporal_align_qa,2023,FAST,VOLATILE,q_60502f3b@rerun_24h,rerun_24h
p_q_297334f5_3,SAME,SUPERSEDED_AT_T,0,validity_superseded_at_t,temporal_align_qa,2023,FAST,VOLATILE,q_297334f5@rerun_24h,rerun_24h
p_q_c76a7d5e_3,JUDGE_DISAGREEMENT,JUDGE_DISAGREEMENT,0,paraphrase_judge_disagreement,temporal_align_qa,2023,FAST,VOLATILE,q_c76a7d5e@rerun_24h,rerun_24h
p_q_b9a64a4f_1,SAME,INDETERMINATE_AT_T,0,validity_indeterminate_at_t,temporal_align_qa,2023,FAST,VOLATILE,q_b9a64a4f@rerun_24h,rerun_24h
p_q_b96cebd8_2,JUDGE_DISAGREEMENT,SUPERSEDED_AT_T,0,paraphrase_judge_disagreement,temporal_align_qa,2023,FAST,VOLATILE,q_b96cebd8@rerun_24h,rerun_24h
p_q_b5bab848_2,SAME,JUDGE_DISAGREEMENT,0,validity_judge_disagreement,temporal_align_qa,2023,FAST,VOLATILE,q_b5bab848@rerun_24h,rerun_24h
p_q_6a6b8494_3,DIFFERENT,SUPERSEDED_AT_T,0,paraphrase_different,freshqa,2023,FAST,SINGLE_YEAR,q_6a6b8494@rerun_24h,rerun_24h
p_q_77b08615_0,JUDGE_DISAGREEMENT,JUDGE_DISAGREEMENT,0,paraphrase_judge_disagreement,temporal_align_qa,2023,FAST,VOLATILE,q_77b08615@rerun_24h,rerun_24h
p_q_531f875a_2,JUDGE_DISAGREEMENT,SUPERSEDED_AT_T,0,paraphrase_judge_disagreement,temporal_align_qa,2023,FAST,VOLATILE,q_531f875a@rerun_24h,rerun_24h
p_q_1dc7b96e_3,JUDGE_DISAGREEMENT,JUDGE_DISAGREEMENT,0,paraphrase_judge_disagreement,temporal_align_qa,2023,FAST,VOLATILE,q_1dc7b96e@rerun_24h,rerun_24h
p_q_69646c02_0,SAME,JUDGE_DISAGREEMENT,0,validity_judge_disagreement,freshqa,2023,FAST,SINGLE_YEAR,q_69646c02@rerun_24h,rerun_24h
p_q_747bbca1_3,JUDGE_DISAGREEMENT,INDETERMINATE_AT_T,0,paraphrase_judge_disagreement,freshqa,2023,FAST,SINGLE_YEAR,q_747bbca1@rerun_24h,rerun_24h
p_q_6dce83d8_2,JUDGE_DISAGREEMENT,JUDGE_DISAGREEMENT,0,paraphrase_judge_disagreement,temporal_align_qa,2023,FAST,VOLATILE,q_6dce83d8@rerun_24h,rerun_24h
p_q_2d3da894_1,SAME,INDETERMINATE_AT_T,0,validity_indeterminate_at_t,temporal_align_qa,2023,FAST,VOLATILE,q_2d3da894@rerun_24h,rerun_24h
p_q_32bb1cf2_0,JUDGE_DISAGREEMENT,JUDGE_DISAGREEMENT,0,paraphrase_judge_disagreement,temporal_align_qa,2023,FAST,VOLATILE,q_32bb1cf2@rerun_24h,rerun_24h
p_q_5e68b428_2,JUDGE_DISAGREEMENT,SUPERSEDED_AT_T,0,paraphrase_judge_disagreement,temporal_align_qa,2023,FAST,VOLATILE,q_5e68b428@rerun_24h,rerun_24h
p_q_e5cbddda_1,SAME,JUDGE_DISAGREEMENT,0,validity_judge_disagreement,temporal_align_qa,2023,FAST,VOLATILE,q_e5cbddda@rerun_24h,rerun_24h
p_q_2ca95d4e_3,SAME,SUPERSEDED_AT_T,0,validity_superseded_at_t,temporal_align_qa,2023,FAST,VOLATILE,q_2ca95d4e@rerun_24h,rerun_24h
p_q_785fdb1b_0,SAME,INDETERMINATE_AT_T,0,validity_indeterminate_at_t,temporal_align_qa,2023,FAST,VOLATILE,q_785fdb1b@rerun_24h,rerun_24h
p_q_ffbdb73d_0,SAME,SUPERSEDED_AT_T,0,validity_superseded_at_t,temporal_align_qa,2023,FAST,VOLATILE,q_ffbdb73d@rerun_24h,rerun_24h
p_q_75b15e04_3,SAME,SUPERSEDED_AT_T,0,validity_superseded_at_t,temporal_align_qa,2023,FAST,VOLATILE,q_75b15e04@rerun_24h,rerun_24h
p_q_1387f241_3,JUDGE_DISAGREEMENT,JUDGE_DISAGREEMENT,0,paraphrase_judge_disagreement,temporal_align_qa,2023,FAST,VOLATILE,q_1387f241@rerun_24h,rerun_24h
p_q_a5b50e32_0,JUDGE_DISAGREEMENT,JUDGE_DISAGREEMENT,0,paraphrase_judge_disagreement,freshqa,2023,FAST,SINGLE_YEAR,q_a5b50e32@rerun_24h,rerun_24h
p_q_ab431fd9_0,SAME,JUDGE_DISAGREEMENT,0,validity_judge_disagreement,temporal_align_qa,2023,FAST,VOLATILE,q_ab431fd9@rerun_24h,rerun_24h
p_q_2efc3bf0_2,DIFFERENT,INDETERMINATE_AT_T,0,paraphrase_different,temporal_align_qa,2023,FAST,VOLATILE,q_2efc3bf0@rerun_24h,rerun_24h
p_q_28b0bd9f_3,JUDGE_DISAGREEMENT,JUDGE_DISAGREEMENT,0,paraphrase_judge_disagreement,temporal_align_qa,2023,FAST,VOLATILE,q_28b0bd9f@rerun_24h,rerun_24h
p_q_b3cd7717_2,SAME,INDETERMINATE_AT_T,0,validity_indeterminate_at_t,temporal_align_qa,2023,FAST,VOLATILE,q_b3cd7717@rerun_24h,rerun_24h
p_q_04bb5dc1_2,SAME,SUPERSEDED_AT_T,0,validity_superseded_at_t,temporal_align_qa,2023,FAST,VOLATILE,q_04bb5dc1@rerun_24h,rerun_24h
p_q_ebb15c73_3,SAME,JUDGE_DISAGREEMENT,0,validity_judge_disagreement,temporal_align_qa,2023,FAST,VOLATILE,q_ebb15c73@rerun_24h,rerun_24h
p_q_4e6d28cb_0,SAME,SUPERSEDED_AT_T,0,validity_superseded_at_t,temporal_align_qa,2023,FAST,VOLATILE,q_4e6d28cb@rerun_24h,rerun_24h
p_q_295700b1_0,SAME,INDETERMINATE_AT_T,0,validity_indeterminate_at_t,temporal_align_qa,2023,FAST,VOLATILE,q_295700b1@rerun_24h,rerun_24h
p_q_a720c2de_2,SAME,JUDGE_DISAGREEMENT,0,validity_judge_disagreement,temporal_align_qa,2023,FAST,VOLATILE,q_a720c2de@rerun_24h,rerun_24h
p_q_19312ca9_3,SAME,JUDGE_DISAGREEMENT,0,validity_judge_disagreement,temporal_align_qa,2023,FAST,VOLATILE,q_19312ca9@rerun_24h,rerun_24h
p_q_59076011_1,SAME,SUPERSEDED_AT_T,0,validity_superseded_at_t,temporal_align_qa,2023,FAST,VOLATILE,q_59076011@rerun_24h,rerun_24h
p_q_d4f726dc_3,SAME,SUPERSEDED_AT_T,0,validity_superseded_at_t,temporal_align_qa,2023,FAST,VOLATILE,q_d4f726dc@rerun_24h,rerun_24h
p_q_5ac8d92d_3,SAME,JUDGE_DISAGREEMENT,0,validity_judge_disagreement,freshqa,2023,FAST,SINGLE_YEAR,q_5ac8d92d@rerun_24h,rerun_24h
p_q_697c0008_3,JUDGE_DISAGREEMENT,JUDGE_DISAGREEMENT,0,paraphrase_judge_disagreement,temporal_align_qa,2023,FAST,VOLATILE,q_697c0008@rerun_24h,rerun_24h
p_q_3c890437_3,SAME,INDETERMINATE_AT_T,0,validity_indeterminate_at_t,temporal_align_qa,2023,FAST,VOLATILE,q_3c890437@rerun_24h,rerun_24h
p_q_dfefb294_2,SAME,SUPERSEDED_AT_T,0,validity_superseded_at_t,temporal_align_qa,2023,FAST,VOLATILE,q_dfefb294@rerun_24h,rerun_24h
p_q_c5946497_1,SAME,SUPERSEDED_AT_T,0,validity_superseded_at_t,temporal_align_qa,2023,FAST,VOLATILE,q_c5946497@rerun_24h,rerun_24h
p_q_5284772a_1,SAME,JUDGE_DISAGREEMENT,0,validity_judge_disagreement,temporal_align_qa,2023,FAST,VOLATILE,q_5284772a@rerun_24h,rerun_24h
p_q_0d1a4b7c_0,SAME,INDETERMINATE_AT_T,0,validity_indeterminate_at_t,temporal_align_qa,2023,FAST,VOLATILE,q_0d1a4b7c@rerun_24h,rerun_24h
p_q_6a82c062_1,SAME,SUPERSEDED_AT_T,0,validity_superseded_at_t,temporal_align_qa,2023,FAST,VOLATILE,q_6a82c062@rerun_24h,rerun_24h
p_q_4241a3d3_1,SAME,JUDGE_DISAGREEMENT,0,validity_judge_disagreement,temporal_align_qa,2023,FAST,VOLATILE,q_4241a3d3@rerun_24h,rerun_24h
p_q_9ad3d8f7_1,SAME,JUDGE_DISAGREEMENT,0,validity_judge_disagreement,temporal_align_qa,2023,FAST,VOLATILE,q_9ad3d8f7@rerun_24h,rerun_24h
p_q_9d61a241_0,JUDGE_DISAGREEMENT,SUPERSEDED_AT_T,0,paraphrase_judge_disagreement,temporal_align_qa,2023,FAST,VOLATILE,q_9d61a241@rerun_24h,rerun_24h
p_q_bc9026c6_1,SAME,SUPERSEDED_AT_T,0,validity_superseded_at_t,temporal_align_qa,2023,FAST,VOLATILE,q_bc9026c6@rerun_24h,rerun_24h
p_q_c60b122d_1,SAME,INDETERMINATE_AT_T,0,validity_indeterminate_at_t,temporal_align_qa,2023,FAST,VOLATILE,q_c60b122d@rerun_24h,rerun_24h
p_q_c51c7290_0,SAME,SUPERSEDED_AT_T,0,validity_superseded_at_t,freshqa,2023,FAST,SINGLE_YEAR,q_c51c7290@rerun_24h,rerun_24h
p_q_9e4f27be_0,SAME,SUPERSEDED_AT_T,0,validity_superseded_at_t,temporal_align_qa,2023,FAST,VOLATILE,q_9e4f27be@rerun_24h,rerun_24h
p_q_94cb7c4a_1,SAME,JUDGE_DISAGREEMENT,0,validity_judge_disagreement,temporal_align_qa,2023,FAST,VOLATILE,q_94cb7c4a@rerun_24h,rerun_24h
p_q_091915f0_0,SAME,SUPERSEDED_AT_T,0,validity_superseded_at_t,temporal_align_qa,2023,FAST,VOLATILE,q_091915f0@rerun_24h,rerun_24h
p_q_f7446447_1,SAME,JUDGE_DISAGREEMENT,0,validity_judge_disagreement,temporal_align_qa,2023,FAST,VOLATILE,q_f7446447@rerun_24h,rerun_24h
p_q_f46d91c5_1,SAME,SUPERSEDED_AT_T,0,validity_superseded_at_t,temporal_align_qa,2023,FAST,VOLATILE,q_f46d91c5@rerun_24h,rerun_24h
p_q_ce3247b9_3,SAME,INDETERMINATE_AT_T,0,validity_indeterminate_at_t,temporal_align_qa,2023,FAST,VOLATILE,q_ce3247b9@rerun_24h,rerun_24h
p_q_134739ad_2,SAME,SUPERSEDED_AT_T,0,validity_superseded_at_t,temporal_align_qa,2023,FAST,VOLATILE,q_134739ad@rerun_24h,rerun_24h
p_q_ccd63b11_3,SAME,JUDGE_DISAGREEMENT,0,validity_judge_disagreement,temporal_align_qa,2023,FAST,VOLATILE,q_ccd63b11@rerun_24h,rerun_24h
p_q_8af46f37_3,SAME,JUDGE_DISAGREEMENT,0,validity_judge_disagreement,temporal_align_qa,2023,FAST,VOLATILE,q_8af46f37@rerun_24h,rerun_24h
p_q_1719b6dd_2,SAME,JUDGE_DISAGREEMENT,0,validity_judge_disagreement,temporal_align_qa,2023,FAST,VOLATILE,q_1719b6dd@rerun_24h,rerun_24h
p_q_9a92a9cc_2,SAME,SUPERSEDED_AT_T,0,validity_superseded_at_t,temporal_align_qa,2023,FAST,VOLATILE,q_9a92a9cc@rerun_24h,rerun_24h
p_q_5aac65b6_1,SAME,SUPERSEDED_AT_T,0,validity_superseded_at_t,temporal_align_qa,2023,FAST,VOLATILE,q_5aac65b6@rerun_24h,rerun_24h
p_q_3141e273_1,SAME,JUDGE_DISAGREEMENT,0,validity_judge_disagreement,temporal_align_qa,2023,FAST,VOLATILE,q_3141e273@rerun_24h,rerun_24h
p_q_60e402de_3,SAME,SUPERSEDED_AT_T,0,validity_superseded_at_t,temporal_align_qa,2023,FAST,VOLATILE,q_60e402de@rerun_24h,rerun_24h
p_q_28b0bd9f_0,SAME,JUDGE_DISAGREEMENT,0,validity_judge_disagreement,temporal_align_qa,2023,FAST,VOLATILE,q_28b0bd9f@rerun_24h,rerun_24h
p_q_2f991c6e_1,SAME,JUDGE_DISAGREEMENT,0,validity_judge_disagreement,temporal_align_qa,2023,FAST,VOLATILE,q_2f991c6e@rerun_24h,rerun_24h
q_f09060c5,BASE_QUERY,JUDGE_DISAGREEMENT,0,validity_judge_disagreement,freshqa,2023,FAST,SINGLE_YEAR,q_f09060c5@rerun_24h,rerun_24h
q_8e283b0e,BASE_QUERY,SUPERSEDED_AT_T,0,validity_superseded_at_t,temporal_align_qa,2023,FAST,VOLATILE,q_8e283b0e@rerun_24h,rerun_24h
q_5efb60e3,BASE_QUERY,SUPERSEDED_AT_T,0,validity_superseded_at_t,temporal_align_qa,2023,FAST,VOLATILE,q_5efb60e3@rerun_12h,rerun_12h
q_4d8a4de4,BASE_QUERY,SUPERSEDED_AT_T,0,validity_superseded_at_t,temporal_align_qa,2023,FAST,VOLATILE,q_4d8a4de4@rerun_24h,rerun_24h
q_5653e571,BASE_QUERY,JUDGE_DISAGREEMENT,0,validity_judge_disagreement,temporal_align_qa,2023,FAST,VOLATILE,q_5653e571@rerun_24h,rerun_24h
q_093b18d5,BASE_QUERY,JUDGE_DISAGREEMENT,0,validity_judge_disagreement,temporal_align_qa,2023,FAST,VOLATILE,q_093b18d5@rerun_24h,rerun_24h
q_f0345793,BASE_QUERY,JUDGE_DISAGREEMENT,0,validity_judge_disagreement,temporal_align_qa,2023,FAST,VOLATILE,q_f0345793@rerun_24h,rerun_24h
q_fcc76705,BASE_QUERY,JUDGE_DISAGREEMENT,0,validity_judge_disagreement,temporal_align_qa,2023,FAST,VOLATILE,q_fcc76705@rerun_24h,rerun_24h
q_6f19be8a,BASE_QUERY,JUDGE_DISAGREEMENT,0,validity_judge_disagreement,temporal_align_qa,2023,FAST,VOLATILE,q_6f19be8a@rerun_24h,rerun_24h
q_3c890437,BASE_QUERY,INDETERMINATE_AT_T,0,validity_indeterminate_at_t,temporal_align_qa,2023,FAST,VOLATILE,q_3c890437@rerun_12h,rerun_12h
q_7fc62b46,BASE_QUERY,INDETERMINATE_AT_T,0,validity_indeterminate_at_t,temporal_align_qa,2023,FAST,VOLATILE,q_7fc62b46@rerun_24h,rerun_24h
q_66b78d55,BASE_QUERY,JUDGE_DISAGREEMENT,0,validity_judge_disagreement,temporal_align_qa,2023,FAST,VOLATILE,q_66b78d55@rerun_24h,rerun_24h
q_a6d31788,BASE_QUERY,JUDGE_DISAGREEMENT,0,validity_judge_disagreement,temporal_align_qa,2023,FAST,VOLATILE,q_a6d31788@rerun_24h,rerun_24h
q_c997700b,BASE_QUERY,JUDGE_DISAGREEMENT,0,validity_judge_disagreement,temporal_align_qa,2023,FAST,VOLATILE,q_c997700b@rerun_24h,rerun_24h
p_q_51ad3d0a_0,JUDGE_DISAGREEMENT,INDETERMINATE_AT_T,0,paraphrase_judge_disagreement,temporal_align_qa,2023,MEDIUM,VOLATILE,q_51ad3d0a@rerun_24h,rerun_24h
p_q_9e9cc170_3,JUDGE_DISAGREEMENT,JUDGE_DISAGREEMENT,0,paraphrase_judge_disagreement,temporal_align_qa,2023,MEDIUM,VOLATILE,q_9e9cc170@rerun_24h,rerun_24h
p_q_41afd862_3,DIFFERENT,JUDGE_DISAGREEMENT,0,paraphrase_different,temporal_align_qa,2023,MEDIUM,VOLATILE,q_41afd862@rerun_24h,rerun_24h
p_q_cfb65856_2,JUDGE_DISAGREEMENT,JUDGE_DISAGREEMENT,0,paraphrase_judge_disagreement,temporal_align_qa,2023,MEDIUM,VOLATILE,q_cfb65856@rerun_24h,rerun_24h
p_q_6875d955_0,DIFFERENT,JUDGE_DISAGREEMENT,0,paraphrase_different,temporal_align_qa,2023,MEDIUM,VOLATILE,q_6875d955@rerun_24h,rerun_24h
p_q_827117d8_2,JUDGE_DISAGREEMENT,SUPERSEDED_AT_T,0,paraphrase_judge_disagreement,temporal_align_qa,2023,MEDIUM,VOLATILE,q_827117d8@rerun_24h,rerun_24h
p_q_d665e7a3_2,JUDGE_DISAGREEMENT,SUPERSEDED_AT_T,0,paraphrase_judge_disagreement,temporal_align_qa,2023,MEDIUM,VOLATILE,q_d665e7a3@rerun_24h,rerun_24h
p_q_c64ac1d8_3,JUDGE_DISAGREEMENT,JUDGE_DISAGREEMENT,0,paraphrase_judge_disagreement,temporal_align_qa,2023,MEDIUM,VOLATILE,q_c64ac1d8@rerun_24h,rerun_24h
p_q_3a9da6a0_3,JUDGE_DISAGREEMENT,JUDGE_DISAGREEMENT,0,paraphrase_judge_disagreement,temporal_align_qa,2023,MEDIUM,VOLATILE,q_3a9da6a0@rerun_24h,rerun_24h
p_q_58db0825_0,JUDGE_DISAGREEMENT,INDETERMINATE_AT_T,0,paraphrase_judge_disagreement,temporal_align_qa,2023,MEDIUM,VOLATILE,q_58db0825@rerun_24h,rerun_24h
p_q_15c4dc42_3,JUDGE_DISAGREEMENT,INDETERMINATE_AT_T,0,paraphrase_judge_disagreement,temporal_align_qa,2023,MEDIUM,VOLATILE,q_15c4dc42@rerun_24h,rerun_24h
p_q_0a6fd0c3_1,JUDGE_DISAGREEMENT,INDETERMINATE_AT_T,0,paraphrase_judge_disagreement,temporal_align_qa,2023,MEDIUM,VOLATILE,q_0a6fd0c3@rerun_24h,rerun_24h
p_q_54467ccf_3,DIFFERENT,JUDGE_DISAGREEMENT,0,paraphrase_different,temporal_align_qa,2023,MEDIUM,VOLATILE,q_54467ccf@rerun_24h,rerun_24h
p_q_0e39d599_1,DIFFERENT,JUDGE_DISAGREEMENT,0,paraphrase_different,temporal_align_qa,2023,MEDIUM,VOLATILE,q_0e39d599@rerun_24h,rerun_24h
p_q_3f8c84fb_1,SAME,JUDGE_DISAGREEMENT,0,validity_judge_disagreement,temporal_align_qa,2023,MEDIUM,VOLATILE,q_3f8c84fb@rerun_24h,rerun_24h
p_q_15c687de_0,SAME,JUDGE_DISAGREEMENT,0,validity_judge_disagreement,temporal_align_qa,2023,MEDIUM,VOLATILE,q_15c687de@rerun_24h,rerun_24h
p_q_2d8fe2cc_3,SAME,SUPERSEDED_AT_T,0,validity_superseded_at_t,temporal_align_qa,2023,MEDIUM,VOLATILE,q_2d8fe2cc@rerun_24h,rerun_24h
p_q_5a80cc0d_2,SAME,JUDGE_DISAGREEMENT,0,validity_judge_disagreement,temporal_align_qa,2023,MEDIUM,VOLATILE,q_5a80cc0d@rerun_24h,rerun_24h
p_q_ac1b24c0_3,SAME,JUDGE_DISAGREEMENT,0,validity_judge_disagreement,temporal_align_qa,2023,MEDIUM,VOLATILE,q_ac1b24c0@rerun_24h,rerun_24h
p_q_794f635d_3,SAME,INDETERMINATE_AT_T,0,validity_indeterminate_at_t,temporal_align_qa,2023,MEDIUM,VOLATILE,q_794f635d@rerun_24h,rerun_24h
p_q_2520c5d9_0,SAME,SUPERSEDED_AT_T,0,validity_superseded_at_t,temporal_align_qa,2023,MEDIUM,VOLATILE,q_2520c5d9@rerun_24h,rerun_24h
p_q_0a3d5709_3,DIFFERENT,JUDGE_DISAGREEMENT,0,paraphrase_different,temporal_align_qa,2023,MEDIUM,VOLATILE,q_0a3d5709@rerun_24h,rerun_24h
p_q_3e28f963_1,SAME,SUPERSEDED_AT_T,0,validity_superseded_at_t,freshqa,2022,MEDIUM,SINGLE_YEAR,q_3e28f963@rerun_24h,rerun_24h
p_q_0a6fd0c3_0,DIFFERENT,INDETERMINATE_AT_T,0,paraphrase_different,temporal_align_qa,2023,MEDIUM,VOLATILE,q_0a6fd0c3@rerun_24h,rerun_24h
p_q_02fa4ec7_1,DIFFERENT,SUPERSEDED_AT_T,0,paraphrase_different,temporal_align_qa,2023,MEDIUM,VOLATILE,q_02fa4ec7@rerun_12h,rerun_12h
p_q_43f2a8a0_3,JUDGE_DISAGREEMENT,JUDGE_DISAGREEMENT,0,paraphrase_judge_disagreement,temporal_align_qa,2023,MEDIUM,VOLATILE,q_43f2a8a0@rerun_24h,rerun_24h
p_q_60131439_3,JUDGE_DISAGREEMENT,SUPERSEDED_AT_T,0,paraphrase_judge_disagreement,temporal_align_qa,2023,MEDIUM,VOLATILE,q_60131439@rerun_24h,rerun_24h
p_q_f8c707c8_3,DIFFERENT,SUPERSEDED_AT_T,0,paraphrase_different,temporal_align_qa,2023,MEDIUM,VOLATILE,q_f8c707c8@rerun_24h,rerun_24h
p_q_f49c2f47_3,JUDGE_DISAGREEMENT,SUPERSEDED_AT_T,0,paraphrase_judge_disagreement,temporal_align_qa,2023,MEDIUM,VOLATILE,q_f49c2f47@rerun_24h,rerun_24h
p_q_4ddbae0c_0,SAME,INDETERMINATE_AT_T,0,validity_indeterminate_at_t,temporal_align_qa,2023,MEDIUM,VOLATILE,q_4ddbae0c@rerun_24h,rerun_24h
p_q_f6645f8f_0,DIFFERENT,INDETERMINATE_AT_T,0,paraphrase_different,temporal_align_qa,2023,MEDIUM,VOLATILE,q_f6645f8f@rerun_24h,rerun_24h
p_q_801947bd_0,JUDGE_DISAGREEMENT,SUPERSEDED_AT_T,0,paraphrase_judge_disagreement,temporal_align_qa,2023,MEDIUM,VOLATILE,q_801947bd@rerun_24h,rerun_24h
p_q_2a49e766_3,SAME,JUDGE_DISAGREEMENT,0,validity_judge_disagreement,temporal_align_qa,2023,MEDIUM,VOLATILE,q_2a49e766@rerun_24h,rerun_24h
p_q_b9ad203c_3,SAME,SUPERSEDED_AT_T,0,validity_superseded_at_t,temporal_align_qa,2023,MEDIUM,VOLATILE,q_b9ad203c@rerun_24h,rerun_24h
p_q_36c62536_1,SAME,JUDGE_DISAGREEMENT,0,validity_judge_disagreement,temporal_align_qa,2023,MEDIUM,VOLATILE,q_36c62536@rerun_24h,rerun_24h
p_q_71c4d6a7_2,JUDGE_DISAGREEMENT,SUPERSEDED_AT_T,0,paraphrase_judge_disagreement,temporal_align_qa,2023,MEDIUM,VOLATILE,q_71c4d6a7@rerun_24h,rerun_24h
p_q_935fff1b_0,SAME,JUDGE_DISAGREEMENT,0,validity_judge_disagreement,temporal_align_qa,2023,MEDIUM,VOLATILE,q_935fff1b@rerun_24h,rerun_24h
p_q_645572d1_1,SAME,JUDGE_DISAGREEMENT,0,validity_judge_disagreement,temporal_align_qa,2023,MEDIUM,VOLATILE,q_645572d1@rerun_24h,rerun_24h
p_q_5329f934_3,JUDGE_DISAGREEMENT,JUDGE_DISAGREEMENT,0,paraphrase_judge_disagreement,temporal_align_qa,2023,MEDIUM,VOLATILE,q_5329f934@rerun_24h,rerun_24h
p_q_48e27a79_2,JUDGE_DISAGREEMENT,JUDGE_DISAGREEMENT,0,paraphrase_judge_disagreement,temporal_align_qa,2023,MEDIUM,VOLATILE,q_48e27a79@rerun_24h,rerun_24h
p_q_8853a8be_2,SAME,JUDGE_DISAGREEMENT,0,validity_judge_disagreement,temporal_align_qa,2023,MEDIUM,VOLATILE,q_8853a8be@rerun_24h,rerun_24h
p_q_8ac2e944_2,JUDGE_DISAGREEMENT,SUPERSEDED_AT_T,0,paraphrase_judge_disagreement,temporal_align_qa,2023,MEDIUM,VOLATILE,q_8ac2e944@rerun_24h,rerun_24h
p_q_b220eed5_0,SAME,JUDGE_DISAGREEMENT,0,validity_judge_disagreement,temporal_align_qa,2023,MEDIUM,VOLATILE,q_b220eed5@rerun_24h,rerun_24h
p_q_14607683_0,SAME,JUDGE_DISAGREEMENT,0,validity_judge_disagreement,temporal_align_qa,2023,MEDIUM,VOLATILE,q_14607683@rerun_24h,rerun_24h
p_q_67c87177_1,SAME,JUDGE_DISAGREEMENT,0,validity_judge_disagreement,temporal_align_qa,2023,MEDIUM,VOLATILE,q_67c87177@rerun_24h,rerun_24h
p_q_16f7110e_1,SAME,INDETERMINATE_AT_T,0,validity_indeterminate_at_t,temporal_align_qa,2023,MEDIUM,VOLATILE,q_16f7110e@rerun_24h,rerun_24h
p_q_c52c10db_1,SAME,INDETERMINATE_AT_T,0,validity_indeterminate_at_t,temporal_align_qa,2023,MEDIUM,VOLATILE,q_c52c10db@rerun_24h,rerun_24h
p_q_c973e5b1_0,JUDGE_DISAGREEMENT,SUPERSEDED_AT_T,0,paraphrase_judge_disagreement,temporal_align_qa,2023,MEDIUM,VOLATILE,q_c973e5b1@rerun_24h,rerun_24h
p_q_6a754bab_0,SAME,SUPERSEDED_AT_T,0,validity_superseded_at_t,temporal_align_qa,2023,MEDIUM,VOLATILE,q_6a754bab@rerun_24h,rerun_24h
p_q_9aa8fdeb_0,SAME,INDETERMINATE_AT_T,0,validity_indeterminate_at_t,temporal_align_qa,2023,MEDIUM,VOLATILE,q_9aa8fdeb@rerun_24h,rerun_24h
p_q_b32eed02_0,SAME,JUDGE_DISAGREEMENT,0,validity_judge_disagreement,temporal_align_qa,2023,MEDIUM,VOLATILE,q_b32eed02@rerun_24h,rerun_24h
p_q_9e9cc170_2,JUDGE_DISAGREEMENT,JUDGE_DISAGREEMENT,0,paraphrase_judge_disagreement,temporal_align_qa,2023,MEDIUM,VOLATILE,q_9e9cc170@rerun_24h,rerun_24h
p_q_90bb4e98_0,SAME,INDETERMINATE_AT_T,0,validity_indeterminate_at_t,temporal_align_qa,2023,MEDIUM,VOLATILE,q_90bb4e98@rerun_24h,rerun_24h
p_q_4dfb357f_0,JUDGE_DISAGREEMENT,JUDGE_DISAGREEMENT,0,paraphrase_judge_disagreement,temporal_align_qa,2023,MEDIUM,VOLATILE,q_4dfb357f@rerun_24h,rerun_24h
p_q_85ab1b76_1,JUDGE_DISAGREEMENT,JUDGE_DISAGREEMENT,0,paraphrase_judge_disagreement,temporal_align_qa,2023,MEDIUM,VOLATILE,q_85ab1b76@rerun_24h,rerun_24h
p_q_0899721b_0,SAME,SUPERSEDED_AT_T,0,validity_superseded_at_t,temporal_align_qa,2023,MEDIUM,VOLATILE,q_0899721b@rerun_24h,rerun_24h
p_q_86e95f29_0,SAME,INDETERMINATE_AT_T,0,validity_indeterminate_at_t,temporal_align_qa,2023,MEDIUM,VOLATILE,q_86e95f29@rerun_24h,rerun_24h
p_q_14607683_1,JUDGE_DISAGREEMENT,JUDGE_DISAGREEMENT,0,paraphrase_judge_disagreement,temporal_align_qa,2023,MEDIUM,VOLATILE,q_14607683@rerun_24h,rerun_24h
p_q_9b44b067_0,SAME,SUPERSEDED_AT_T,0,validity_superseded_at_t,temporal_align_qa,2023,MEDIUM,VOLATILE,q_9b44b067@rerun_24h,rerun_24h
p_q_67c87177_3,SAME,JUDGE_DISAGREEMENT,0,validity_judge_disagreement,temporal_align_qa,2023,MEDIUM,VOLATILE,q_67c87177@rerun_24h,rerun_24h
p_q_c66aa371_2,SAME,SUPERSEDED_AT_T,0,validity_superseded_at_t,temporal_align_qa,2023,MEDIUM,VOLATILE,q_c66aa371@rerun_24h,rerun_24h
p_q_0c61ace3_3,SAME,SUPERSEDED_AT_T,0,validity_superseded_at_t,temporal_align_qa,2023,MEDIUM,VOLATILE,q_0c61ace3@rerun_24h,rerun_24h
p_q_c2bcbdff_2,SAME,JUDGE_DISAGREEMENT,0,validity_judge_disagreement,temporal_align_qa,2023,MEDIUM,VOLATILE,q_c2bcbdff@rerun_24h,rerun_24h
p_q_75e28045_2,SAME,JUDGE_DISAGREEMENT,0,validity_judge_disagreement,temporal_align_qa,2023,MEDIUM,VOLATILE,q_75e28045@rerun_24h,rerun_24h
p_q_8e1c3bc4_1,SAME,SUPERSEDED_AT_T,0,validity_superseded_at_t,temporal_align_qa,2023,MEDIUM,VOLATILE,q_8e1c3bc4@rerun_24h,rerun_24h
p_q_bac0fe01_3,SAME,INDETERMINATE_AT_T,0,validity_indeterminate_at_t,temporal_align_qa,2023,MEDIUM,VOLATILE,q_bac0fe01@rerun_24h,rerun_24h
p_q_fbc7a20d_2,SAME,JUDGE_DISAGREEMENT,0,validity_judge_disagreement,temporal_align_qa,2023,MEDIUM,VOLATILE,q_fbc7a20d@rerun_24h,rerun_24h
p_q_02895ac6_0,SAME,JUDGE_DISAGREEMENT,0,validity_judge_disagreement,temporal_align_qa,2023,MEDIUM,VOLATILE,q_02895ac6@rerun_24h,rerun_24h
p_q_1fe5242d_3,SAME,JUDGE_DISAGREEMENT,0,validity_judge_disagreement,temporal_align_qa,2023,MEDIUM,VOLATILE,q_1fe5242d@rerun_24h,rerun_24h
p_q_47ba6dcb_1,SAME,SUPERSEDED_AT_T,0,validity_superseded_at_t,temporal_align_qa,2023,MEDIUM,VOLATILE,q_47ba6dcb@rerun_24h,rerun_24h
p_q_99dcb85c_0,SAME,SUPERSEDED_AT_T,0,validity_superseded_at_t,temporal_align_qa,2023,MEDIUM,VOLATILE,q_99dcb85c@rerun_24h,rerun_24h
p_q_3b332e4e_2,SAME,SUPERSEDED_AT_T,0,validity_superseded_at_t,temporal_align_qa,2023,MEDIUM,VOLATILE,q_3b332e4e@rerun_24h,rerun_24h
p_q_c354442b_1,SAME,SUPERSEDED_AT_T,0,validity_superseded_at_t,temporal_align_qa,2023,MEDIUM,VOLATILE,q_c354442b@rerun_24h,rerun_24h
p_q_33ca27e1_2,SAME,SUPERSEDED_AT_T,0,validity_superseded_at_t,temporal_align_qa,2023,MEDIUM,VOLATILE,q_33ca27e1@rerun_24h,rerun_24h
p_q_9b57150e_1,SAME,JUDGE_DISAGREEMENT,0,validity_judge_disagreement,temporal_align_qa,2023,MEDIUM,VOLATILE,q_9b57150e@rerun_24h,rerun_24h
p_q_df05880a_1,SAME,JUDGE_DISAGREEMENT,0,validity_judge_disagreement,temporal_align_qa,2023,MEDIUM,VOLATILE,q_df05880a@rerun_24h,rerun_24h
p_q_33f8046d_2,SAME,JUDGE_DISAGREEMENT,0,validity_judge_disagreement,temporal_align_qa,2023,MEDIUM,VOLATILE,q_33f8046d@rerun_24h,rerun_24h
p_q_fddc380c_2,SAME,SUPERSEDED_AT_T,0,validity_superseded_at_t,temporal_align_qa,2023,MEDIUM,VOLATILE,q_fddc380c@rerun_24h,rerun_24h
p_q_f54d3aa2_1,SAME,SUPERSEDED_AT_T,0,validity_superseded_at_t,temporal_align_qa,2023,MEDIUM,VOLATILE,q_f54d3aa2@rerun_24h,rerun_24h
p_q_75e28045_3,SAME,JUDGE_DISAGREEMENT,0,validity_judge_disagreement,temporal_align_qa,2023,MEDIUM,VOLATILE,q_75e28045@rerun_24h,rerun_24h
p_q_b9a75c82_1,SAME,JUDGE_DISAGREEMENT,0,validity_judge_disagreement,temporal_align_qa,2023,MEDIUM,VOLATILE,q_b9a75c82@rerun_24h,rerun_24h
p_q_39cd95a7_1,SAME,SUPERSEDED_AT_T,0,validity_superseded_at_t,freshqa,2023,MEDIUM,SINGLE_YEAR,q_39cd95a7@rerun_24h,rerun_24h
p_q_78251db1_0,SAME,SUPERSEDED_AT_T,0,validity_superseded_at_t,temporal_align_qa,2023,MEDIUM,VOLATILE,q_78251db1@rerun_24h,rerun_24h
p_q_5431673a_3,SAME,JUDGE_DISAGREEMENT,0,validity_judge_disagreement,temporal_align_qa,2023,MEDIUM,VOLATILE,q_5431673a@rerun_24h,rerun_24h
q_dbb1cb5d,BASE_QUERY,JUDGE_DISAGREEMENT,0,validity_judge_disagreement,temporal_align_qa,2023,MEDIUM,VOLATILE,q_dbb1cb5d@rerun_24h,rerun_24h
q_39c51b6d,BASE_QUERY,JUDGE_DISAGREEMENT,0,validity_judge_disagreement,temporal_align_qa,2023,MEDIUM,VOLATILE,q_39c51b6d@rerun_24h,rerun_24h
q_394f249c,BASE_QUERY,SUPERSEDED_AT_T,0,validity_superseded_at_t,temporal_align_qa,2023,MEDIUM,VOLATILE,q_394f249c@rerun_24h,rerun_24h
q_8b7e079f,BASE_QUERY,JUDGE_DISAGREEMENT,0,validity_judge_disagreement,temporal_align_qa,2023,MEDIUM,VOLATILE,q_8b7e079f@rerun_12h,rerun_12h
q_493b174b,BASE_QUERY,INDETERMINATE_AT_T,0,validity_indeterminate_at_t,freshqa,2022,MEDIUM,SINGLE_YEAR,q_493b174b@rerun_24h,rerun_24h
q_c8d65331,BASE_QUERY,JUDGE_DISAGREEMENT,0,validity_judge_disagreement,temporal_align_qa,2023,MEDIUM,VOLATILE,q_c8d65331@rerun_24h,rerun_24h
q_cb349d3b,BASE_QUERY,JUDGE_DISAGREEMENT,0,validity_judge_disagreement,temporal_align_qa,2023,MEDIUM,VOLATILE,q_cb349d3b@rerun_24h,rerun_24h
q_4a625c6c,BASE_QUERY,VALID_AT_T,1,,temporal_align_qa,2023,MEDIUM,VOLATILE,q_4a625c6c@rerun_24h,rerun_24h
q_abacb5ad,BASE_QUERY,SUPERSEDED_AT_T,0,validity_superseded_at_t,temporal_align_qa,2023,MEDIUM,VOLATILE,q_abacb5ad@rerun_24h,rerun_24h
q_c1c6c0b6,BASE_QUERY,INDETERMINATE_AT_T,0,validity_indeterminate_at_t,temporal_align_qa,2023,MEDIUM,VOLATILE,q_c1c6c0b6@rerun_1h,rerun_1h
q_8463aab3,BASE_QUERY,JUDGE_DISAGREEMENT,0,validity_judge_disagreement,temporal_align_qa,2023,MEDIUM,VOLATILE,q_8463aab3@rerun_24h,rerun_24h
q_9c334cd8,BASE_QUERY,SUPERSEDED_AT_T,0,validity_superseded_at_t,temporal_align_qa,2023,MEDIUM,VOLATILE,q_9c334cd8@rerun_12h,rerun_12h
q_268237ac,BASE_QUERY,JUDGE_DISAGREEMENT,0,validity_judge_disagreement,temporal_align_qa,2023,MEDIUM,VOLATILE,q_268237ac@rerun_24h,rerun_24h
q_3863ccbb,BASE_QUERY,JUDGE_DISAGREEMENT,0,validity_judge_disagreement,temporal_align_qa,2023,MEDIUM,VOLATILE,q_3863ccbb@rerun_24h,rerun_24h
p_q_40d3878e_3,JUDGE_DISAGREEMENT,JUDGE_DISAGREEMENT,0,paraphrase_judge_disagreement,temporal_align_qa,2023,SLOW,VOLATILE,q_40d3878e@rerun_24h,rerun_24h
p_q_d78d0eec_3,DIFFERENT,VALID_AT_T,0,paraphrase_different,temporal_align_qa,2023,SLOW,VOLATILE,q_d78d0eec@rerun_24h,rerun_24h
p_q_c06f1aba_3,JUDGE_DISAGREEMENT,SUPERSEDED_AT_T,0,paraphrase_judge_disagreement,temporal_align_qa,2023,SLOW,VOLATILE,q_c06f1aba@rerun_24h,rerun_24h
p_q_9bf08ec9_1,JUDGE_DISAGREEMENT,INDETERMINATE_AT_T,0,paraphrase_judge_disagreement,temporal_align_qa,2023,SLOW,VOLATILE,q_9bf08ec9@rerun_24h,rerun_24h
p_q_807cdee5_0,DIFFERENT,SUPERSEDED_AT_T,0,paraphrase_different,temporal_align_qa,2023,SLOW,VOLATILE,q_807cdee5@rerun_24h,rerun_24h
p_q_2b61b711_2,JUDGE_DISAGREEMENT,JUDGE_DISAGREEMENT,0,paraphrase_judge_disagreement,temporal_align_qa,2023,SLOW,VOLATILE,q_2b61b711@rerun_24h,rerun_24h
p_q_8dc147d0_2,JUDGE_DISAGREEMENT,SUPERSEDED_AT_T,0,paraphrase_judge_disagreement,freshqa,2023,SLOW,SINGLE_YEAR,q_8dc147d0@rerun_24h,rerun_24h
p_q_874ffcdd_0,JUDGE_DISAGREEMENT,INDETERMINATE_AT_T,0,paraphrase_judge_disagreement,temporal_align_qa,2023,SLOW,VOLATILE,q_874ffcdd@rerun_24h,rerun_24h
p_q_c914875b_3,SAME,INDETERMINATE_AT_T,0,validity_indeterminate_at_t,temporal_align_qa,2023,SLOW,VOLATILE,q_c914875b@rerun_24h,rerun_24h
p_q_9a3d3ff9_2,DIFFERENT,JUDGE_DISAGREEMENT,0,paraphrase_different,temporal_align_qa,2023,SLOW,VOLATILE,q_9a3d3ff9@rerun_24h,rerun_24h
p_q_cc0d02ca_1,JUDGE_DISAGREEMENT,SUPERSEDED_AT_T,0,paraphrase_judge_disagreement,temporal_align_qa,2023,SLOW,VOLATILE,q_cc0d02ca@rerun_24h,rerun_24h
p_q_f61856a1_0,DIFFERENT,VALID_AT_T,0,paraphrase_different,temporal_align_qa,2023,SLOW,VOLATILE,q_f61856a1@rerun_24h,rerun_24h
p_q_2c3456d3_3,JUDGE_DISAGREEMENT,SUPERSEDED_AT_T,0,paraphrase_judge_disagreement,temporal_align_qa,2023,SLOW,VOLATILE,q_2c3456d3@rerun_12h,rerun_12h
p_q_b37330f1_0,JUDGE_DISAGREEMENT,SUPERSEDED_AT_T,0,paraphrase_judge_disagreement,temporal_align_qa,2023,SLOW,VOLATILE,q_b37330f1@rerun_24h,rerun_24h
p_q_d529bed8_1,SAME,JUDGE_DISAGREEMENT,0,validity_judge_disagreement,temporal_align_qa,2023,SLOW,VOLATILE,q_d529bed8@rerun_24h,rerun_24h
p_q_7ed2a6d6_1,JUDGE_DISAGREEMENT,INDETERMINATE_AT_T,0,paraphrase_judge_disagreement,temporal_align_qa,2023,SLOW,VOLATILE,q_7ed2a6d6@rerun_24h,rerun_24h
p_q_68d60970_2,SAME,INDETERMINATE_AT_T,0,validity_indeterminate_at_t,temporal_align_qa,2023,SLOW,VOLATILE,q_68d60970@rerun_24h,rerun_24h
p_q_17f33f25_1,JUDGE_DISAGREEMENT,SUPERSEDED_AT_T,0,paraphrase_judge_disagreement,freshqa,before 2022,SLOW,SINGLE_YEAR,q_17f33f25@rerun_24h,rerun_24h
p_q_1c20f8ba_0,JUDGE_DISAGREEMENT,SUPERSEDED_AT_T,0,paraphrase_judge_disagreement,temporal_align_qa,2023,SLOW,VOLATILE,q_1c20f8ba@rerun_24h,rerun_24h
p_q_96dff6da_0,DIFFERENT,JUDGE_DISAGREEMENT,0,paraphrase_different,freshqa,2021,SLOW,SINGLE_YEAR,q_96dff6da@rerun_24h,rerun_24h
p_q_887b8e3c_0,SAME,INDETERMINATE_AT_T,0,validity_indeterminate_at_t,temporal_align_qa,2023,SLOW,VOLATILE,q_887b8e3c@rerun_24h,rerun_24h
p_q_4209c718_2,SAME,VALID_AT_T,1,,temporal_align_qa,2023,SLOW,VOLATILE,q_4209c718@rerun_24h,rerun_24h
p_q_d02a1da9_0,SAME,JUDGE_DISAGREEMENT,0,validity_judge_disagreement,temporal_align_qa,2023,SLOW,VOLATILE,q_d02a1da9@rerun_24h,rerun_24h
p_q_3c4c45fe_1,SAME,SUPERSEDED_AT_T,0,validity_superseded_at_t,temporal_align_qa,2023,SLOW,VOLATILE,q_3c4c45fe@rerun_24h,rerun_24h
p_q_79daac81_3,SAME,JUDGE_DISAGREEMENT,0,validity_judge_disagreement,freshqa,2022,SLOW,SINGLE_YEAR,q_79daac81@rerun_24h,rerun_24h
p_q_1b42ed48_2,SAME,JUDGE_DISAGREEMENT,0,validity_judge_disagreement,temporal_align_qa,2023,SLOW,VOLATILE,q_1b42ed48@rerun_24h,rerun_24h
p_q_18f5cfa8_0,SAME,JUDGE_DISAGREEMENT,0,validity_judge_disagreement,temporal_align_qa,2023,SLOW,VOLATILE,q_18f5cfa8@rerun_24h,rerun_24h
p_q_83607c5d_1,JUDGE_DISAGREEMENT,JUDGE_DISAGREEMENT,0,paraphrase_judge_disagreement,temporal_align_qa,2023,SLOW,VOLATILE,q_83607c5d@rerun_24h,rerun_24h
p_q_c06a0019_3,SAME,JUDGE_DISAGREEMENT,0,validity_judge_disagreement,temporal_align_qa,2023,SLOW,VOLATILE,q_c06a0019@rerun_24h,rerun_24h
p_q_a6c1b4ce_2,SAME,SUPERSEDED_AT_T,0,validity_superseded_at_t,temporal_align_qa,2023,SLOW,VOLATILE,q_a6c1b4ce@rerun_24h,rerun_24h
p_q_6a7dc28e_2,DIFFERENT,JUDGE_DISAGREEMENT,0,paraphrase_different,freshqa,2022,SLOW,SINGLE_YEAR,q_6a7dc28e@rerun_24h,rerun_24h
p_q_d0a5e0b6_2,JUDGE_DISAGREEMENT,SUPERSEDED_AT_T,0,paraphrase_judge_disagreement,temporal_align_qa,2023,SLOW,VOLATILE,q_d0a5e0b6@rerun_24h,rerun_24h
p_q_8fb47752_1,JUDGE_DISAGREEMENT,JUDGE_DISAGREEMENT,0,paraphrase_judge_disagreement,freshqa,2023,SLOW,SINGLE_YEAR,q_8fb47752@rerun_24h,rerun_24h
p_q_84e159d5_0,JUDGE_DISAGREEMENT,VALID_AT_T,0,paraphrase_judge_disagreement,temporal_align_qa,2023,SLOW,VOLATILE,q_84e159d5@rerun_24h,rerun_24h
p_q_4bc25294_0,JUDGE_DISAGREEMENT,SUPERSEDED_AT_T,0,paraphrase_judge_disagreement,temporal_align_qa,2023,SLOW,VOLATILE,q_4bc25294@rerun_24h,rerun_24h
p_q_196f0aca_2,DIFFERENT,INDETERMINATE_AT_T,0,paraphrase_different,temporal_align_qa,2023,SLOW,VOLATILE,q_196f0aca@rerun_24h,rerun_24h
p_q_ba4e488d_3,JUDGE_DISAGREEMENT,JUDGE_DISAGREEMENT,0,paraphrase_judge_disagreement,temporal_align_qa,2023,SLOW,VOLATILE,q_ba4e488d@rerun_24h,rerun_24h
p_q_d62648af_0,JUDGE_DISAGREEMENT,JUDGE_DISAGREEMENT,0,paraphrase_judge_disagreement,temporal_align_qa,2023,SLOW,VOLATILE,q_d62648af@rerun_24h,rerun_24h
p_q_091c3460_2,SAME,INDETERMINATE_AT_T,0,validity_indeterminate_at_t,temporal_align_qa,2023,SLOW,VOLATILE,q_091c3460@rerun_24h,rerun_24h
p_q_e192f364_1,JUDGE_DISAGREEMENT,INDETERMINATE_AT_T,0,paraphrase_judge_disagreement,temporal_align_qa,2023,SLOW,VOLATILE,q_e192f364@rerun_24h,rerun_24h
p_q_bb9e40d6_0,JUDGE_DISAGREEMENT,JUDGE_DISAGREEMENT,0,paraphrase_judge_disagreement,temporal_align_qa,2023,SLOW,VOLATILE,q_bb9e40d6@rerun_24h,rerun_24h
p_q_6f1acb10_3,DIFFERENT,JUDGE_DISAGREEMENT,0,paraphrase_different,temporal_align_qa,2023,SLOW,VOLATILE,q_6f1acb10@rerun_24h,rerun_24h
p_q_53b66262_0,SAME,JUDGE_DISAGREEMENT,0,validity_judge_disagreement,freshqa,before 2022,SLOW,SINGLE_YEAR,q_53b66262@rerun_24h,rerun_24h
p_q_a21594ce_0,SAME,JUDGE_DISAGREEMENT,0,validity_judge_disagreement,temporal_align_qa,2023,SLOW,VOLATILE,q_a21594ce@rerun_24h,rerun_24h
p_q_e5fcdad4_1,SAME,SUPERSEDED_AT_T,0,validity_superseded_at_t,temporal_align_qa,2023,SLOW,VOLATILE,q_e5fcdad4@rerun_24h,rerun_24h
p_q_594b8e7a_3,SAME,VALID_AT_T,1,,temporal_align_qa,2023,SLOW,VOLATILE,q_594b8e7a@rerun_24h,rerun_24h
p_q_7946d4f3_0,JUDGE_DISAGREEMENT,SUPERSEDED_AT_T,0,paraphrase_judge_disagreement,temporal_align_qa,2023,SLOW,VOLATILE,q_7946d4f3@rerun_24h,rerun_24h
p_q_8ec920df_1,JUDGE_DISAGREEMENT,JUDGE_DISAGREEMENT,0,paraphrase_judge_disagreement,temporal_align_qa,2023,SLOW,VOLATILE,q_8ec920df@rerun_24h,rerun_24h
p_q_83607c5d_3,JUDGE_DISAGREEMENT,JUDGE_DISAGREEMENT,0,paraphrase_judge_disagreement,temporal_align_qa,2023,SLOW,VOLATILE,q_83607c5d@rerun_24h,rerun_24h
p_q_51b242c2_3,SAME,JUDGE_DISAGREEMENT,0,validity_judge_disagreement,temporal_align_qa,2023,SLOW,VOLATILE,q_51b242c2@rerun_24h,rerun_24h
p_q_624c6c50_2,SAME,JUDGE_DISAGREEMENT,0,validity_judge_disagreement,temporal_align_qa,2023,SLOW,VOLATILE,q_624c6c50@rerun_24h,rerun_24h
p_q_99c9cb7f_2,SAME,JUDGE_DISAGREEMENT,0,validity_judge_disagreement,temporal_align_qa,2023,SLOW,VOLATILE,q_99c9cb7f@rerun_24h,rerun_24h
p_q_486683c8_3,SAME,JUDGE_DISAGREEMENT,0,validity_judge_disagreement,temporal_align_qa,2023,SLOW,VOLATILE,q_486683c8@rerun_24h,rerun_24h
p_q_f331a4d9_1,DIFFERENT,JUDGE_DISAGREEMENT,0,paraphrase_different,temporal_align_qa,2023,SLOW,VOLATILE,q_f331a4d9@rerun_24h,rerun_24h
p_q_27293a94_1,SAME,VALID_AT_T,1,,temporal_align_qa,2023,SLOW,VOLATILE,q_27293a94@rerun_24h,rerun_24h
p_q_e9a277e7_0,SAME,JUDGE_DISAGREEMENT,0,validity_judge_disagreement,temporal_align_qa,2023,SLOW,VOLATILE,q_e9a277e7@rerun_24h,rerun_24h
p_q_94939cea_0,SAME,JUDGE_DISAGREEMENT,0,validity_judge_disagreement,temporal_align_qa,2023,SLOW,VOLATILE,q_94939cea@rerun_24h,rerun_24h
p_q_3ac69f62_0,SAME,JUDGE_DISAGREEMENT,0,validity_judge_disagreement,temporal_align_qa,2023,SLOW,VOLATILE,q_3ac69f62@rerun_24h,rerun_24h
p_q_70ab2a41_3,SAME,SUPERSEDED_AT_T,0,validity_superseded_at_t,temporal_align_qa,2023,SLOW,VOLATILE,q_70ab2a41@rerun_24h,rerun_24h
p_q_1ed44863_1,SAME,VALID_AT_T,1,,temporal_align_qa,2023,SLOW,VOLATILE,q_1ed44863@rerun_24h,rerun_24h
p_q_97b198d0_3,SAME,VALID_AT_T,1,,temporal_align_qa,2023,SLOW,VOLATILE,q_97b198d0@rerun_24h,rerun_24h
p_q_c26ddee2_1,SAME,INDETERMINATE_AT_T,0,validity_indeterminate_at_t,temporal_align_qa,2023,SLOW,VOLATILE,q_c26ddee2@rerun_24h,rerun_24h
p_q_baf11e36_1,SAME,JUDGE_DISAGREEMENT,0,validity_judge_disagreement,temporal_align_qa,2023,SLOW,VOLATILE,q_baf11e36@rerun_24h,rerun_24h
p_q_19e1347b_1,SAME,JUDGE_DISAGREEMENT,0,validity_judge_disagreement,temporal_align_qa,2023,SLOW,VOLATILE,q_19e1347b@rerun_24h,rerun_24h
p_q_18279081_1,SAME,SUPERSEDED_AT_T,0,validity_superseded_at_t,temporal_align_qa,2023,SLOW,VOLATILE,q_18279081@rerun_24h,rerun_24h
p_q_79daac81_2,SAME,JUDGE_DISAGREEMENT,0,validity_judge_disagreement,freshqa,2022,SLOW,SINGLE_YEAR,q_79daac81@rerun_24h,rerun_24h
p_q_9654e28e_3,SAME,JUDGE_DISAGREEMENT,0,validity_judge_disagreement,temporal_align_qa,2023,SLOW,VOLATILE,q_9654e28e@rerun_24h,rerun_24h
p_q_82fe96e1_2,SAME,VALID_AT_T,1,,freshqa,2022,SLOW,SINGLE_YEAR,q_82fe96e1@rerun_24h,rerun_24h
p_q_aa6288cd_3,SAME,JUDGE_DISAGREEMENT,0,validity_judge_disagreement,temporal_align_qa,2023,SLOW,VOLATILE,q_aa6288cd@rerun_24h,rerun_24h
p_q_57bc7dc8_2,SAME,SUPERSEDED_AT_T,0,validity_superseded_at_t,temporal_align_qa,2023,SLOW,VOLATILE,q_57bc7dc8@rerun_24h,rerun_24h
p_q_ff4e04a5_0,SAME,JUDGE_DISAGREEMENT,0,validity_judge_disagreement,temporal_align_qa,2023,SLOW,VOLATILE,q_ff4e04a5@rerun_24h,rerun_24h
p_q_e811a942_0,SAME,JUDGE_DISAGREEMENT,0,validity_judge_disagreement,temporal_align_qa,2023,SLOW,VOLATILE,q_e811a942@rerun_24h,rerun_24h
p_q_13dd3bf9_1,SAME,JUDGE_DISAGREEMENT,0,validity_judge_disagreement,temporal_align_qa,2023,SLOW,VOLATILE,q_13dd3bf9@rerun_24h,rerun_24h
p_q_f1176491_2,SAME,INDETERMINATE_AT_T,0,validity_indeterminate_at_t,temporal_align_qa,2023,SLOW,VOLATILE,q_f1176491@rerun_24h,rerun_24h
p_q_9679dc80_2,SAME,JUDGE_DISAGREEMENT,0,validity_judge_disagreement,temporal_align_qa,2023,SLOW,VOLATILE,q_9679dc80@rerun_24h,rerun_24h
p_q_3f541a35_3,SAME,JUDGE_DISAGREEMENT,0,validity_judge_disagreement,temporal_align_qa,2023,SLOW,VOLATILE,q_3f541a35@rerun_24h,rerun_24h
p_q_9edf5bd2_1,SAME,JUDGE_DISAGREEMENT,0,validity_judge_disagreement,temporal_align_qa,2023,SLOW,VOLATILE,q_9edf5bd2@rerun_24h,rerun_24h
p_q_88f50274_0,SAME,JUDGE_DISAGREEMENT,0,validity_judge_disagreement,temporal_align_qa,2023,SLOW,VOLATILE,q_88f50274@rerun_24h,rerun_24h
p_q_a84da252_0,SAME,INDETERMINATE_AT_T,0,validity_indeterminate_at_t,temporal_align_qa,2023,SLOW,VOLATILE,q_a84da252@rerun_24h,rerun_24h
p_q_3ee7411d_0,SAME,SUPERSEDED_AT_T,0,validity_superseded_at_t,temporal_align_qa,2023,SLOW,VOLATILE,q_3ee7411d@rerun_24h,rerun_24h
p_q_9713cc4c_3,SAME,VALID_AT_T,1,,freshqa,2022,SLOW,SINGLE_YEAR,q_9713cc4c@rerun_24h,rerun_24h
p_q_b37330f1_1,SAME,SUPERSEDED_AT_T,0,validity_superseded_at_t,temporal_align_qa,2023,SLOW,VOLATILE,q_b37330f1@rerun_24h,rerun_24h
p_q_226ccc1f_3,JUDGE_DISAGREEMENT,INDETERMINATE_AT_T,0,paraphrase_judge_disagreement,temporal_align_qa,2023,SLOW,VOLATILE,q_226ccc1f@rerun_24h,rerun_24h
p_q_3c3ee393_2,SAME,JUDGE_DISAGREEMENT,0,validity_judge_disagreement,temporal_align_qa,2023,SLOW,VOLATILE,q_3c3ee393@rerun_24h,rerun_24h
q_ac7fde07,BASE_QUERY,SUPERSEDED_AT_T,0,validity_superseded_at_t,temporal_align_qa,2023,SLOW,VOLATILE,q_ac7fde07@rerun_24h,rerun_24h
q_53e77e63,BASE_QUERY,JUDGE_DISAGREEMENT,0,validity_judge_disagreement,freshqa,before 2022,SLOW,SINGLE_YEAR,q_53e77e63@rerun_24h,rerun_24h
q_13a1eaa3,BASE_QUERY,SUPERSEDED_AT_T,0,validity_superseded_at_t,temporal_align_qa,2023,SLOW,VOLATILE,q_13a1eaa3@rerun_24h,rerun_24h
q_2d965d45,BASE_QUERY,SUPERSEDED_AT_T,0,validity_superseded_at_t,temporal_align_qa,2023,SLOW,VOLATILE,q_2d965d45@rerun_24h,rerun_24h
q_0c7e44a5,BASE_QUERY,JUDGE_DISAGREEMENT,0,validity_judge_disagreement,temporal_align_qa,2023,SLOW,VOLATILE,q_0c7e44a5@rerun_24h,rerun_24h
q_16bfd035,BASE_QUERY,JUDGE_DISAGREEMENT,0,validity_judge_disagreement,temporal_align_qa,2023,SLOW,VOLATILE,q_16bfd035@rerun_24h,rerun_24h
q_498e07da,BASE_QUERY,JUDGE_DISAGREEMENT,0,validity_judge_disagreement,temporal_align_qa,2023,SLOW,VOLATILE,q_498e07da@rerun_1h,rerun_1h
q_f3175126,BASE_QUERY,JUDGE_DISAGREEMENT,0,validity_judge_disagreement,temporal_align_qa,2023,SLOW,VOLATILE,q_f3175126@rerun_24h,rerun_24h
q_56ebbb98,BASE_QUERY,JUDGE_DISAGREEMENT,0,validity_judge_disagreement,temporal_align_qa,2023,SLOW,VOLATILE,q_56ebbb98@rerun_12h,rerun_12h
q_92dda9c3,BASE_QUERY,INDETERMINATE_AT_T,0,validity_indeterminate_at_t,temporal_align_qa,2023,SLOW,VOLATILE,q_92dda9c3@rerun_24h,rerun_24h
q_02dd7c17,BASE_QUERY,SUPERSEDED_AT_T,0,validity_superseded_at_t,temporal_align_qa,2023,SLOW,VOLATILE,q_02dd7c17@rerun_1h,rerun_1h
q_3df9aae8,BASE_QUERY,VALID_AT_T,1,,temporal_align_qa,2023,SLOW,VOLATILE,q_3df9aae8@rerun_1h,rerun_1h
q_376b8a53,BASE_QUERY,JUDGE_DISAGREEMENT,0,validity_judge_disagreement,temporal_align_qa,2023,SLOW,VOLATILE,q_376b8a53@rerun_24h,rerun_24h
q_56ee58f4,BASE_QUERY,JUDGE_DISAGREEMENT,0,validity_judge_disagreement,temporal_align_qa,2023,SLOW,VOLATILE,q_56ee58f4@rerun_24h,rerun_24h
p_q_acfe9269_0,JUDGE_DISAGREEMENT,JUDGE_DISAGREEMENT,0,paraphrase_judge_disagreement,triviaqa,(none),TIMELESS,NOT_TIME_KEYED,q_acfe9269@rerun_24h,rerun_24h
p_q_0c3fca22_0,DIFFERENT,JUDGE_DISAGREEMENT,0,paraphrase_different,triviaqa,(none),TIMELESS,NOT_TIME_KEYED,q_0c3fca22@rerun_24h,rerun_24h
p_q_49493ec6_0,JUDGE_DISAGREEMENT,VALID_AT_T,0,paraphrase_judge_disagreement,triviaqa,(none),TIMELESS,NOT_TIME_KEYED,q_49493ec6@rerun_24h,rerun_24h
p_q_ae57c718_2,JUDGE_DISAGREEMENT,VALID_AT_T,0,paraphrase_judge_disagreement,triviaqa,(none),TIMELESS,NOT_TIME_KEYED,q_ae57c718@rerun_24h,rerun_24h
p_q_b38e651d_0,JUDGE_DISAGREEMENT,JUDGE_DISAGREEMENT,0,paraphrase_judge_disagreement,triviaqa,(none),TIMELESS,NOT_TIME_KEYED,q_b38e651d@rerun_24h,rerun_24h
p_q_18c91502_2,DIFFERENT,JUDGE_DISAGREEMENT,0,paraphrase_different,triviaqa,(none),TIMELESS,NOT_TIME_KEYED,q_18c91502@rerun_24h,rerun_24h
p_q_a05e5c8b_2,JUDGE_DISAGREEMENT,JUDGE_DISAGREEMENT,0,paraphrase_judge_disagreement,triviaqa,(none),TIMELESS,NOT_TIME_KEYED,q_a05e5c8b@rerun_24h,rerun_24h
p_q_86cb82cf_1,JUDGE_DISAGREEMENT,JUDGE_DISAGREEMENT,0,paraphrase_judge_disagreement,triviaqa,(none),TIMELESS,NOT_TIME_KEYED,q_86cb82cf@rerun_24h,rerun_24h
p_q_50e17bb5_0,JUDGE_DISAGREEMENT,JUDGE_DISAGREEMENT,0,paraphrase_judge_disagreement,triviaqa,(none),TIMELESS,NOT_TIME_KEYED,q_50e17bb5@rerun_24h,rerun_24h
p_q_93aa5399_1,JUDGE_DISAGREEMENT,VALID_AT_T,0,paraphrase_judge_disagreement,triviaqa,(none),TIMELESS,NOT_TIME_KEYED,q_93aa5399@rerun_24h,rerun_24h
p_q_f1839167_1,JUDGE_DISAGREEMENT,VALID_AT_T,0,paraphrase_judge_disagreement,triviaqa,(none),TIMELESS,NOT_TIME_KEYED,q_f1839167@rerun_24h,rerun_24h
p_q_caf45aad_2,DIFFERENT,VALID_AT_T,0,paraphrase_different,triviaqa,(none),TIMELESS,NOT_TIME_KEYED,q_caf45aad@rerun_24h,rerun_24h
p_q_9432e97c_2,JUDGE_DISAGREEMENT,JUDGE_DISAGREEMENT,0,paraphrase_judge_disagreement,triviaqa,(none),TIMELESS,NOT_TIME_KEYED,q_9432e97c@rerun_24h,rerun_24h
p_q_2d02fb45_3,JUDGE_DISAGREEMENT,VALID_AT_T,0,paraphrase_judge_disagreement,triviaqa,(none),TIMELESS,NOT_TIME_KEYED,q_2d02fb45@rerun_24h,rerun_24h
p_q_a867a828_3,JUDGE_DISAGREEMENT,JUDGE_DISAGREEMENT,0,paraphrase_judge_disagreement,triviaqa,(none),TIMELESS,NOT_TIME_KEYED,q_a867a828@rerun_24h,rerun_24h
p_q_2b247cc4_0,SAME,VALID_AT_T,1,,triviaqa,(none),TIMELESS,NOT_TIME_KEYED,q_2b247cc4@rerun_1h,rerun_1h
p_q_e5feb4c8_0,JUDGE_DISAGREEMENT,VALID_AT_T,0,paraphrase_judge_disagreement,triviaqa,(none),TIMELESS,NOT_TIME_KEYED,q_e5feb4c8@rerun_24h,rerun_24h
p_q_92bed87f_2,JUDGE_DISAGREEMENT,INDETERMINATE_AT_T,0,paraphrase_judge_disagreement,triviaqa,(none),TIMELESS,NOT_TIME_KEYED,q_92bed87f@rerun_24h,rerun_24h
p_q_10c25152_1,JUDGE_DISAGREEMENT,VALID_AT_T,0,paraphrase_judge_disagreement,triviaqa,(none),TIMELESS,NOT_TIME_KEYED,q_10c25152@rerun_24h,rerun_24h
p_q_0e3fb3ca_0,SAME,VALID_AT_T,1,,triviaqa,(none),TIMELESS,NOT_TIME_KEYED,q_0e3fb3ca@rerun_24h,rerun_24h
p_q_a05e5c8b_0,JUDGE_DISAGREEMENT,JUDGE_DISAGREEMENT,0,paraphrase_judge_disagreement,triviaqa,(none),TIMELESS,NOT_TIME_KEYED,q_a05e5c8b@rerun_24h,rerun_24h
p_q_dcf1f4d4_0,SAME,JUDGE_DISAGREEMENT,0,validity_judge_disagreement,triviaqa,(none),TIMELESS,NOT_TIME_KEYED,q_dcf1f4d4@rerun_24h,rerun_24h
p_q_c7b2bccd_3,JUDGE_DISAGREEMENT,VALID_AT_T,0,paraphrase_judge_disagreement,triviaqa,(none),TIMELESS,NOT_TIME_KEYED,q_c7b2bccd@rerun_24h,rerun_24h
p_q_ec7fa565_2,JUDGE_DISAGREEMENT,JUDGE_DISAGREEMENT,0,paraphrase_judge_disagreement,triviaqa,(none),TIMELESS,NOT_TIME_KEYED,q_ec7fa565@rerun_24h,rerun_24h
p_q_5f279acb_2,SAME,JUDGE_DISAGREEMENT,0,validity_judge_disagreement,freshqa,before 2022,TIMELESS,SINGLE_YEAR,q_5f279acb@rerun_24h,rerun_24h
p_q_c96939e7_1,SAME,VALID_AT_T,1,,triviaqa,(none),TIMELESS,NOT_TIME_KEYED,q_c96939e7@rerun_24h,rerun_24h
p_q_ff48fd09_1,SAME,VALID_AT_T,1,,triviaqa,(none),TIMELESS,NOT_TIME_KEYED,q_ff48fd09@rerun_24h,rerun_24h
p_q_97cbd451_1,SAME,INDETERMINATE_AT_T,0,validity_indeterminate_at_t,triviaqa,(none),TIMELESS,NOT_TIME_KEYED,q_97cbd451@rerun_24h,rerun_24h
p_q_34965476_1,SAME,JUDGE_DISAGREEMENT,0,validity_judge_disagreement,freshqa,2022,TIMELESS,SINGLE_YEAR,q_34965476@rerun_24h,rerun_24h
p_q_01db3ce8_0,JUDGE_DISAGREEMENT,INDETERMINATE_AT_T,0,paraphrase_judge_disagreement,triviaqa,(none),TIMELESS,NOT_TIME_KEYED,q_01db3ce8@rerun_24h,rerun_24h
p_q_ddf45443_2,JUDGE_DISAGREEMENT,JUDGE_DISAGREEMENT,0,paraphrase_judge_disagreement,triviaqa,(none),TIMELESS,NOT_TIME_KEYED,q_ddf45443@rerun_24h,rerun_24h
p_q_62a24122_1,SAME,JUDGE_DISAGREEMENT,0,validity_judge_disagreement,freshqa,before 2022,TIMELESS,SINGLE_YEAR,q_62a24122@rerun_24h,rerun_24h
p_q_d23799e5_0,SAME,JUDGE_DISAGREEMENT,0,validity_judge_disagreement,triviaqa,(none),TIMELESS,NOT_TIME_KEYED,q_d23799e5@rerun_24h,rerun_24h
p_q_2dc6d84a_3,DIFFERENT,VALID_AT_T,0,paraphrase_different,triviaqa,(none),TIMELESS,NOT_TIME_KEYED,q_2dc6d84a@rerun_24h,rerun_24h
p_q_5026a65e_2,SAME,SUPERSEDED_AT_T,0,validity_superseded_at_t,triviaqa,(none),TIMELESS,NOT_TIME_KEYED,q_5026a65e@rerun_12h,rerun_12h
p_q_16e427cd_0,SAME,VALID_AT_T,1,,triviaqa,(none),TIMELESS,NOT_TIME_KEYED,q_16e427cd@rerun_24h,rerun_24h
p_q_9acafca8_1,SAME,INDETERMINATE_AT_T,0,validity_indeterminate_at_t,triviaqa,(none),TIMELESS,NOT_TIME_KEYED,q_9acafca8@rerun_24h,rerun_24h
p_q_e2e6d6d8_3,SAME,JUDGE_DISAGREEMENT,0,validity_judge_disagreement,triviaqa,(none),TIMELESS,NOT_TIME_KEYED,q_e2e6d6d8@rerun_24h,rerun_24h
p_q_0c4788f0_0,SAME,VALID_AT_T,1,,triviaqa,(none),TIMELESS,NOT_TIME_KEYED,q_0c4788f0@rerun_24h,rerun_24h
p_q_80aa22e7_3,SAME,INDETERMINATE_AT_T,0,validity_indeterminate_at_t,freshqa,before 2022,TIMELESS,SINGLE_YEAR,q_80aa22e7@rerun_24h,rerun_24h
p_q_56e02d43_1,JUDGE_DISAGREEMENT,JUDGE_DISAGREEMENT,0,paraphrase_judge_disagreement,freshqa,before 2022,TIMELESS,SINGLE_YEAR,q_56e02d43@rerun_24h,rerun_24h
p_q_6a00b156_3,SAME,JUDGE_DISAGREEMENT,0,validity_judge_disagreement,triviaqa,(none),TIMELESS,NOT_TIME_KEYED,q_6a00b156@rerun_24h,rerun_24h
p_q_29032ea3_1,JUDGE_DISAGREEMENT,JUDGE_DISAGREEMENT,0,paraphrase_judge_disagreement,triviaqa,(none),TIMELESS,NOT_TIME_KEYED,q_29032ea3@rerun_24h,rerun_24h
p_q_3d46fcdf_1,SAME,INDETERMINATE_AT_T,0,validity_indeterminate_at_t,triviaqa,(none),TIMELESS,NOT_TIME_KEYED,q_3d46fcdf@rerun_24h,rerun_24h
p_q_9d2666a3_1,SAME,VALID_AT_T,1,,triviaqa,(none),TIMELESS,NOT_TIME_KEYED,q_9d2666a3@rerun_24h,rerun_24h
p_q_e9fd2fb4_0,SAME,INDETERMINATE_AT_T,0,validity_indeterminate_at_t,triviaqa,(none),TIMELESS,NOT_TIME_KEYED,q_e9fd2fb4@rerun_24h,rerun_24h
p_q_579c926b_1,JUDGE_DISAGREEMENT,VALID_AT_T,0,paraphrase_judge_disagreement,triviaqa,(none),TIMELESS,NOT_TIME_KEYED,q_579c926b@rerun_24h,rerun_24h
p_q_0b649394_1,JUDGE_DISAGREEMENT,JUDGE_DISAGREEMENT,0,paraphrase_judge_disagreement,triviaqa,(none),TIMELESS,NOT_TIME_KEYED,q_0b649394@rerun_24h,rerun_24h
p_q_3e5fda75_0,SAME,VALID_AT_T,1,,triviaqa,(none),TIMELESS,NOT_TIME_KEYED,q_3e5fda75@rerun_24h,rerun_24h
p_q_80bc432e_2,SAME,JUDGE_DISAGREEMENT,0,validity_judge_disagreement,triviaqa,(none),TIMELESS,NOT_TIME_KEYED,q_80bc432e@rerun_24h,rerun_24h
p_q_df76af12_1,SAME,INDETERMINATE_AT_T,0,validity_indeterminate_at_t,triviaqa,(none),TIMELESS,NOT_TIME_KEYED,q_df76af12@rerun_24h,rerun_24h
p_q_389476c5_1,SAME,VALID_AT_T,1,,triviaqa,(none),TIMELESS,NOT_TIME_KEYED,q_389476c5@rerun_24h,rerun_24h
p_q_4ee9519a_1,JUDGE_DISAGREEMENT,JUDGE_DISAGREEMENT,0,paraphrase_judge_disagreement,triviaqa,(none),TIMELESS,NOT_TIME_KEYED,q_4ee9519a@rerun_24h,rerun_24h
p_q_4987dd97_3,SAME,VALID_AT_T,1,,triviaqa,(none),TIMELESS,NOT_TIME_KEYED,q_4987dd97@rerun_24h,rerun_24h
p_q_d6104cc3_1,SAME,VALID_AT_T,1,,triviaqa,(none),TIMELESS,NOT_TIME_KEYED,q_d6104cc3@rerun_24h,rerun_24h
p_q_0c4788f0_1,SAME,VALID_AT_T,1,,triviaqa,(none),TIMELESS,NOT_TIME_KEYED,q_0c4788f0@rerun_24h,rerun_24h
p_q_3237dda9_3,SAME,JUDGE_DISAGREEMENT,0,validity_judge_disagreement,triviaqa,(none),TIMELESS,NOT_TIME_KEYED,q_3237dda9@rerun_1h,rerun_1h
p_q_5f279acb_0,SAME,JUDGE_DISAGREEMENT,0,validity_judge_disagreement,freshqa,before 2022,TIMELESS,SINGLE_YEAR,q_5f279acb@rerun_24h,rerun_24h
p_q_d8b1d102_2,SAME,JUDGE_DISAGREEMENT,0,validity_judge_disagreement,triviaqa,(none),TIMELESS,NOT_TIME_KEYED,q_d8b1d102@rerun_24h,rerun_24h
p_q_fc47ce8e_0,JUDGE_DISAGREEMENT,VALID_AT_T,0,paraphrase_judge_disagreement,freshqa,before 2022,TIMELESS,SINGLE_YEAR,q_fc47ce8e@rerun_24h,rerun_24h
p_q_c1695ecb_0,SAME,INDETERMINATE_AT_T,0,validity_indeterminate_at_t,triviaqa,(none),TIMELESS,NOT_TIME_KEYED,q_c1695ecb@rerun_24h,rerun_24h
p_q_65d75670_0,SAME,INDETERMINATE_AT_T,0,validity_indeterminate_at_t,triviaqa,(none),TIMELESS,NOT_TIME_KEYED,q_65d75670@rerun_24h,rerun_24h
p_q_da1c81d6_0,SAME,VALID_AT_T,1,,triviaqa,(none),TIMELESS,NOT_TIME_KEYED,q_da1c81d6@rerun_24h,rerun_24h
p_q_79d94239_2,SAME,VALID_AT_T,1,,triviaqa,(none),TIMELESS,NOT_TIME_KEYED,q_79d94239@rerun_24h,rerun_24h
p_q_87ca114c_0,SAME,VALID_AT_T,1,,triviaqa,(none),TIMELESS,NOT_TIME_KEYED,q_87ca114c@rerun_24h,rerun_24h
p_q_876bdd3b_3,SAME,VALID_AT_T,1,,triviaqa,(none),TIMELESS,NOT_TIME_KEYED,q_876bdd3b@rerun_24h,rerun_24h
p_q_21593fd1_3,SAME,JUDGE_DISAGREEMENT,0,validity_judge_disagreement,triviaqa,(none),TIMELESS,NOT_TIME_KEYED,q_21593fd1@rerun_24h,rerun_24h
p_q_64800213_3,SAME,JUDGE_DISAGREEMENT,0,validity_judge_disagreement,triviaqa,(none),TIMELESS,NOT_TIME_KEYED,q_64800213@rerun_24h,rerun_24h
p_q_5ad30881_0,SAME,JUDGE_DISAGREEMENT,0,validity_judge_disagreement,triviaqa,(none),TIMELESS,NOT_TIME_KEYED,q_5ad30881@rerun_24h,rerun_24h
p_q_2761fdfe_1,SAME,JUDGE_DISAGREEMENT,0,validity_judge_disagreement,triviaqa,(none),TIMELESS,NOT_TIME_KEYED,q_2761fdfe@rerun_24h,rerun_24h
p_q_16e427cd_2,SAME,VALID_AT_T,1,,triviaqa,(none),TIMELESS,NOT_TIME_KEYED,q_16e427cd@rerun_24h,rerun_24h
p_q_44d9dff7_0,SAME,VALID_AT_T,1,,triviaqa,(none),TIMELESS,NOT_TIME_KEYED,q_44d9dff7@rerun_24h,rerun_24h
p_q_9ea9bc19_3,SAME,VALID_AT_T,1,,triviaqa,(none),TIMELESS,NOT_TIME_KEYED,q_9ea9bc19@rerun_24h,rerun_24h
p_q_0f14ed28_1,SAME,JUDGE_DISAGREEMENT,0,validity_judge_disagreement,triviaqa,(none),TIMELESS,NOT_TIME_KEYED,q_0f14ed28@rerun_24h,rerun_24h
p_q_d63bf68a_0,SAME,SUPERSEDED_AT_T,0,validity_superseded_at_t,triviaqa,(none),TIMELESS,NOT_TIME_KEYED,q_d63bf68a@rerun_24h,rerun_24h
p_q_8acef480_2,SAME,JUDGE_DISAGREEMENT,0,validity_judge_disagreement,triviaqa,(none),TIMELESS,NOT_TIME_KEYED,q_8acef480@rerun_24h,rerun_24h
p_q_6f15c777_2,SAME,VALID_AT_T,1,,triviaqa,(none),TIMELESS,NOT_TIME_KEYED,q_6f15c777@rerun_24h,rerun_24h
p_q_0a45943e_0,SAME,VALID_AT_T,1,,triviaqa,(none),TIMELESS,NOT_TIME_KEYED,q_0a45943e@rerun_24h,rerun_24h
p_q_6c6fbf05_2,SAME,VALID_AT_T,1,,freshqa,before 2022,TIMELESS,SINGLE_YEAR,q_6c6fbf05@rerun_24h,rerun_24h
p_q_9d330418_0,SAME,JUDGE_DISAGREEMENT,0,validity_judge_disagreement,triviaqa,(none),TIMELESS,NOT_TIME_KEYED,q_9d330418@rerun_24h,rerun_24h
p_q_e32d9c63_3,SAME,JUDGE_DISAGREEMENT,0,validity_judge_disagreement,triviaqa,(none),TIMELESS,NOT_TIME_KEYED,q_e32d9c63@rerun_24h,rerun_24h
p_q_bcbdf06e_1,SAME,JUDGE_DISAGREEMENT,0,validity_judge_disagreement,triviaqa,(none),TIMELESS,NOT_TIME_KEYED,q_bcbdf06e@rerun_24h,rerun_24h
p_q_f63307b3_3,SAME,VALID_AT_T,1,,triviaqa,(none),TIMELESS,NOT_TIME_KEYED,q_f63307b3@rerun_24h,rerun_24h
p_q_c3300be7_3,SAME,SUPERSEDED_AT_T,0,validity_superseded_at_t,triviaqa,(none),TIMELESS,NOT_TIME_KEYED,q_c3300be7@rerun_24h,rerun_24h
q_34965476,BASE_QUERY,JUDGE_DISAGREEMENT,0,validity_judge_disagreement,freshqa,2022,TIMELESS,SINGLE_YEAR,q_34965476@rerun_24h,rerun_24h
q_04a7276c,BASE_QUERY,INDETERMINATE_AT_T,0,validity_indeterminate_at_t,triviaqa,(none),TIMELESS,NOT_TIME_KEYED,q_04a7276c@rerun_24h,rerun_24h
q_c6b40080,BASE_QUERY,VALID_AT_T,1,,triviaqa,(none),TIMELESS,NOT_TIME_KEYED,q_c6b40080@rerun_24h,rerun_24h
q_6bd3b3c9,BASE_QUERY,JUDGE_DISAGREEMENT,0,validity_judge_disagreement,triviaqa,(none),TIMELESS,NOT_TIME_KEYED,q_6bd3b3c9@rerun_12h,rerun_12h
q_84d66f3a,BASE_QUERY,JUDGE_DISAGREEMENT,0,validity_judge_disagreement,triviaqa,(none),TIMELESS,NOT_TIME_KEYED,q_84d66f3a@rerun_12h,rerun_12h
q_ad306b01,BASE_QUERY,JUDGE_DISAGREEMENT,0,validity_judge_disagreement,triviaqa,(none),TIMELESS,NOT_TIME_KEYED,q_ad306b01@rerun_24h,rerun_24h
q_caa2a1ae,BASE_QUERY,VALID_AT_T,1,,triviaqa,(none),TIMELESS,NOT_TIME_KEYED,q_caa2a1ae@rerun_24h,rerun_24h
q_c4cf23ca,BASE_QUERY,JUDGE_DISAGREEMENT,0,validity_judge_disagreement,freshqa,before 2022,TIMELESS,SINGLE_YEAR,q_c4cf23ca@rerun_24h,rerun_24h
q_384b354b,BASE_QUERY,VALID_AT_T,1,,triviaqa,(none),TIMELESS,NOT_TIME_KEYED,q_384b354b@rerun_24h,rerun_24h
q_04a0842f,BASE_QUERY,VALID_AT_T,1,,freshqa,2022,TIMELESS,SINGLE_YEAR,q_04a0842f@rerun_24h,rerun_24h
q_a93676a9,BASE_QUERY,VALID_AT_T,1,,triviaqa,(none),TIMELESS,NOT_TIME_KEYED,q_a93676a9@rerun_1h,rerun_1h
q_5fb43c16,BASE_QUERY,JUDGE_DISAGREEMENT,0,validity_judge_disagreement,triviaqa,(none),TIMELESS,NOT_TIME_KEYED,q_5fb43c16@rerun_24h,rerun_24h
q_eb3db942,BASE_QUERY,VALID_AT_T,1,,freshqa,before 2022,TIMELESS,SINGLE_YEAR,q_eb3db942@rerun_24h,rerun_24h
q_b1bd705b,BASE_QUERY,VALID_AT_T,1,,triviaqa,(none),TIMELESS,NOT_TIME_KEYED,q_b1bd705b@rerun_24h,rerun_24h
p_q_5b78283a_3,SAME,SUPERSEDED_AT_T,0,validity_superseded_at_t,temporal_align_qa,2023,FAST,VOLATILE,q_5b78283a@rerun_24h,rerun_24h
p_q_498e07da_0,DIFFERENT,SUPERSEDED_AT_T,0,paraphrase_different,temporal_align_qa,2023,SLOW,VOLATILE,q_498e07da@rerun_24h,rerun_24h
q_ba85b69b,BASE_QUERY,INDETERMINATE_AT_T,0,validity_indeterminate_at_t,temporal_align_qa,2023,SLOW,VOLATILE,q_ba85b69b@rerun_24h,rerun_24h
p_q_e2133b50_0,SAME,INDETERMINATE_AT_T,0,validity_indeterminate_at_t,triviaqa,(none),TIMELESS,NOT_TIME_KEYED,q_e2133b50@rerun_24h,rerun_24h
q_1eee07b1,BASE_QUERY,JUDGE_DISAGREEMENT,0,validity_judge_disagreement,temporal_align_qa,2023,MEDIUM,VOLATILE,q_1eee07b1@rerun_12h,rerun_12h
p_q_177880b1_1,SAME,SUPERSEDED_AT_T,0,validity_superseded_at_t,temporal_align_qa,2023,MEDIUM,VOLATILE,q_177880b1@rerun_24h,rerun_24h
p_q_25f44bbf_1,SAME,SUPERSEDED_AT_T,0,validity_superseded_at_t,temporal_align_qa,2023,FAST,VOLATILE,q_25f44bbf@rerun_24h,rerun_24h
q_4ef6bd87,BASE_QUERY,INDETERMINATE_AT_T,0,validity_indeterminate_at_t,temporal_align_qa,2023,SLOW,VOLATILE,q_4ef6bd87@rerun_1h,rerun_1h
p_q_6d00c75f_2,JUDGE_DISAGREEMENT,SUPERSEDED_AT_T,0,paraphrase_judge_disagreement,freshqa,2023,FAST,SINGLE_YEAR,q_6d00c75f@rerun_24h,rerun_24h
p_q_134739ad_3,DIFFERENT,SUPERSEDED_AT_T,0,paraphrase_different,temporal_align_qa,2023,FAST,VOLATILE,q_134739ad@rerun_24h,rerun_24h
p_q_e52c4939_0,DIFFERENT,SUPERSEDED_AT_T,0,paraphrase_different,temporal_align_qa,2023,FAST,VOLATILE,q_e52c4939@rerun_24h,rerun_24h
p_q_359f65e2_2,SAME,SUPERSEDED_AT_T,0,validity_superseded_at_t,freshqa,2023,FAST,SINGLE_YEAR,q_359f65e2@rerun_24h,rerun_24h
p_q_7954a9bc_0,SAME,JUDGE_DISAGREEMENT,0,validity_judge_disagreement,temporal_align_qa,2023,FAST,VOLATILE,q_7954a9bc@rerun_24h,rerun_24h
p_q_fa771a57_3,JUDGE_DISAGREEMENT,SUPERSEDED_AT_T,0,paraphrase_judge_disagreement,temporal_align_qa,2023,FAST,VOLATILE,q_fa771a57@rerun_24h,rerun_24h
p_q_c7e889d2_1,JUDGE_DISAGREEMENT,SUPERSEDED_AT_T,0,paraphrase_judge_disagreement,temporal_align_qa,2023,FAST,VOLATILE,q_c7e889d2@rerun_24h,rerun_24h
p_q_29f9cc16_1,SAME,SUPERSEDED_AT_T,0,validity_superseded_at_t,temporal_align_qa,2023,FAST,VOLATILE,q_29f9cc16@rerun_24h,rerun_24h
p_q_2bbc82e4_2,DIFFERENT,SUPERSEDED_AT_T,0,paraphrase_different,temporal_align_qa,2023,FAST,VOLATILE,q_2bbc82e4@rerun_24h,rerun_24h
p_q_8efe208f_0,SAME,JUDGE_DISAGREEMENT,0,validity_judge_disagreement,temporal_align_qa,2023,FAST,VOLATILE,q_8efe208f@rerun_24h,rerun_24h
p_q_23baebab_2,JUDGE_DISAGREEMENT,SUPERSEDED_AT_T,0,paraphrase_judge_disagreement,temporal_align_qa,2023,FAST,VOLATILE,q_23baebab@rerun_24h,rerun_24h
p_q_9ad3d8f7_0,DIFFERENT,JUDGE_DISAGREEMENT,0,paraphrase_different,temporal_align_qa,2023,FAST,VOLATILE,q_9ad3d8f7@rerun_12h,rerun_12h
p_q_ea6dfe5b_0,SAME,JUDGE_DISAGREEMENT,0,validity_judge_disagreement,temporal_align_qa,2023,FAST,VOLATILE,q_ea6dfe5b@rerun_24h,rerun_24h
p_q_5e69097f_1,DIFFERENT,JUDGE_DISAGREEMENT,0,paraphrase_different,temporal_align_qa,2023,FAST,VOLATILE,q_5e69097f@rerun_24h,rerun_24h
p_q_311e11e2_1,SAME,INDETERMINATE_AT_T,0,validity_indeterminate_at_t,temporal_align_qa,2023,FAST,VOLATILE,q_311e11e2@rerun_24h,rerun_24h
p_q_66b78d55_0,JUDGE_DISAGREEMENT,JUDGE_DISAGREEMENT,0,paraphrase_judge_disagreement,temporal_align_qa,2023,FAST,VOLATILE,q_66b78d55@rerun_24h,rerun_24h
p_q_1c3ba216_2,JUDGE_DISAGREEMENT,INDETERMINATE_AT_T,0,paraphrase_judge_disagreement,temporal_align_qa,2023,FAST,VOLATILE,q_1c3ba216@rerun_24h,rerun_24h
p_q_9c8a947a_1,DIFFERENT,INDETERMINATE_AT_T,0,paraphrase_different,temporal_align_qa,2023,FAST,VOLATILE,q_9c8a947a@rerun_24h,rerun_24h
p_q_ef0e26fc_1,JUDGE_DISAGREEMENT,INDETERMINATE_AT_T,0,paraphrase_judge_disagreement,temporal_align_qa,2023,FAST,VOLATILE,q_ef0e26fc@rerun_24h,rerun_24h
p_q_d0506c00_0,JUDGE_DISAGREEMENT,SUPERSEDED_AT_T,0,paraphrase_judge_disagreement,temporal_align_qa,2023,FAST,VOLATILE,q_d0506c00@rerun_24h,rerun_24h
p_q_885601a2_3,SAME,SUPERSEDED_AT_T,0,validity_superseded_at_t,temporal_align_qa,2023,FAST,VOLATILE,q_885601a2@rerun_24h,rerun_24h
p_q_ff13db06_0,JUDGE_DISAGREEMENT,SUPERSEDED_AT_T,0,paraphrase_judge_disagreement,temporal_align_qa,2023,FAST,VOLATILE,q_ff13db06@rerun_24h,rerun_24h
p_q_3c8e1699_1,DIFFERENT,JUDGE_DISAGREEMENT,0,paraphrase_different,temporal_align_qa,2023,FAST,VOLATILE,q_3c8e1699@rerun_24h,rerun_24h
p_q_21078da3_1,SAME,JUDGE_DISAGREEMENT,0,validity_judge_disagreement,temporal_align_qa,2023,FAST,VOLATILE,q_21078da3@rerun_24h,rerun_24h
p_q_badb7460_3,SAME,SUPERSEDED_AT_T,0,validity_superseded_at_t,temporal_align_qa,2023,FAST,VOLATILE,q_badb7460@rerun_24h,rerun_24h
p_q_5284772a_2,SAME,JUDGE_DISAGREEMENT,0,validity_judge_disagreement,temporal_align_qa,2023,FAST,VOLATILE,q_5284772a@rerun_24h,rerun_24h
p_q_76a7b4a6_1,JUDGE_DISAGREEMENT,INDETERMINATE_AT_T,0,paraphrase_judge_disagreement,temporal_align_qa,2023,FAST,VOLATILE,q_76a7b4a6@rerun_24h,rerun_24h
p_q_b16f0265_3,JUDGE_DISAGREEMENT,INDETERMINATE_AT_T,0,paraphrase_judge_disagreement,temporal_align_qa,2023,FAST,VOLATILE,q_b16f0265@rerun_24h,rerun_24h
p_q_26393420_2,JUDGE_DISAGREEMENT,SUPERSEDED_AT_T,0,paraphrase_judge_disagreement,temporal_align_qa,2023,FAST,VOLATILE,q_26393420@rerun_24h,rerun_24h
p_q_830461c0_2,SAME,JUDGE_DISAGREEMENT,0,validity_judge_disagreement,temporal_align_qa,2023,FAST,VOLATILE,q_830461c0@rerun_24h,rerun_24h
p_q_ebb666ba_1,SAME,JUDGE_DISAGREEMENT,0,validity_judge_disagreement,temporal_align_qa,2023,FAST,VOLATILE,q_ebb666ba@rerun_24h,rerun_24h
p_q_d26e3359_0,SAME,JUDGE_DISAGREEMENT,0,validity_judge_disagreement,temporal_align_qa,2023,FAST,VOLATILE,q_d26e3359@rerun_24h,rerun_24h
p_q_efbe3181_2,SAME,JUDGE_DISAGREEMENT,0,validity_judge_disagreement,temporal_align_qa,2023,FAST,VOLATILE,q_efbe3181@rerun_24h,rerun_24h
p_q_63c4c1ca_1,JUDGE_DISAGREEMENT,SUPERSEDED_AT_T,0,paraphrase_judge_disagreement,temporal_align_qa,2023,FAST,VOLATILE,q_63c4c1ca@rerun_24h,rerun_24h
p_q_69b0bd6d_3,SAME,JUDGE_DISAGREEMENT,0,validity_judge_disagreement,temporal_align_qa,2023,FAST,VOLATILE,q_69b0bd6d@rerun_24h,rerun_24h
p_q_fa771a57_1,JUDGE_DISAGREEMENT,SUPERSEDED_AT_T,0,paraphrase_judge_disagreement,temporal_align_qa,2023,FAST,VOLATILE,q_fa771a57@rerun_24h,rerun_24h
p_q_b38c44e9_2,JUDGE_DISAGREEMENT,SUPERSEDED_AT_T,0,paraphrase_judge_disagreement,temporal_align_qa,2023,FAST,VOLATILE,q_b38c44e9@rerun_24h,rerun_24h
p_q_30501636_1,SAME,JUDGE_DISAGREEMENT,0,validity_judge_disagreement,temporal_align_qa,2023,FAST,VOLATILE,q_30501636@rerun_24h,rerun_24h
p_q_8fda5466_3,SAME,SUPERSEDED_AT_T,0,validity_superseded_at_t,temporal_align_qa,2023,FAST,VOLATILE,q_8fda5466@rerun_12h,rerun_12h
p_q_b9e48bff_0,JUDGE_DISAGREEMENT,JUDGE_DISAGREEMENT,0,paraphrase_judge_disagreement,temporal_align_qa,2023,FAST,VOLATILE,q_b9e48bff@rerun_24h,rerun_24h
p_q_a6ef6cf2_3,SAME,JUDGE_DISAGREEMENT,0,validity_judge_disagreement,temporal_align_qa,2023,FAST,VOLATILE,q_a6ef6cf2@rerun_24h,rerun_24h
p_q_b9172601_3,SAME,SUPERSEDED_AT_T,0,validity_superseded_at_t,temporal_align_qa,2023,FAST,VOLATILE,q_b9172601@rerun_24h,rerun_24h
p_q_e78970aa_1,SAME,SUPERSEDED_AT_T,0,validity_superseded_at_t,temporal_align_qa,2023,FAST,VOLATILE,q_e78970aa@rerun_24h,rerun_24h
p_q_d9d96160_3,JUDGE_DISAGREEMENT,SUPERSEDED_AT_T,0,paraphrase_judge_disagreement,temporal_align_qa,2023,FAST,VOLATILE,q_d9d96160@rerun_24h,rerun_24h
p_q_b37309f3_2,SAME,VALID_AT_T,1,,temporal_align_qa,2023,FAST,VOLATILE,q_b37309f3@rerun_24h,rerun_24h
p_q_d23ca3b3_1,JUDGE_DISAGREEMENT,SUPERSEDED_AT_T,0,paraphrase_judge_disagreement,temporal_align_qa,2023,FAST,VOLATILE,q_d23ca3b3@rerun_24h,rerun_24h
p_q_3ec48396_1,SAME,SUPERSEDED_AT_T,0,validity_superseded_at_t,temporal_align_qa,2023,FAST,VOLATILE,q_3ec48396@rerun_24h,rerun_24h
p_q_ebb666ba_3,SAME,JUDGE_DISAGREEMENT,0,validity_judge_disagreement,temporal_align_qa,2023,FAST,VOLATILE,q_ebb666ba@rerun_24h,rerun_24h
p_q_d093f991_3,SAME,INDETERMINATE_AT_T,0,validity_indeterminate_at_t,temporal_align_qa,2023,FAST,VOLATILE,q_d093f991@rerun_24h,rerun_24h
p_q_30b7af38_1,SAME,JUDGE_DISAGREEMENT,0,validity_judge_disagreement,temporal_align_qa,2023,FAST,VOLATILE,q_30b7af38@rerun_24h,rerun_24h
p_q_8500b23d_1,JUDGE_DISAGREEMENT,JUDGE_DISAGREEMENT,0,paraphrase_judge_disagreement,temporal_align_qa,2023,FAST,VOLATILE,q_8500b23d@rerun_24h,rerun_24h
p_q_180c42e7_2,JUDGE_DISAGREEMENT,JUDGE_DISAGREEMENT,0,paraphrase_judge_disagreement,temporal_align_qa,2023,FAST,VOLATILE,q_180c42e7@rerun_24h,rerun_24h
p_q_3cff3dce_2,SAME,JUDGE_DISAGREEMENT,0,validity_judge_disagreement,temporal_align_qa,2023,FAST,VOLATILE,q_3cff3dce@rerun_24h,rerun_24h
p_q_33b33ec1_2,SAME,JUDGE_DISAGREEMENT,0,validity_judge_disagreement,temporal_align_qa,2023,FAST,VOLATILE,q_33b33ec1@rerun_24h,rerun_24h
p_q_23194df6_1,SAME,INDETERMINATE_AT_T,0,validity_indeterminate_at_t,temporal_align_qa,2023,FAST,VOLATILE,q_23194df6@rerun_12h,rerun_12h
p_q_52957594_0,SAME,SUPERSEDED_AT_T,0,validity_superseded_at_t,temporal_align_qa,2023,FAST,VOLATILE,q_52957594@rerun_24h,rerun_24h
p_q_51c973e7_3,SAME,JUDGE_DISAGREEMENT,0,validity_judge_disagreement,freshqa,2023,FAST,SINGLE_YEAR,q_51c973e7@rerun_24h,rerun_24h
p_q_6657182b_0,SAME,INDETERMINATE_AT_T,0,validity_indeterminate_at_t,temporal_align_qa,2023,FAST,VOLATILE,q_6657182b@rerun_24h,rerun_24h
p_q_2f36649c_0,SAME,JUDGE_DISAGREEMENT,0,validity_judge_disagreement,temporal_align_qa,2023,FAST,VOLATILE,q_2f36649c@rerun_12h,rerun_12h
p_q_22adabe9_1,SAME,JUDGE_DISAGREEMENT,0,validity_judge_disagreement,temporal_align_qa,2023,FAST,VOLATILE,q_22adabe9@rerun_24h,rerun_24h
p_q_10fbddc5_2,SAME,SUPERSEDED_AT_T,0,validity_superseded_at_t,temporal_align_qa,2023,FAST,VOLATILE,q_10fbddc5@rerun_24h,rerun_24h
p_q_dd7cbef3_0,SAME,JUDGE_DISAGREEMENT,0,validity_judge_disagreement,freshqa,2022,FAST,SINGLE_YEAR,q_dd7cbef3@rerun_24h,rerun_24h
p_q_1c1961cd_2,SAME,SUPERSEDED_AT_T,0,validity_superseded_at_t,freshqa,2022,FAST,SINGLE_YEAR,q_1c1961cd@rerun_24h,rerun_24h
p_q_611d707f_0,SAME,JUDGE_DISAGREEMENT,0,validity_judge_disagreement,temporal_align_qa,2023,FAST,VOLATILE,q_611d707f@rerun_1h,rerun_1h
p_q_cf72c65f_3,SAME,SUPERSEDED_AT_T,0,validity_superseded_at_t,freshqa,2023,FAST,SINGLE_YEAR,q_cf72c65f@rerun_24h,rerun_24h
p_q_113fc559_1,SAME,JUDGE_DISAGREEMENT,0,validity_judge_disagreement,temporal_align_qa,2023,FAST,VOLATILE,q_113fc559@rerun_24h,rerun_24h
p_q_79078e30_1,SAME,JUDGE_DISAGREEMENT,0,validity_judge_disagreement,temporal_align_qa,2023,FAST,VOLATILE,q_79078e30@rerun_24h,rerun_24h
p_q_c8436957_2,SAME,SUPERSEDED_AT_T,0,validity_superseded_at_t,temporal_align_qa,2023,FAST,VOLATILE,q_c8436957@rerun_24h,rerun_24h
p_q_ea668263_1,SAME,JUDGE_DISAGREEMENT,0,validity_judge_disagreement,temporal_align_qa,2023,FAST,VOLATILE,q_ea668263@rerun_24h,rerun_24h
p_q_9fb844a5_3,SAME,INDETERMINATE_AT_T,0,validity_indeterminate_at_t,temporal_align_qa,2023,FAST,VOLATILE,q_9fb844a5@rerun_24h,rerun_24h
p_q_2cbafc2e_1,SAME,JUDGE_DISAGREEMENT,0,validity_judge_disagreement,temporal_align_qa,2023,FAST,VOLATILE,q_2cbafc2e@rerun_24h,rerun_24h
p_q_77f52421_1,DIFFERENT,JUDGE_DISAGREEMENT,0,paraphrase_different,temporal_align_qa,2023,FAST,VOLATILE,q_77f52421@rerun_24h,rerun_24h
p_q_e52c4939_1,SAME,SUPERSEDED_AT_T,0,validity_superseded_at_t,temporal_align_qa,2023,FAST,VOLATILE,q_e52c4939@rerun_24h,rerun_24h
p_q_1816d40e_1,SAME,JUDGE_DISAGREEMENT,0,validity_judge_disagreement,temporal_align_qa,2023,FAST,VOLATILE,q_1816d40e@rerun_24h,rerun_24h
p_q_91044e4b_2,SAME,SUPERSEDED_AT_T,0,validity_superseded_at_t,temporal_align_qa,2023,FAST,VOLATILE,q_91044e4b@rerun_24h,rerun_24h
p_q_0095371b_0,SAME,SUPERSEDED_AT_T,0,validity_superseded_at_t,temporal_align_qa,2023,FAST,VOLATILE,q_0095371b@rerun_24h,rerun_24h
p_q_2c023058_3,SAME,JUDGE_DISAGREEMENT,0,validity_judge_disagreement,temporal_align_qa,2023,FAST,VOLATILE,q_2c023058@rerun_24h,rerun_24h
p_q_534fcd60_3,SAME,JUDGE_DISAGREEMENT,0,validity_judge_disagreement,freshqa,2023,FAST,SINGLE_YEAR,q_534fcd60@rerun_24h,rerun_24h
q_5aac65b6,BASE_QUERY,SUPERSEDED_AT_T,0,validity_superseded_at_t,temporal_align_qa,2023,FAST,VOLATILE,q_5aac65b6@rerun_12h,rerun_12h
q_3c8d7d2d,BASE_QUERY,SUPERSEDED_AT_T,0,validity_superseded_at_t,temporal_align_qa,2023,FAST,VOLATILE,q_3c8d7d2d@rerun_12h,rerun_12h
q_af23c4b7,BASE_QUERY,INDETERMINATE_AT_T,0,validity_indeterminate_at_t,temporal_align_qa,2023,FAST,VOLATILE,q_af23c4b7@rerun_24h,rerun_24h
q_f9667c6d,BASE_QUERY,INDETERMINATE_AT_T,0,validity_indeterminate_at_t,temporal_align_qa,2023,FAST,VOLATILE,q_f9667c6d@rerun_24h,rerun_24h
q_dcc6b248,BASE_QUERY,JUDGE_DISAGREEMENT,0,validity_judge_disagreement,temporal_align_qa,2023,FAST,VOLATILE,q_dcc6b248@rerun_24h,rerun_24h
q_6a9f5944,BASE_QUERY,JUDGE_DISAGREEMENT,0,validity_judge_disagreement,temporal_align_qa,2023,FAST,VOLATILE,q_6a9f5944@rerun_24h,rerun_24h
q_5e68b428,BASE_QUERY,SUPERSEDED_AT_T,0,validity_superseded_at_t,temporal_align_qa,2023,FAST,VOLATILE,q_5e68b428@rerun_1h,rerun_1h
q_b5910f81,BASE_QUERY,SUPERSEDED_AT_T,0,validity_superseded_at_t,temporal_align_qa,2023,FAST,VOLATILE,q_b5910f81@rerun_24h,rerun_24h
q_9b65bcba,BASE_QUERY,JUDGE_DISAGREEMENT,0,validity_judge_disagreement,temporal_align_qa,2023,FAST,VOLATILE,q_9b65bcba@rerun_1h,rerun_1h
q_88bc6deb,BASE_QUERY,SUPERSEDED_AT_T,0,validity_superseded_at_t,temporal_align_qa,2023,FAST,VOLATILE,q_88bc6deb@rerun_24h,rerun_24h
q_595ca0b6,BASE_QUERY,JUDGE_DISAGREEMENT,0,validity_judge_disagreement,temporal_align_qa,2023,FAST,VOLATILE,q_595ca0b6@rerun_24h,rerun_24h
q_2ca95d4e,BASE_QUERY,SUPERSEDED_AT_T,0,validity_superseded_at_t,temporal_align_qa,2023,FAST,VOLATILE,q_2ca95d4e@rerun_1h,rerun_1h
q_5d7bcc7e,BASE_QUERY,JUDGE_DISAGREEMENT,0,validity_judge_disagreement,temporal_align_qa,2023,FAST,VOLATILE,q_5d7bcc7e@rerun_24h,rerun_24h
q_6657182b,BASE_QUERY,INDETERMINATE_AT_T,0,validity_indeterminate_at_t,temporal_align_qa,2023,FAST,VOLATILE,q_6657182b@rerun_1h,rerun_1h
p_q_7889631c_0,SAME,SUPERSEDED_AT_T,0,validity_superseded_at_t,temporal_align_qa,2023,MEDIUM,VOLATILE,q_7889631c@rerun_24h,rerun_24h
p_q_4ec7b3d4_1,DIFFERENT,INDETERMINATE_AT_T,0,paraphrase_different,temporal_align_qa,2023,MEDIUM,VOLATILE,q_4ec7b3d4@rerun_24h,rerun_24h
p_q_613da476_0,SAME,SUPERSEDED_AT_T,0,validity_superseded_at_t,temporal_align_qa,2023,MEDIUM,VOLATILE,q_613da476@rerun_24h,rerun_24h
p_q_0df35e70_1,SAME,INDETERMINATE_AT_T,0,validity_indeterminate_at_t,temporal_align_qa,2023,MEDIUM,VOLATILE,q_0df35e70@rerun_24h,rerun_24h
p_q_e9470503_0,JUDGE_DISAGREEMENT,SUPERSEDED_AT_T,0,paraphrase_judge_disagreement,temporal_align_qa,2023,MEDIUM,VOLATILE,q_e9470503@rerun_24h,rerun_24h
p_q_c6088f4c_2,SAME,JUDGE_DISAGREEMENT,0,validity_judge_disagreement,temporal_align_qa,2023,MEDIUM,VOLATILE,q_c6088f4c@rerun_24h,rerun_24h
p_q_1ef14187_0,JUDGE_DISAGREEMENT,SUPERSEDED_AT_T,0,paraphrase_judge_disagreement,temporal_align_qa,2023,MEDIUM,VOLATILE,q_1ef14187@rerun_24h,rerun_24h
p_q_25725075_0,DIFFERENT,JUDGE_DISAGREEMENT,0,paraphrase_different,temporal_align_qa,2023,MEDIUM,VOLATILE,q_25725075@rerun_24h,rerun_24h
p_q_032b7664_1,JUDGE_DISAGREEMENT,INDETERMINATE_AT_T,0,paraphrase_judge_disagreement,temporal_align_qa,2023,MEDIUM,VOLATILE,q_032b7664@rerun_12h,rerun_12h
p_q_039dd524_2,SAME,SUPERSEDED_AT_T,0,validity_superseded_at_t,temporal_align_qa,2023,MEDIUM,VOLATILE,q_039dd524@rerun_24h,rerun_24h
p_q_268237ac_1,JUDGE_DISAGREEMENT,JUDGE_DISAGREEMENT,0,paraphrase_judge_disagreement,temporal_align_qa,2023,MEDIUM,VOLATILE,q_268237ac@rerun_24h,rerun_24h
p_q_33ca27e1_3,JUDGE_DISAGREEMENT,SUPERSEDED_AT_T,0,paraphrase_judge_disagreement,temporal_align_qa,2023,MEDIUM,VOLATILE,q_33ca27e1@rerun_24h,rerun_24h
p_q_3f0409f7_0,SAME,SUPERSEDED_AT_T,0,validity_superseded_at_t,temporal_align_qa,2023,MEDIUM,VOLATILE,q_3f0409f7@rerun_24h,rerun_24h
p_q_802fd2cb_1,JUDGE_DISAGREEMENT,SUPERSEDED_AT_T,0,paraphrase_judge_disagreement,temporal_align_qa,2023,MEDIUM,VOLATILE,q_802fd2cb@rerun_24h,rerun_24h
p_q_33ca27e1_0,JUDGE_DISAGREEMENT,SUPERSEDED_AT_T,0,paraphrase_judge_disagreement,temporal_align_qa,2023,MEDIUM,VOLATILE,q_33ca27e1@rerun_24h,rerun_24h
p_q_7810cebf_0,JUDGE_DISAGREEMENT,SUPERSEDED_AT_T,0,paraphrase_judge_disagreement,temporal_align_qa,2023,MEDIUM,VOLATILE,q_7810cebf@rerun_24h,rerun_24h
p_q_039dd524_1,DIFFERENT,SUPERSEDED_AT_T,0,paraphrase_different,temporal_align_qa,2023,MEDIUM,VOLATILE,q_039dd524@rerun_24h,rerun_24h
p_q_2ac34d0d_1,JUDGE_DISAGREEMENT,JUDGE_DISAGREEMENT,0,paraphrase_judge_disagreement,temporal_align_qa,2023,MEDIUM,VOLATILE,q_2ac34d0d@rerun_24h,rerun_24h
p_q_a3b0afc4_2,DIFFERENT,SUPERSEDED_AT_T,0,paraphrase_different,temporal_align_qa,2023,MEDIUM,VOLATILE,q_a3b0afc4@rerun_24h,rerun_24h
p_q_470d2d0f_2,SAME,JUDGE_DISAGREEMENT,0,validity_judge_disagreement,temporal_align_qa,2023,MEDIUM,VOLATILE,q_470d2d0f@rerun_24h,rerun_24h
p_q_4e2156f7_3,JUDGE_DISAGREEMENT,JUDGE_DISAGREEMENT,0,paraphrase_judge_disagreement,temporal_align_qa,2023,MEDIUM,VOLATILE,q_4e2156f7@rerun_24h,rerun_24h
p_q_feab2243_2,JUDGE_DISAGREEMENT,JUDGE_DISAGREEMENT,0,paraphrase_judge_disagreement,temporal_align_qa,2023,MEDIUM,VOLATILE,q_feab2243@rerun_24h,rerun_24h
p_q_80aff2cd_0,SAME,JUDGE_DISAGREEMENT,0,validity_judge_disagreement,temporal_align_qa,2023,MEDIUM,VOLATILE,q_80aff2cd@rerun_24h,rerun_24h
p_q_b91d68ca_2,JUDGE_DISAGREEMENT,INDETERMINATE_AT_T,0,paraphrase_judge_disagreement,temporal_align_qa,2023,MEDIUM,VOLATILE,q_b91d68ca@rerun_24h,rerun_24h
p_q_a9f6ddd4_2,JUDGE_DISAGREEMENT,INDETERMINATE_AT_T,0,paraphrase_judge_disagreement,temporal_align_qa,2023,MEDIUM,VOLATILE,q_a9f6ddd4@rerun_24h,rerun_24h
p_q_7c47387f_2,JUDGE_DISAGREEMENT,JUDGE_DISAGREEMENT,0,paraphrase_judge_disagreement,temporal_align_qa,2023,MEDIUM,VOLATILE,q_7c47387f@rerun_24h,rerun_24h
p_q_7378baa7_0,JUDGE_DISAGREEMENT,JUDGE_DISAGREEMENT,0,paraphrase_judge_disagreement,temporal_align_qa,2023,MEDIUM,VOLATILE,q_7378baa7@rerun_24h,rerun_24h
p_q_f0b3ece2_2,SAME,INDETERMINATE_AT_T,0,validity_indeterminate_at_t,temporal_align_qa,2023,MEDIUM,VOLATILE,q_f0b3ece2@rerun_24h,rerun_24h
p_q_12d05949_0,SAME,JUDGE_DISAGREEMENT,0,validity_judge_disagreement,temporal_align_qa,2023,MEDIUM,VOLATILE,q_12d05949@rerun_24h,rerun_24h
p_q_c0c0cc7f_0,JUDGE_DISAGREEMENT,JUDGE_DISAGREEMENT,0,paraphrase_judge_disagreement,temporal_align_qa,2023,MEDIUM,VOLATILE,q_c0c0cc7f@rerun_24h,rerun_24h
p_q_ec0efdba_2,JUDGE_DISAGREEMENT,JUDGE_DISAGREEMENT,0,paraphrase_judge_disagreement,temporal_align_qa,2023,MEDIUM,VOLATILE,q_ec0efdba@rerun_24h,rerun_24h
p_q_ed789c0a_0,DIFFERENT,INDETERMINATE_AT_T,0,paraphrase_different,temporal_align_qa,2023,MEDIUM,VOLATILE,q_ed789c0a@rerun_24h,rerun_24h
p_q_a9520087_3,JUDGE_DISAGREEMENT,JUDGE_DISAGREEMENT,0,paraphrase_judge_disagreement,temporal_align_qa,2023,MEDIUM,VOLATILE,q_a9520087@rerun_24h,rerun_24h
p_q_71ca7be1_1,JUDGE_DISAGREEMENT,JUDGE_DISAGREEMENT,0,paraphrase_judge_disagreement,temporal_align_qa,2023,MEDIUM,VOLATILE,q_71ca7be1@rerun_24h,rerun_24h
p_q_618650f8_1,SAME,JUDGE_DISAGREEMENT,0,validity_judge_disagreement,temporal_align_qa,2023,MEDIUM,VOLATILE,q_618650f8@rerun_1h,rerun_1h
p_q_e7073d58_2,JUDGE_DISAGREEMENT,SUPERSEDED_AT_T,0,paraphrase_judge_disagreement,freshqa,2022,MEDIUM,SINGLE_YEAR,q_e7073d58@rerun_24h,rerun_24h
p_q_10399b97_0,JUDGE_DISAGREEMENT,JUDGE_DISAGREEMENT,0,paraphrase_judge_disagreement,temporal_align_qa,2023,MEDIUM,VOLATILE,q_10399b97@rerun_24h,rerun_24h
p_q_02665be9_2,JUDGE_DISAGREEMENT,JUDGE_DISAGREEMENT,0,paraphrase_judge_disagreement,temporal_align_qa,2023,MEDIUM,VOLATILE,q_02665be9@rerun_24h,rerun_24h
p_q_be7863cd_3,SAME,SUPERSEDED_AT_T,0,validity_superseded_at_t,temporal_align_qa,2023,MEDIUM,VOLATILE,q_be7863cd@rerun_24h,rerun_24h
p_q_bd8d50a7_3,SAME,JUDGE_DISAGREEMENT,0,validity_judge_disagreement,temporal_align_qa,2023,MEDIUM,VOLATILE,q_bd8d50a7@rerun_24h,rerun_24h
p_q_58db0825_2,JUDGE_DISAGREEMENT,INDETERMINATE_AT_T,0,paraphrase_judge_disagreement,temporal_align_qa,2023,MEDIUM,VOLATILE,q_58db0825@rerun_24h,rerun_24h
p_q_39cd95a7_3,JUDGE_DISAGREEMENT,SUPERSEDED_AT_T,0,paraphrase_judge_disagreement,freshqa,2023,MEDIUM,SINGLE_YEAR,q_39cd95a7@rerun_24h,rerun_24h
p_q_145203c8_3,JUDGE_DISAGREEMENT,INDETERMINATE_AT_T,0,paraphrase_judge_disagreement,temporal_align_qa,2023,MEDIUM,VOLATILE,q_145203c8@rerun_24h,rerun_24h
p_q_d1fc1f80_0,SAME,JUDGE_DISAGREEMENT,0,validity_judge_disagreement,temporal_align_qa,2023,MEDIUM,VOLATILE,q_d1fc1f80@rerun_24h,rerun_24h
p_q_292449b7_1,SAME,INDETERMINATE_AT_T,0,validity_indeterminate_at_t,temporal_align_qa,2023,MEDIUM,VOLATILE,q_292449b7@rerun_24h,rerun_24h
p_q_cfdd4441_0,JUDGE_DISAGREEMENT,SUPERSEDED_AT_T,0,paraphrase_judge_disagreement,temporal_align_qa,2023,MEDIUM,VOLATILE,q_cfdd4441@rerun_24h,rerun_24h
p_q_8a614432_0,SAME,SUPERSEDED_AT_T,0,validity_superseded_at_t,temporal_align_qa,2023,MEDIUM,VOLATILE,q_8a614432@rerun_24h,rerun_24h
p_q_d0a493c9_1,JUDGE_DISAGREEMENT,SUPERSEDED_AT_T,0,paraphrase_judge_disagreement,temporal_align_qa,2023,MEDIUM,VOLATILE,q_d0a493c9@rerun_24h,rerun_24h
p_q_8b7e079f_0,JUDGE_DISAGREEMENT,JUDGE_DISAGREEMENT,0,paraphrase_judge_disagreement,temporal_align_qa,2023,MEDIUM,VOLATILE,q_8b7e079f@rerun_24h,rerun_24h
p_q_f0b3ece2_0,SAME,INDETERMINATE_AT_T,0,validity_indeterminate_at_t,temporal_align_qa,2023,MEDIUM,VOLATILE,q_f0b3ece2@rerun_24h,rerun_24h
p_q_63335fe3_0,JUDGE_DISAGREEMENT,SUPERSEDED_AT_T,0,paraphrase_judge_disagreement,temporal_align_qa,2023,MEDIUM,VOLATILE,q_63335fe3@rerun_24h,rerun_24h
p_q_60703185_3,JUDGE_DISAGREEMENT,JUDGE_DISAGREEMENT,0,paraphrase_judge_disagreement,temporal_align_qa,2023,MEDIUM,VOLATILE,q_60703185@rerun_24h,rerun_24h
p_q_78ed83ff_1,SAME,JUDGE_DISAGREEMENT,0,validity_judge_disagreement,temporal_align_qa,2023,MEDIUM,VOLATILE,q_78ed83ff@rerun_24h,rerun_24h
p_q_f7bf87d7_1,SAME,INDETERMINATE_AT_T,0,validity_indeterminate_at_t,temporal_align_qa,2023,MEDIUM,VOLATILE,q_f7bf87d7@rerun_24h,rerun_24h
p_q_9bcda30d_2,SAME,INDETERMINATE_AT_T,0,validity_indeterminate_at_t,temporal_align_qa,2023,MEDIUM,VOLATILE,q_9bcda30d@rerun_24h,rerun_24h
p_q_79f6b4eb_3,SAME,JUDGE_DISAGREEMENT,0,validity_judge_disagreement,temporal_align_qa,2023,MEDIUM,VOLATILE,q_79f6b4eb@rerun_24h,rerun_24h
p_q_57d1c01a_3,SAME,SUPERSEDED_AT_T,0,validity_superseded_at_t,temporal_align_qa,2023,MEDIUM,VOLATILE,q_57d1c01a@rerun_24h,rerun_24h
p_q_4ccc0c84_0,JUDGE_DISAGREEMENT,INDETERMINATE_AT_T,0,paraphrase_judge_disagreement,temporal_align_qa,2023,MEDIUM,VOLATILE,q_4ccc0c84@rerun_24h,rerun_24h
p_q_7b41f83f_3,SAME,JUDGE_DISAGREEMENT,0,validity_judge_disagreement,temporal_align_qa,2023,MEDIUM,VOLATILE,q_7b41f83f@rerun_24h,rerun_24h
p_q_560436e5_2,SAME,JUDGE_DISAGREEMENT,0,validity_judge_disagreement,temporal_align_qa,2023,MEDIUM,VOLATILE,q_560436e5@rerun_24h,rerun_24h
p_q_134c8d29_3,SAME,JUDGE_DISAGREEMENT,0,validity_judge_disagreement,temporal_align_qa,2023,MEDIUM,VOLATILE,q_134c8d29@rerun_24h,rerun_24h
p_q_75c9b763_1,SAME,SUPERSEDED_AT_T,0,validity_superseded_at_t,temporal_align_qa,2023,MEDIUM,VOLATILE,q_75c9b763@rerun_24h,rerun_24h
p_q_1480c99d_0,JUDGE_DISAGREEMENT,SUPERSEDED_AT_T,0,paraphrase_judge_disagreement,temporal_align_qa,2023,MEDIUM,VOLATILE,q_1480c99d@rerun_24h,rerun_24h
p_q_a3225b4a_0,SAME,JUDGE_DISAGREEMENT,0,validity_judge_disagreement,temporal_align_qa,2023,MEDIUM,VOLATILE,q_a3225b4a@rerun_24h,rerun_24h
p_q_0bf77f06_0,SAME,SUPERSEDED_AT_T,0,validity_superseded_at_t,temporal_align_qa,2023,MEDIUM,VOLATILE,q_0bf77f06@rerun_24h,rerun_24h
p_q_20085526_2,SAME,SUPERSEDED_AT_T,0,validity_superseded_at_t,temporal_align_qa,2023,MEDIUM,VOLATILE,q_20085526@rerun_24h,rerun_24h
p_q_9ad1cf95_3,SAME,JUDGE_DISAGREEMENT,0,validity_judge_disagreement,temporal_align_qa,2023,MEDIUM,VOLATILE,q_9ad1cf95@rerun_24h,rerun_24h
p_q_eead7ef7_1,SAME,JUDGE_DISAGREEMENT,0,validity_judge_disagreement,temporal_align_qa,2023,MEDIUM,VOLATILE,q_eead7ef7@rerun_24h,rerun_24h
p_q_c354442b_3,SAME,SUPERSEDED_AT_T,0,validity_superseded_at_t,temporal_align_qa,2023,MEDIUM,VOLATILE,q_c354442b@rerun_24h,rerun_24h
p_q_8aa09cab_1,SAME,SUPERSEDED_AT_T,0,validity_superseded_at_t,temporal_align_qa,2023,MEDIUM,VOLATILE,q_8aa09cab@rerun_24h,rerun_24h
p_q_995c0608_1,SAME,SUPERSEDED_AT_T,0,validity_superseded_at_t,temporal_align_qa,2023,MEDIUM,VOLATILE,q_995c0608@rerun_24h,rerun_24h
p_q_3e574628_1,SAME,INDETERMINATE_AT_T,0,validity_indeterminate_at_t,temporal_align_qa,2023,MEDIUM,VOLATILE,q_3e574628@rerun_24h,rerun_24h
p_q_5eaf6b2e_0,SAME,JUDGE_DISAGREEMENT,0,validity_judge_disagreement,temporal_align_qa,2023,MEDIUM,VOLATILE,q_5eaf6b2e@rerun_24h,rerun_24h
p_q_cfdd4441_2,SAME,SUPERSEDED_AT_T,0,validity_superseded_at_t,temporal_align_qa,2023,MEDIUM,VOLATILE,q_cfdd4441@rerun_24h,rerun_24h
p_q_82aed09c_0,SAME,JUDGE_DISAGREEMENT,0,validity_judge_disagreement,temporal_align_qa,2023,MEDIUM,VOLATILE,q_82aed09c@rerun_24h,rerun_24h
p_q_f0b7eef3_2,SAME,INDETERMINATE_AT_T,0,validity_indeterminate_at_t,temporal_align_qa,2023,MEDIUM,VOLATILE,q_f0b7eef3@rerun_24h,rerun_24h
p_q_c988b01c_2,SAME,JUDGE_DISAGREEMENT,0,validity_judge_disagreement,temporal_align_qa,2023,MEDIUM,VOLATILE,q_c988b01c@rerun_24h,rerun_24h
p_q_fc92fe13_3,SAME,INDETERMINATE_AT_T,0,validity_indeterminate_at_t,temporal_align_qa,2023,MEDIUM,VOLATILE,q_fc92fe13@rerun_24h,rerun_24h
p_q_44acf3c6_0,SAME,INDETERMINATE_AT_T,0,validity_indeterminate_at_t,temporal_align_qa,2023,MEDIUM,VOLATILE,q_44acf3c6@rerun_24h,rerun_24h
p_q_787a3f9a_1,SAME,SUPERSEDED_AT_T,0,validity_superseded_at_t,temporal_align_qa,2023,MEDIUM,VOLATILE,q_787a3f9a@rerun_24h,rerun_24h
q_ae23812e,BASE_QUERY,INDETERMINATE_AT_T,0,validity_indeterminate_at_t,temporal_align_qa,2023,MEDIUM,VOLATILE,q_ae23812e@rerun_24h,rerun_24h
q_3df25b36,BASE_QUERY,SUPERSEDED_AT_T,0,validity_superseded_at_t,temporal_align_qa,2023,MEDIUM,VOLATILE,q_3df25b36@rerun_24h,rerun_24h
q_96543752,BASE_QUERY,JUDGE_DISAGREEMENT,0,validity_judge_disagreement,temporal_align_qa,2023,MEDIUM,VOLATILE,q_96543752@rerun_12h,rerun_12h
q_a815ecba,BASE_QUERY,JUDGE_DISAGREEMENT,0,validity_judge_disagreement,temporal_align_qa,2023,MEDIUM,VOLATILE,q_a815ecba@rerun_24h,rerun_24h
q_01679395,BASE_QUERY,INDETERMINATE_AT_T,0,validity_indeterminate_at_t,temporal_align_qa,2023,MEDIUM,VOLATILE,q_01679395@rerun_24h,rerun_24h
q_18350211,BASE_QUERY,SUPERSEDED_AT_T,0,validity_superseded_at_t,temporal_align_qa,2023,MEDIUM,VOLATILE,q_18350211@rerun_24h,rerun_24h
q_a2ed487a,BASE_QUERY,JUDGE_DISAGREEMENT,0,validity_judge_disagreement,temporal_align_qa,2023,MEDIUM,VOLATILE,q_a2ed487a@rerun_24h,rerun_24h
q_738b3f1b,BASE_QUERY,SUPERSEDED_AT_T,0,validity_superseded_at_t,temporal_align_qa,2023,MEDIUM,VOLATILE,q_738b3f1b@rerun_12h,rerun_12h
q_c241368e,BASE_QUERY,JUDGE_DISAGREEMENT,0,validity_judge_disagreement,temporal_align_qa,2023,MEDIUM,VOLATILE,q_c241368e@rerun_1h,rerun_1h
q_e4b76a30,BASE_QUERY,INDETERMINATE_AT_T,0,validity_indeterminate_at_t,temporal_align_qa,2023,MEDIUM,VOLATILE,q_e4b76a30@rerun_24h,rerun_24h
q_29e53c6d,BASE_QUERY,INDETERMINATE_AT_T,0,validity_indeterminate_at_t,temporal_align_qa,2023,MEDIUM,VOLATILE,q_29e53c6d@rerun_24h,rerun_24h
q_b2e307b2,BASE_QUERY,INDETERMINATE_AT_T,0,validity_indeterminate_at_t,temporal_align_qa,2023,MEDIUM,VOLATILE,q_b2e307b2@rerun_12h,rerun_12h
q_dafccfb8,BASE_QUERY,JUDGE_DISAGREEMENT,0,validity_judge_disagreement,temporal_align_qa,2023,MEDIUM,VOLATILE,q_dafccfb8@rerun_24h,rerun_24h
q_3e574628,BASE_QUERY,INDETERMINATE_AT_T,0,validity_indeterminate_at_t,temporal_align_qa,2023,MEDIUM,VOLATILE,q_3e574628@rerun_24h,rerun_24h
p_q_36d47c00_2,JUDGE_DISAGREEMENT,JUDGE_DISAGREEMENT,0,paraphrase_judge_disagreement,freshqa,2022,SLOW,SINGLE_YEAR,q_36d47c00@rerun_24h,rerun_24h
p_q_379e630f_0,SAME,SUPERSEDED_AT_T,0,validity_superseded_at_t,temporal_align_qa,2023,SLOW,VOLATILE,q_379e630f@rerun_24h,rerun_24h
p_q_f861b3a0_2,JUDGE_DISAGREEMENT,JUDGE_DISAGREEMENT,0,paraphrase_judge_disagreement,temporal_align_qa,2023,SLOW,VOLATILE,q_f861b3a0@rerun_24h,rerun_24h
p_q_ad4bef3e_1,SAME,JUDGE_DISAGREEMENT,0,validity_judge_disagreement,temporal_align_qa,2023,SLOW,VOLATILE,q_ad4bef3e@rerun_24h,rerun_24h
p_q_fae0b0bb_2,JUDGE_DISAGREEMENT,JUDGE_DISAGREEMENT,0,paraphrase_judge_disagreement,temporal_align_qa,2023,SLOW,VOLATILE,q_fae0b0bb@rerun_24h,rerun_24h
p_q_5b859382_3,DIFFERENT,INDETERMINATE_AT_T,0,paraphrase_different,temporal_align_qa,2023,SLOW,VOLATILE,q_5b859382@rerun_24h,rerun_24h
p_q_c51c0b2b_0,JUDGE_DISAGREEMENT,JUDGE_DISAGREEMENT,0,paraphrase_judge_disagreement,temporal_align_qa,2023,SLOW,VOLATILE,q_c51c0b2b@rerun_24h,rerun_24h
p_q_13b3027b_2,SAME,INDETERMINATE_AT_T,0,validity_indeterminate_at_t,temporal_align_qa,2023,SLOW,VOLATILE,q_13b3027b@rerun_24h,rerun_24h
p_q_2b61b711_1,SAME,JUDGE_DISAGREEMENT,0,validity_judge_disagreement,temporal_align_qa,2023,SLOW,VOLATILE,q_2b61b711@rerun_24h,rerun_24h
p_q_526494bb_0,SAME,SUPERSEDED_AT_T,0,validity_superseded_at_t,temporal_align_qa,2023,SLOW,VOLATILE,q_526494bb@rerun_24h,rerun_24h
p_q_a64535bb_3,JUDGE_DISAGREEMENT,INDETERMINATE_AT_T,0,paraphrase_judge_disagreement,temporal_align_qa,2023,SLOW,VOLATILE,q_a64535bb@rerun_24h,rerun_24h
p_q_a18ad11b_1,SAME,INDETERMINATE_AT_T,0,validity_indeterminate_at_t,temporal_align_qa,2023,SLOW,VOLATILE,q_a18ad11b@rerun_24h,rerun_24h
p_q_0abe1d0e_2,DIFFERENT,JUDGE_DISAGREEMENT,0,paraphrase_different,temporal_align_qa,2023,SLOW,VOLATILE,q_0abe1d0e@rerun_24h,rerun_24h
p_q_2e845b85_1,SAME,INDETERMINATE_AT_T,0,validity_indeterminate_at_t,temporal_align_qa,2023,SLOW,VOLATILE,q_2e845b85@rerun_24h,rerun_24h
p_q_56aea0d0_1,DIFFERENT,SUPERSEDED_AT_T,0,paraphrase_different,temporal_align_qa,2023,SLOW,VOLATILE,q_56aea0d0@rerun_24h,rerun_24h
p_q_ac7fde07_1,JUDGE_DISAGREEMENT,SUPERSEDED_AT_T,0,paraphrase_judge_disagreement,temporal_align_qa,2023,SLOW,VOLATILE,q_ac7fde07@rerun_24h,rerun_24h
p_q_f5380c95_0,SAME,JUDGE_DISAGREEMENT,0,validity_judge_disagreement,temporal_align_qa,2023,SLOW,VOLATILE,q_f5380c95@rerun_24h,rerun_24h
p_q_083bf58e_1,SAME,JUDGE_DISAGREEMENT,0,validity_judge_disagreement,temporal_align_qa,2023,SLOW,VOLATILE,q_083bf58e@rerun_24h,rerun_24h
p_q_cf26826b_2,SAME,JUDGE_DISAGREEMENT,0,validity_judge_disagreement,temporal_align_qa,2023,SLOW,VOLATILE,q_cf26826b@rerun_24h,rerun_24h
p_q_2b61b711_3,SAME,JUDGE_DISAGREEMENT,0,validity_judge_disagreement,temporal_align_qa,2023,SLOW,VOLATILE,q_2b61b711@rerun_24h,rerun_24h
p_q_e5616ef7_3,SAME,INDETERMINATE_AT_T,0,validity_indeterminate_at_t,temporal_align_qa,2023,SLOW,VOLATILE,q_e5616ef7@rerun_24h,rerun_24h
p_q_9edf5bd2_0,JUDGE_DISAGREEMENT,JUDGE_DISAGREEMENT,0,paraphrase_judge_disagreement,temporal_align_qa,2023,SLOW,VOLATILE,q_9edf5bd2@rerun_24h,rerun_24h
p_q_3055ab76_1,JUDGE_DISAGREEMENT,INDETERMINATE_AT_T,0,paraphrase_judge_disagreement,temporal_align_qa,2023,SLOW,VOLATILE,q_3055ab76@rerun_24h,rerun_24h
p_q_511a84fd_1,JUDGE_DISAGREEMENT,INDETERMINATE_AT_T,0,paraphrase_judge_disagreement,temporal_align_qa,2023,SLOW,VOLATILE,q_511a84fd@rerun_24h,rerun_24h
p_q_2be2d65b_2,JUDGE_DISAGREEMENT,SUPERSEDED_AT_T,0,paraphrase_judge_disagreement,temporal_align_qa,2023,SLOW,VOLATILE,q_2be2d65b@rerun_24h,rerun_24h
p_q_3055ab76_0,SAME,INDETERMINATE_AT_T,0,validity_indeterminate_at_t,temporal_align_qa,2023,SLOW,VOLATILE,q_3055ab76@rerun_24h,rerun_24h
p_q_d62648af_1,JUDGE_DISAGREEMENT,JUDGE_DISAGREEMENT,0,paraphrase_judge_disagreement,temporal_align_qa,2023,SLOW,VOLATILE,q_d62648af@rerun_24h,rerun_24h
p_q_50156db6_0,JUDGE_DISAGREEMENT,INDETERMINATE_AT_T,0,paraphrase_judge_disagreement,temporal_align_qa,2023,SLOW,VOLATILE,q_50156db6@rerun_24h,rerun_24h
p_q_91a992f1_1,SAME,JUDGE_DISAGREEMENT,0,validity_judge_disagreement,temporal_align_qa,2023,SLOW,VOLATILE,q_91a992f1@rerun_24h,rerun_24h
p_q_53e77e63_0,DIFFERENT,JUDGE_DISAGREEMENT,0,paraphrase_different,freshqa,before 2022,SLOW,SINGLE_YEAR,q_53e77e63@rerun_24h,rerun_24h
p_q_ba4e488d_2,JUDGE_DISAGREEMENT,JUDGE_DISAGREEMENT,0,paraphrase_judge_disagreement,temporal_align_qa,2023,SLOW,VOLATILE,q_ba4e488d@rerun_24h,rerun_24h
p_q_c685de49_3,JUDGE_DISAGREEMENT,SUPERSEDED_AT_T,0,paraphrase_judge_disagreement,temporal_align_qa,2023,SLOW,VOLATILE,q_c685de49@rerun_24h,rerun_24h
p_q_aca03251_3,JUDGE_DISAGREEMENT,INDETERMINATE_AT_T,0,paraphrase_judge_disagreement,temporal_align_qa,2023,SLOW,VOLATILE,q_aca03251@rerun_24h,rerun_24h
p_q_f070a7a3_3,JUDGE_DISAGREEMENT,INDETERMINATE_AT_T,0,paraphrase_judge_disagreement,temporal_align_qa,2023,SLOW,VOLATILE,q_f070a7a3@rerun_24h,rerun_24h
p_q_bd3daa9d_0,JUDGE_DISAGREEMENT,JUDGE_DISAGREEMENT,0,paraphrase_judge_disagreement,temporal_align_qa,2023,SLOW,VOLATILE,q_bd3daa9d@rerun_24h,rerun_24h
p_q_5b859382_2,SAME,INDETERMINATE_AT_T,0,validity_indeterminate_at_t,temporal_align_qa,2023,SLOW,VOLATILE,q_5b859382@rerun_24h,rerun_24h
p_q_5abb871e_2,JUDGE_DISAGREEMENT,JUDGE_DISAGREEMENT,0,paraphrase_judge_disagreement,temporal_align_qa,2023,SLOW,VOLATILE,q_5abb871e@rerun_24h,rerun_24h
p_q_1ff720ce_2,SAME,INDETERMINATE_AT_T,0,validity_indeterminate_at_t,temporal_align_qa,2023,SLOW,VOLATILE,q_1ff720ce@rerun_24h,rerun_24h
p_q_261a287e_0,SAME,JUDGE_DISAGREEMENT,0,validity_judge_disagreement,temporal_align_qa,2023,SLOW,VOLATILE,q_261a287e@rerun_24h,rerun_24h
p_q_5ee0c56a_2,DIFFERENT,JUDGE_DISAGREEMENT,0,paraphrase_different,temporal_align_qa,2023,SLOW,VOLATILE,q_5ee0c56a@rerun_24h,rerun_24h
p_q_e619abe5_1,JUDGE_DISAGREEMENT,SUPERSEDED_AT_T,0,paraphrase_judge_disagreement,freshqa,2022,SLOW,SINGLE_YEAR,q_e619abe5@rerun_24h,rerun_24h
p_q_4e2929ec_0,DIFFERENT,SUPERSEDED_AT_T,0,paraphrase_different,freshqa,before 2022,SLOW,SINGLE_YEAR,q_4e2929ec@rerun_24h,rerun_24h
p_q_7dd95f30_3,JUDGE_DISAGREEMENT,JUDGE_DISAGREEMENT,0,paraphrase_judge_disagreement,temporal_align_qa,2023,SLOW,VOLATILE,q_7dd95f30@rerun_24h,rerun_24h
p_q_0862570f_2,SAME,VALID_AT_T,1,,temporal_align_qa,2023,SLOW,VOLATILE,q_0862570f@rerun_24h,rerun_24h
p_q_5e06e717_3,JUDGE_DISAGREEMENT,JUDGE_DISAGREEMENT,0,paraphrase_judge_disagreement,temporal_align_qa,2023,SLOW,VOLATILE,q_5e06e717@rerun_24h,rerun_24h
p_q_36e2eae5_1,SAME,VALID_AT_T,1,,temporal_align_qa,2023,SLOW,VOLATILE,q_36e2eae5@rerun_24h,rerun_24h
p_q_eb7ff4b6_1,JUDGE_DISAGREEMENT,INDETERMINATE_AT_T,0,paraphrase_judge_disagreement,temporal_align_qa,2023,SLOW,VOLATILE,q_eb7ff4b6@rerun_24h,rerun_24h
p_q_fc04cade_2,JUDGE_DISAGREEMENT,JUDGE_DISAGREEMENT,0,paraphrase_judge_disagreement,temporal_align_qa,2023,SLOW,VOLATILE,q_fc04cade@rerun_24h,rerun_24h
p_q_379e630f_3,SAME,SUPERSEDED_AT_T,0,validity_superseded_at_t,temporal_align_qa,2023,SLOW,VOLATILE,q_379e630f@rerun_24h,rerun_24h
p_q_8dc147d0_0,SAME,SUPERSEDED_AT_T,0,validity_superseded_at_t,freshqa,2023,SLOW,SINGLE_YEAR,q_8dc147d0@rerun_24h,rerun_24h
p_q_ecea34ae_3,JUDGE_DISAGREEMENT,INDETERMINATE_AT_T,0,paraphrase_judge_disagreement,temporal_align_qa,2023,SLOW,VOLATILE,q_ecea34ae@rerun_24h,rerun_24h
p_q_8d51049f_1,SAME,INDETERMINATE_AT_T,0,validity_indeterminate_at_t,temporal_align_qa,2023,SLOW,VOLATILE,q_8d51049f@rerun_24h,rerun_24h
p_q_eed8ece1_3,JUDGE_DISAGREEMENT,INDETERMINATE_AT_T,0,paraphrase_judge_disagreement,temporal_align_qa,2023,SLOW,VOLATILE,q_eed8ece1@rerun_24h,rerun_24h
p_q_03f72c57_0,JUDGE_DISAGREEMENT,JUDGE_DISAGREEMENT,0,paraphrase_judge_disagreement,temporal_align_qa,2023,SLOW,VOLATILE,q_03f72c57@rerun_24h,rerun_24h
p_q_424c03e3_2,SAME,JUDGE_DISAGREEMENT,0,validity_judge_disagreement,temporal_align_qa,2023,SLOW,VOLATILE,q_424c03e3@rerun_24h,rerun_24h
p_q_63a44892_2,SAME,INDETERMINATE_AT_T,0,validity_indeterminate_at_t,temporal_align_qa,2023,SLOW,VOLATILE,q_63a44892@rerun_24h,rerun_24h
p_q_e63f6e9e_3,SAME,INDETERMINATE_AT_T,0,validity_indeterminate_at_t,temporal_align_qa,2023,SLOW,VOLATILE,q_e63f6e9e@rerun_24h,rerun_24h
p_q_ffc74be2_1,SAME,JUDGE_DISAGREEMENT,0,validity_judge_disagreement,temporal_align_qa,2023,SLOW,VOLATILE,q_ffc74be2@rerun_24h,rerun_24h
p_q_8bfaeff4_2,SAME,VALID_AT_T,1,,temporal_align_qa,2023,SLOW,VOLATILE,q_8bfaeff4@rerun_24h,rerun_24h
p_q_b6e5a108_0,SAME,JUDGE_DISAGREEMENT,0,validity_judge_disagreement,temporal_align_qa,2023,SLOW,VOLATILE,q_b6e5a108@rerun_24h,rerun_24h
p_q_2053c0d3_3,SAME,JUDGE_DISAGREEMENT,0,validity_judge_disagreement,temporal_align_qa,2023,SLOW,VOLATILE,q_2053c0d3@rerun_24h,rerun_24h
p_q_25a74024_0,SAME,SUPERSEDED_AT_T,0,validity_superseded_at_t,temporal_align_qa,2023,SLOW,VOLATILE,q_25a74024@rerun_24h,rerun_24h
p_q_d3e5ec72_3,SAME,VALID_AT_T,1,,temporal_align_qa,2023,SLOW,VOLATILE,q_d3e5ec72@rerun_24h,rerun_24h
p_q_02819f41_3,JUDGE_DISAGREEMENT,JUDGE_DISAGREEMENT,0,paraphrase_judge_disagreement,temporal_align_qa,2023,SLOW,VOLATILE,q_02819f41@rerun_24h,rerun_24h
p_q_f1c6af26_3,SAME,JUDGE_DISAGREEMENT,0,validity_judge_disagreement,temporal_align_qa,2023,SLOW,VOLATILE,q_f1c6af26@rerun_24h,rerun_24h
p_q_8fb47752_2,SAME,JUDGE_DISAGREEMENT,0,validity_judge_disagreement,freshqa,2023,SLOW,SINGLE_YEAR,q_8fb47752@rerun_24h,rerun_24h
p_q_7a065d8f_1,SAME,SUPERSEDED_AT_T,0,validity_superseded_at_t,temporal_align_qa,2023,SLOW,VOLATILE,q_7a065d8f@rerun_24h,rerun_24h
p_q_2fafc2f1_0,SAME,SUPERSEDED_AT_T,0,validity_superseded_at_t,temporal_align_qa,2023,SLOW,VOLATILE,q_2fafc2f1@rerun_24h,rerun_24h
p_q_4882dc27_3,SAME,SUPERSEDED_AT_T,0,validity_superseded_at_t,temporal_align_qa,2023,SLOW,VOLATILE,q_4882dc27@rerun_24h,rerun_24h
p_q_e4dd7c4d_0,SAME,JUDGE_DISAGREEMENT,0,validity_judge_disagreement,temporal_align_qa,2023,SLOW,VOLATILE,q_e4dd7c4d@rerun_24h,rerun_24h
p_q_adf4be31_0,SAME,JUDGE_DISAGREEMENT,0,validity_judge_disagreement,temporal_align_qa,2023,SLOW,VOLATILE,q_adf4be31@rerun_24h,rerun_24h
p_q_ecea34ae_0,SAME,INDETERMINATE_AT_T,0,validity_indeterminate_at_t,temporal_align_qa,2023,SLOW,VOLATILE,q_ecea34ae@rerun_24h,rerun_24h
p_q_0c7e44a5_0,SAME,JUDGE_DISAGREEMENT,0,validity_judge_disagreement,temporal_align_qa,2023,SLOW,VOLATILE,q_0c7e44a5@rerun_24h,rerun_24h
p_q_37fa4f89_0,SAME,SUPERSEDED_AT_T,0,validity_superseded_at_t,temporal_align_qa,2023,SLOW,VOLATILE,q_37fa4f89@rerun_24h,rerun_24h
p_q_8892bc4b_2,SAME,JUDGE_DISAGREEMENT,0,validity_judge_disagreement,temporal_align_qa,2023,SLOW,VOLATILE,q_8892bc4b@rerun_24h,rerun_24h
p_q_7be67437_0,SAME,JUDGE_DISAGREEMENT,0,validity_judge_disagreement,temporal_align_qa,2023,SLOW,VOLATILE,q_7be67437@rerun_24h,rerun_24h
p_q_36e2eae5_2,SAME,VALID_AT_T,1,,temporal_align_qa,2023,SLOW,VOLATILE,q_36e2eae5@rerun_24h,rerun_24h
p_q_3cae62d9_1,SAME,JUDGE_DISAGREEMENT,0,validity_judge_disagreement,temporal_align_qa,2023,SLOW,VOLATILE,q_3cae62d9@rerun_24h,rerun_24h
p_q_baf11e36_2,SAME,JUDGE_DISAGREEMENT,0,validity_judge_disagreement,temporal_align_qa,2023,SLOW,VOLATILE,q_baf11e36@rerun_24h,rerun_24h
p_q_2e0c6ace_2,SAME,SUPERSEDED_AT_T,0,validity_superseded_at_t,temporal_align_qa,2023,SLOW,VOLATILE,q_2e0c6ace@rerun_24h,rerun_24h
p_q_593f6d73_3,SAME,INDETERMINATE_AT_T,0,validity_indeterminate_at_t,temporal_align_qa,2023,SLOW,VOLATILE,q_593f6d73@rerun_24h,rerun_24h
p_q_dd9fd589_2,SAME,INDETERMINATE_AT_T,0,validity_indeterminate_at_t,temporal_align_qa,2023,SLOW,VOLATILE,q_dd9fd589@rerun_24h,rerun_24h
p_q_69f7cd76_3,SAME,SUPERSEDED_AT_T,0,validity_superseded_at_t,temporal_align_qa,2023,SLOW,VOLATILE,q_69f7cd76@rerun_24h,rerun_24h
q_efe174f0,BASE_QUERY,JUDGE_DISAGREEMENT,0,validity_judge_disagreement,temporal_align_qa,2023,SLOW,VOLATILE,q_efe174f0@rerun_24h,rerun_24h
q_14993a2f,BASE_QUERY,SUPERSEDED_AT_T,0,validity_superseded_at_t,temporal_align_qa,2023,SLOW,VOLATILE,q_14993a2f@rerun_24h,rerun_24h
q_7c0a6cba,BASE_QUERY,JUDGE_DISAGREEMENT,0,validity_judge_disagreement,temporal_align_qa,2023,SLOW,VOLATILE,q_7c0a6cba@rerun_12h,rerun_12h
q_63a44892,BASE_QUERY,INDETERMINATE_AT_T,0,validity_indeterminate_at_t,temporal_align_qa,2023,SLOW,VOLATILE,q_63a44892@rerun_24h,rerun_24h
q_cad562c6,BASE_QUERY,JUDGE_DISAGREEMENT,0,validity_judge_disagreement,temporal_align_qa,2023,SLOW,VOLATILE,q_cad562c6@run_00,run_00
q_617ac749,BASE_QUERY,SUPERSEDED_AT_T,0,validity_superseded_at_t,temporal_align_qa,2023,SLOW,VOLATILE,q_617ac749@rerun_1h,rerun_1h
q_91fe9bbc,BASE_QUERY,VALID_AT_T,1,,temporal_align_qa,2023,SLOW,VOLATILE,q_91fe9bbc@rerun_24h,rerun_24h
q_3ee7411d,BASE_QUERY,SUPERSEDED_AT_T,0,validity_superseded_at_t,temporal_align_qa,2023,SLOW,VOLATILE,q_3ee7411d@rerun_24h,rerun_24h
q_a8f577f5,BASE_QUERY,VALID_AT_T,1,,temporal_align_qa,2023,SLOW,VOLATILE,q_a8f577f5@rerun_24h,rerun_24h
q_6aed1558,BASE_QUERY,JUDGE_DISAGREEMENT,0,validity_judge_disagreement,temporal_align_qa,2023,SLOW,VOLATILE,q_6aed1558@rerun_12h,rerun_12h
q_a1c19e16,BASE_QUERY,VALID_AT_T,1,,temporal_align_qa,2023,SLOW,VOLATILE,q_a1c19e16@rerun_24h,rerun_24h
q_cc86e7a2,BASE_QUERY,SUPERSEDED_AT_T,0,validity_superseded_at_t,temporal_align_qa,2023,SLOW,VOLATILE,q_cc86e7a2@rerun_1h,rerun_1h
q_f93213af,BASE_QUERY,VALID_AT_T,1,,temporal_align_qa,2023,SLOW,VOLATILE,q_f93213af@rerun_24h,rerun_24h
q_7dd95f30,BASE_QUERY,JUDGE_DISAGREEMENT,0,validity_judge_disagreement,temporal_align_qa,2023,SLOW,VOLATILE,q_7dd95f30@rerun_1h,rerun_1h
p_q_9432e97c_0,DIFFERENT,JUDGE_DISAGREEMENT,0,paraphrase_different,triviaqa,(none),TIMELESS,NOT_TIME_KEYED,q_9432e97c@rerun_24h,rerun_24h
p_q_fd2b644e_0,JUDGE_DISAGREEMENT,VALID_AT_T,0,paraphrase_judge_disagreement,triviaqa,(none),TIMELESS,NOT_TIME_KEYED,q_fd2b644e@rerun_24h,rerun_24h
p_q_008dbbf5_1,JUDGE_DISAGREEMENT,VALID_AT_T,0,paraphrase_judge_disagreement,triviaqa,(none),TIMELESS,NOT_TIME_KEYED,q_008dbbf5@rerun_24h,rerun_24h
p_q_cff65f30_2,SAME,JUDGE_DISAGREEMENT,0,validity_judge_disagreement,triviaqa,(none),TIMELESS,NOT_TIME_KEYED,q_cff65f30@rerun_24h,rerun_24h
p_q_fc47ce8e_3,JUDGE_DISAGREEMENT,VALID_AT_T,0,paraphrase_judge_disagreement,freshqa,before 2022,TIMELESS,SINGLE_YEAR,q_fc47ce8e@rerun_24h,rerun_24h
p_q_b6529205_3,JUDGE_DISAGREEMENT,JUDGE_DISAGREEMENT,0,paraphrase_judge_disagreement,triviaqa,(none),TIMELESS,NOT_TIME_KEYED,q_b6529205@rerun_24h,rerun_24h
p_q_8f04e897_0,JUDGE_DISAGREEMENT,VALID_AT_T,0,paraphrase_judge_disagreement,triviaqa,(none),TIMELESS,NOT_TIME_KEYED,q_8f04e897@rerun_24h,rerun_24h
p_q_9ffc1ed9_0,DIFFERENT,JUDGE_DISAGREEMENT,0,paraphrase_different,triviaqa,(none),TIMELESS,NOT_TIME_KEYED,q_9ffc1ed9@rerun_24h,rerun_24h
p_q_6e543930_1,JUDGE_DISAGREEMENT,JUDGE_DISAGREEMENT,0,paraphrase_judge_disagreement,triviaqa,(none),TIMELESS,NOT_TIME_KEYED,q_6e543930@rerun_24h,rerun_24h
p_q_f618e806_2,DIFFERENT,JUDGE_DISAGREEMENT,0,paraphrase_different,triviaqa,(none),TIMELESS,NOT_TIME_KEYED,q_f618e806@rerun_24h,rerun_24h
p_q_c9965b56_2,DIFFERENT,JUDGE_DISAGREEMENT,0,paraphrase_different,triviaqa,(none),TIMELESS,NOT_TIME_KEYED,q_c9965b56@rerun_24h,rerun_24h
p_q_35e41392_1,JUDGE_DISAGREEMENT,VALID_AT_T,0,paraphrase_judge_disagreement,triviaqa,(none),TIMELESS,NOT_TIME_KEYED,q_35e41392@rerun_24h,rerun_24h
p_q_83e37c6e_2,JUDGE_DISAGREEMENT,VALID_AT_T,0,paraphrase_judge_disagreement,triviaqa,(none),TIMELESS,NOT_TIME_KEYED,q_83e37c6e@rerun_24h,rerun_24h
p_q_9f07f1e2_3,JUDGE_DISAGREEMENT,SUPERSEDED_AT_T,0,paraphrase_judge_disagreement,triviaqa,(none),TIMELESS,NOT_TIME_KEYED,q_9f07f1e2@rerun_24h,rerun_24h
p_q_3a68f125_0,JUDGE_DISAGREEMENT,VALID_AT_T,0,paraphrase_judge_disagreement,triviaqa,(none),TIMELESS,NOT_TIME_KEYED,q_3a68f125@rerun_24h,rerun_24h
p_q_2ba29c4f_0,JUDGE_DISAGREEMENT,JUDGE_DISAGREEMENT,0,paraphrase_judge_disagreement,triviaqa,(none),TIMELESS,NOT_TIME_KEYED,q_2ba29c4f@rerun_24h,rerun_24h
p_q_3122ceda_0,SAME,VALID_AT_T,1,,triviaqa,(none),TIMELESS,NOT_TIME_KEYED,q_3122ceda@rerun_24h,rerun_24h
p_q_2db8b371_3,SAME,JUDGE_DISAGREEMENT,0,validity_judge_disagreement,triviaqa,(none),TIMELESS,NOT_TIME_KEYED,q_2db8b371@rerun_24h,rerun_24h
p_q_8ea4bd29_2,JUDGE_DISAGREEMENT,JUDGE_DISAGREEMENT,0,paraphrase_judge_disagreement,triviaqa,(none),TIMELESS,NOT_TIME_KEYED,q_8ea4bd29@rerun_24h,rerun_24h
p_q_a867a828_1,JUDGE_DISAGREEMENT,JUDGE_DISAGREEMENT,0,paraphrase_judge_disagreement,triviaqa,(none),TIMELESS,NOT_TIME_KEYED,q_a867a828@rerun_24h,rerun_24h
p_q_86cdf888_2,JUDGE_DISAGREEMENT,JUDGE_DISAGREEMENT,0,paraphrase_judge_disagreement,triviaqa,(none),TIMELESS,NOT_TIME_KEYED,q_86cdf888@rerun_24h,rerun_24h
p_q_4efb2d83_3,SAME,VALID_AT_T,1,,triviaqa,(none),TIMELESS,NOT_TIME_KEYED,q_4efb2d83@rerun_24h,rerun_24h
p_q_5cb9d6ad_2,JUDGE_DISAGREEMENT,VALID_AT_T,0,paraphrase_judge_disagreement,triviaqa,(none),TIMELESS,NOT_TIME_KEYED,q_5cb9d6ad@rerun_24h,rerun_24h
p_q_bbdfff0f_2,SAME,JUDGE_DISAGREEMENT,0,validity_judge_disagreement,freshqa,2022,TIMELESS,SINGLE_YEAR,q_bbdfff0f@rerun_24h,rerun_24h
p_q_90cb856a_3,JUDGE_DISAGREEMENT,VALID_AT_T,0,paraphrase_judge_disagreement,triviaqa,(none),TIMELESS,NOT_TIME_KEYED,q_90cb856a@rerun_24h,rerun_24h
p_q_7a2157d8_3,SAME,JUDGE_DISAGREEMENT,0,validity_judge_disagreement,triviaqa,(none),TIMELESS,NOT_TIME_KEYED,q_7a2157d8@rerun_24h,rerun_24h
p_q_cb9cc202_0,DIFFERENT,VALID_AT_T,0,paraphrase_different,triviaqa,(none),TIMELESS,NOT_TIME_KEYED,q_cb9cc202@rerun_24h,rerun_24h
p_q_c6b40080_1,SAME,VALID_AT_T,1,,triviaqa,(none),TIMELESS,NOT_TIME_KEYED,q_c6b40080@rerun_24h,rerun_24h
p_q_df1576bb_1,SAME,JUDGE_DISAGREEMENT,0,validity_judge_disagreement,triviaqa,(none),TIMELESS,NOT_TIME_KEYED,q_df1576bb@rerun_24h,rerun_24h
p_q_2a87233c_3,JUDGE_DISAGREEMENT,JUDGE_DISAGREEMENT,0,paraphrase_judge_disagreement,triviaqa,(none),TIMELESS,NOT_TIME_KEYED,q_2a87233c@rerun_24h,rerun_24h
p_q_dbf0307d_2,SAME,JUDGE_DISAGREEMENT,0,validity_judge_disagreement,triviaqa,(none),TIMELESS,NOT_TIME_KEYED,q_dbf0307d@rerun_24h,rerun_24h
p_q_3484eada_3,JUDGE_DISAGREEMENT,JUDGE_DISAGREEMENT,0,paraphrase_judge_disagreement,triviaqa,(none),TIMELESS,NOT_TIME_KEYED,q_3484eada@rerun_24h,rerun_24h
p_q_b38e651d_3,SAME,JUDGE_DISAGREEMENT,0,validity_judge_disagreement,triviaqa,(none),TIMELESS,NOT_TIME_KEYED,q_b38e651d@rerun_24h,rerun_24h
p_q_c9965b56_3,JUDGE_DISAGREEMENT,JUDGE_DISAGREEMENT,0,paraphrase_judge_disagreement,triviaqa,(none),TIMELESS,NOT_TIME_KEYED,q_c9965b56@rerun_24h,rerun_24h
p_q_8f04e897_1,SAME,VALID_AT_T,1,,triviaqa,(none),TIMELESS,NOT_TIME_KEYED,q_8f04e897@rerun_24h,rerun_24h
p_q_bc586d32_0,SAME,VALID_AT_T,1,,triviaqa,(none),TIMELESS,NOT_TIME_KEYED,q_bc586d32@rerun_24h,rerun_24h
p_q_ddf45443_3,SAME,JUDGE_DISAGREEMENT,0,validity_judge_disagreement,triviaqa,(none),TIMELESS,NOT_TIME_KEYED,q_ddf45443@rerun_24h,rerun_24h
p_q_52507e09_0,SAME,JUDGE_DISAGREEMENT,0,validity_judge_disagreement,triviaqa,(none),TIMELESS,NOT_TIME_KEYED,q_52507e09@rerun_24h,rerun_24h
p_q_30cbc023_2,SAME,INDETERMINATE_AT_T,0,validity_indeterminate_at_t,triviaqa,(none),TIMELESS,NOT_TIME_KEYED,q_30cbc023@rerun_12h,rerun_12h
p_q_50abcf1d_0,SAME,VALID_AT_T,1,,triviaqa,(none),TIMELESS,NOT_TIME_KEYED,q_50abcf1d@rerun_24h,rerun_24h
p_q_2d02fb45_2,SAME,VALID_AT_T,1,,triviaqa,(none),TIMELESS,NOT_TIME_KEYED,q_2d02fb45@rerun_24h,rerun_24h
p_q_746185c8_2,SAME,JUDGE_DISAGREEMENT,0,validity_judge_disagreement,triviaqa,(none),TIMELESS,NOT_TIME_KEYED,q_746185c8@rerun_24h,rerun_24h
p_q_bf2150c7_3,SAME,INDETERMINATE_AT_T,0,validity_indeterminate_at_t,triviaqa,(none),TIMELESS,NOT_TIME_KEYED,q_bf2150c7@rerun_24h,rerun_24h
p_q_2d2c3ec0_0,SAME,JUDGE_DISAGREEMENT,0,validity_judge_disagreement,triviaqa,(none),TIMELESS,NOT_TIME_KEYED,q_2d2c3ec0@rerun_24h,rerun_24h
p_q_98d7f7da_2,SAME,JUDGE_DISAGREEMENT,0,validity_judge_disagreement,triviaqa,(none),TIMELESS,NOT_TIME_KEYED,q_98d7f7da@rerun_24h,rerun_24h
p_q_2d02fb45_1,JUDGE_DISAGREEMENT,VALID_AT_T,0,paraphrase_judge_disagreement,triviaqa,(none),TIMELESS,NOT_TIME_KEYED,q_2d02fb45@rerun_24h,rerun_24h
p_q_384b354b_0,SAME,VALID_AT_T,1,,triviaqa,(none),TIMELESS,NOT_TIME_KEYED,q_384b354b@rerun_24h,rerun_24h
p_q_e3c14282_1,SAME,VALID_AT_T,1,,triviaqa,(none),TIMELESS,NOT_TIME_KEYED,q_e3c14282@rerun_24h,rerun_24h
p_q_41540d4e_2,JUDGE_DISAGREEMENT,VALID_AT_T,0,paraphrase_judge_disagreement,triviaqa,(none),TIMELESS,NOT_TIME_KEYED,q_41540d4e@rerun_24h,rerun_24h
p_q_885ecd41_0,SAME,JUDGE_DISAGREEMENT,0,validity_judge_disagreement,triviaqa,(none),TIMELESS,NOT_TIME_KEYED,q_885ecd41@rerun_24h,rerun_24h
p_q_8c58ce9c_2,JUDGE_DISAGREEMENT,JUDGE_DISAGREEMENT,0,paraphrase_judge_disagreement,triviaqa,(none),TIMELESS,NOT_TIME_KEYED,q_8c58ce9c@rerun_24h,rerun_24h
p_q_f1b1aa68_1,SAME,JUDGE_DISAGREEMENT,0,validity_judge_disagreement,triviaqa,(none),TIMELESS,NOT_TIME_KEYED,q_f1b1aa68@rerun_24h,rerun_24h
p_q_371cd160_2,SAME,JUDGE_DISAGREEMENT,0,validity_judge_disagreement,triviaqa,(none),TIMELESS,NOT_TIME_KEYED,q_371cd160@rerun_24h,rerun_24h
p_q_f3e7fb13_1,JUDGE_DISAGREEMENT,VALID_AT_T,0,paraphrase_judge_disagreement,triviaqa,(none),TIMELESS,NOT_TIME_KEYED,q_f3e7fb13@rerun_24h,rerun_24h
p_q_bff7ff01_1,SAME,VALID_AT_T,1,,triviaqa,(none),TIMELESS,NOT_TIME_KEYED,q_bff7ff01@rerun_24h,rerun_24h
p_q_06c15fe9_1,SAME,VALID_AT_T,1,,triviaqa,(none),TIMELESS,NOT_TIME_KEYED,q_06c15fe9@rerun_24h,rerun_24h
p_q_b8ddab89_3,SAME,VALID_AT_T,1,,triviaqa,(none),TIMELESS,NOT_TIME_KEYED,q_b8ddab89@rerun_24h,rerun_24h
p_q_3582cba5_1,SAME,INDETERMINATE_AT_T,0,validity_indeterminate_at_t,triviaqa,(none),TIMELESS,NOT_TIME_KEYED,q_3582cba5@rerun_24h,rerun_24h
p_q_3b2d2b15_1,SAME,INDETERMINATE_AT_T,0,validity_indeterminate_at_t,triviaqa,(none),TIMELESS,NOT_TIME_KEYED,q_3b2d2b15@rerun_24h,rerun_24h
p_q_829bbe74_0,SAME,VALID_AT_T,1,,freshqa,before 2022,TIMELESS,SINGLE_YEAR,q_829bbe74@rerun_24h,rerun_24h
p_q_4deb87ba_3,DIFFERENT,JUDGE_DISAGREEMENT,0,paraphrase_different,triviaqa,(none),TIMELESS,NOT_TIME_KEYED,q_4deb87ba@rerun_24h,rerun_24h
p_q_450041cf_2,SAME,JUDGE_DISAGREEMENT,0,validity_judge_disagreement,freshqa,2022,TIMELESS,SINGLE_YEAR,q_450041cf@rerun_24h,rerun_24h
p_q_3853dba1_0,SAME,VALID_AT_T,1,,triviaqa,(none),TIMELESS,NOT_TIME_KEYED,q_3853dba1@rerun_24h,rerun_24h
p_q_a4aacc0f_1,SAME,JUDGE_DISAGREEMENT,0,validity_judge_disagreement,triviaqa,(none),TIMELESS,NOT_TIME_KEYED,q_a4aacc0f@rerun_24h,rerun_24h
p_q_3dd86b7b_2,SAME,VALID_AT_T,1,,triviaqa,(none),TIMELESS,NOT_TIME_KEYED,q_3dd86b7b@rerun_24h,rerun_24h
p_q_ac141dc0_1,SAME,VALID_AT_T,1,,triviaqa,(none),TIMELESS,NOT_TIME_KEYED,q_ac141dc0@rerun_24h,rerun_24h
p_q_3b2665fb_0,SAME,JUDGE_DISAGREEMENT,0,validity_judge_disagreement,triviaqa,(none),TIMELESS,NOT_TIME_KEYED,q_3b2665fb@rerun_24h,rerun_24h
p_q_bad81eda_3,SAME,JUDGE_DISAGREEMENT,0,validity_judge_disagreement,triviaqa,(none),TIMELESS,NOT_TIME_KEYED,q_bad81eda@rerun_24h,rerun_24h
p_q_87ca114c_2,SAME,VALID_AT_T,1,,triviaqa,(none),TIMELESS,NOT_TIME_KEYED,q_87ca114c@rerun_24h,rerun_24h
p_q_bd3621d0_0,JUDGE_DISAGREEMENT,VALID_AT_T,0,paraphrase_judge_disagreement,triviaqa,(none),TIMELESS,NOT_TIME_KEYED,q_bd3621d0@rerun_24h,rerun_24h
p_q_f618e806_0,SAME,JUDGE_DISAGREEMENT,0,validity_judge_disagreement,triviaqa,(none),TIMELESS,NOT_TIME_KEYED,q_f618e806@rerun_24h,rerun_24h
p_q_cd6b4ea7_1,SAME,INDETERMINATE_AT_T,0,validity_indeterminate_at_t,triviaqa,(none),TIMELESS,NOT_TIME_KEYED,q_cd6b4ea7@rerun_24h,rerun_24h
p_q_44d9dff7_3,SAME,VALID_AT_T,1,,triviaqa,(none),TIMELESS,NOT_TIME_KEYED,q_44d9dff7@rerun_24h,rerun_24h
p_q_f7de9f4e_0,SAME,VALID_AT_T,1,,triviaqa,(none),TIMELESS,NOT_TIME_KEYED,q_f7de9f4e@rerun_24h,rerun_24h
p_q_0263c2b0_2,SAME,INDETERMINATE_AT_T,0,validity_indeterminate_at_t,triviaqa,(none),TIMELESS,NOT_TIME_KEYED,q_0263c2b0@rerun_24h,rerun_24h
p_q_96b1bf1a_1,SAME,VALID_AT_T,1,,triviaqa,(none),TIMELESS,NOT_TIME_KEYED,q_96b1bf1a@rerun_24h,rerun_24h
p_q_bd9e6870_0,SAME,SUPERSEDED_AT_T,0,validity_superseded_at_t,triviaqa,(none),TIMELESS,NOT_TIME_KEYED,q_bd9e6870@rerun_24h,rerun_24h
p_q_c83007d1_2,SAME,VALID_AT_T,1,,triviaqa,(none),TIMELESS,NOT_TIME_KEYED,q_c83007d1@rerun_24h,rerun_24h
p_q_23265c46_2,SAME,VALID_AT_T,1,,triviaqa,(none),TIMELESS,NOT_TIME_KEYED,q_23265c46@rerun_24h,rerun_24h
p_q_cd2a5fda_2,SAME,JUDGE_DISAGREEMENT,0,validity_judge_disagreement,freshqa,2022,TIMELESS,SINGLE_YEAR,q_cd2a5fda@rerun_24h,rerun_24h
p_q_df76af12_0,SAME,INDETERMINATE_AT_T,0,validity_indeterminate_at_t,triviaqa,(none),TIMELESS,NOT_TIME_KEYED,q_df76af12@rerun_24h,rerun_24h
q_32711fba,BASE_QUERY,JUDGE_DISAGREEMENT,0,validity_judge_disagreement,triviaqa,(none),TIMELESS,NOT_TIME_KEYED,q_32711fba@rerun_12h,rerun_12h
q_10c25152,BASE_QUERY,VALID_AT_T,1,,triviaqa,(none),TIMELESS,NOT_TIME_KEYED,q_10c25152@rerun_24h,rerun_24h
q_e7deca78,BASE_QUERY,INDETERMINATE_AT_T,0,validity_indeterminate_at_t,triviaqa,(none),TIMELESS,NOT_TIME_KEYED,q_e7deca78@rerun_1h,rerun_1h
q_5f279acb,BASE_QUERY,JUDGE_DISAGREEMENT,0,validity_judge_disagreement,freshqa,before 2022,TIMELESS,SINGLE_YEAR,q_5f279acb@rerun_1h,rerun_1h
q_00b36de6,BASE_QUERY,INDETERMINATE_AT_T,0,validity_indeterminate_at_t,triviaqa,(none),TIMELESS,NOT_TIME_KEYED,q_00b36de6@rerun_24h,rerun_24h
q_fdca6dd5,BASE_QUERY,INDETERMINATE_AT_T,0,validity_indeterminate_at_t,triviaqa,(none),TIMELESS,NOT_TIME_KEYED,q_fdca6dd5@rerun_12h,rerun_12h
q_440c74b3,BASE_QUERY,VALID_AT_T,1,,triviaqa,(none),TIMELESS,NOT_TIME_KEYED,q_440c74b3@rerun_1h,rerun_1h
q_4efb2d83,BASE_QUERY,VALID_AT_T,1,,triviaqa,(none),TIMELESS,NOT_TIME_KEYED,q_4efb2d83@rerun_24h,rerun_24h
q_0e3fb3ca,BASE_QUERY,VALID_AT_T,1,,triviaqa,(none),TIMELESS,NOT_TIME_KEYED,q_0e3fb3ca@rerun_24h,rerun_24h
q_e3c14282,BASE_QUERY,VALID_AT_T,1,,triviaqa,(none),TIMELESS,NOT_TIME_KEYED,q_e3c14282@rerun_12h,rerun_12h
q_db354b10,BASE_QUERY,VALID_AT_T,1,,triviaqa,(none),TIMELESS,NOT_TIME_KEYED,q_db354b10@rerun_1h,rerun_1h
q_450e7484,BASE_QUERY,VALID_AT_T,1,,triviaqa,(none),TIMELESS,NOT_TIME_KEYED,q_450e7484@rerun_24h,rerun_24h
q_09b65984,BASE_QUERY,VALID_AT_T,1,,triviaqa,(none),TIMELESS,NOT_TIME_KEYED,q_09b65984@rerun_1h,rerun_1h
q_21593fd1,BASE_QUERY,JUDGE_DISAGREEMENT,0,validity_judge_disagreement,triviaqa,(none),TIMELESS,NOT_TIME_KEYED,q_21593fd1@rerun_1h,rerun_1h
q_e2f9f525,BASE_QUERY,VALID_AT_T,1,,temporal_align_qa,2023,SLOW,VOLATILE,q_e2f9f525@rerun_24h,rerun_24h
p_q_54cc8f89_3,SAME,JUDGE_DISAGREEMENT,0,validity_judge_disagreement,temporal_align_qa,2023,FAST,VOLATILE,q_54cc8f89@rerun_24h,rerun_24h
p_q_4913788c_1,SAME,INDETERMINATE_AT_T,0,validity_indeterminate_at_t,temporal_align_qa,2023,SLOW,VOLATILE,q_4913788c@rerun_24h,rerun_24h
q_92b21278,BASE_QUERY,SUPERSEDED_AT_T,0,validity_superseded_at_t,temporal_align_qa,2023,FAST,VOLATILE,q_92b21278@rerun_24h,rerun_24h
p_q_56a62a28_2,SAME,JUDGE_DISAGREEMENT,0,validity_judge_disagreement,temporal_align_qa,2023,FAST,VOLATILE,q_56a62a28@rerun_24h,rerun_24h
p_q_e6bc0a36_3,SAME,JUDGE_DISAGREEMENT,0,validity_judge_disagreement,temporal_align_qa,2023,FAST,VOLATILE,q_e6bc0a36@rerun_24h,rerun_24h
q_f1d321db,BASE_QUERY,SUPERSEDED_AT_T,0,validity_superseded_at_t,temporal_align_qa,2023,MEDIUM,VOLATILE,q_f1d321db@rerun_12h,rerun_12h
p_q_41540d4e_1,SAME,VALID_AT_T,1,,triviaqa,(none),TIMELESS,NOT_TIME_KEYED,q_41540d4e@rerun_24h,rerun_24h
