base_query_id,base_query,gold_answer,n_aliases,gold_source,original_gold_year,n_requests,volatility,years_annotated,n_years_annotated,latest_annotated_year,years_gap_to_corpus,n_distinct_answer_sets,stable_across_annotated_years,gold_equals_latest_annotated,gold_differs_from_some_annotated_year,answer_at_latest_year,freshqa_next_review,freshqa_fact_type,freshqa_false_premise,note
q_008dbbf5,"The cyclepath/footpath in Devon which follows the Rivers Taw and Torridge is named after which eponymous persecuted animal in the 1926 book by Henry Williamson, made into a film in 1979?",TARKA THE OTTER,4,triviaqa,,1,NOT_TIME_KEYED,,0,,,,,,,,,,,TriviaQA carries no year-keyed annotation
q_0095371b,In which city was the ILCA 7 World Championship held?,The Hague,1,temporal_align_qa,2023,1,VOLATILE,"2000,2001,2002,2003,2004,2005,2006,2007,2008,2009,2010,2011,2012,2013,2014,2015,2016,2017,2018,2019,2020,2021,2022,2023",24,2023,3,24,0,1,1,the hague,,,,24 distinct answer sets across 24 years
q_00b36de6,Which game has the nickname 'Nero's Game' and is probably the oldest dice game still played?,BACKGAMMON,12,triviaqa,,1,NOT_TIME_KEYED,,0,,,,,,,,,,,TriviaQA carries no year-keyed annotation
q_01679395,Which cyclist came third in the most recent La Flèche Wallonne Féminine?,Gaia Realini,1,temporal_align_qa,2023,1,VOLATILE,"2000,2001,2002,2003,2004,2005,2006,2007,2008,2009,2010,2011,2012,2013,2014,2015,2016,2017,2018,2019,2020,2021,2022,2023",24,2023,3,15,0,1,1,gaia realini,,,,15 distinct answer sets across 24 years
q_01db3ce8,Who partnered Robert Palmer as lead vocalist in the 1970'sband 'Vinegar Joe'?,ELKIE BROOKS,12,triviaqa,,1,NOT_TIME_KEYED,,0,,,,,,,,,,,TriviaQA carries no year-keyed annotation
q_0263c2b0,The River Thames has its source in which county?,Gloucestershire,12,triviaqa,,1,NOT_TIME_KEYED,,0,,,,,,,,,,,TriviaQA carries no year-keyed annotation
q_02665be9,Which television series does Damien Garvey appear in?,The Artful Dodger,1,temporal_align_qa,2023,1,VOLATILE,"2000,2001,2002,2003,2004,2005,2006,2007,2008,2009,2010,2011,2012,2013,2014,2015,2016,2017,2018,2019,2020,2021,2022,2023",24,2023,3,24,0,1,1,the artful dodger,,,,24 distinct answer sets across 24 years
q_02819f41,"What is the name of the principal currently in office at St Clare's College, Waverley?",Ann Freeman,1,temporal_align_qa,2023,1,VOLATILE,"2000,2001,2002,2003,2004,2005,2006,2007,2008,2009,2010,2011,2012,2013,2014,2015,2016,2017,2018,2019,2020,2021,2022,2023",24,2023,3,7,0,1,1,ann freeman,,,,7 distinct answer sets across 24 years
q_02895ac6,Who was the trainer of the horse that won the latest Galway Hurdle?,Willie Mullins,1,temporal_align_qa,2023,1,VOLATILE,"2000,2001,2002,2003,2004,2005,2006,2007,2008,2009,2010,2011,2012,2013,2014,2015,2016,2017,2018,2019,2020,2021,2022,2023",24,2023,3,14,0,1,1,willie mullins,,,,14 distinct answer sets across 24 years
q_02dd7c17,Who is the current representative of California's 31st congressional district?,100px Pete Aguilar,3,temporal_align_qa,2023,1,VOLATILE,"2000,2001,2002,2003,2004,2005,2006,2007,2008,2009,2010,2011,2012,2013,2014,2015,2016,2017,2018,2019,2020,2021,2022,2023",24,2023,3,6,0,1,1,100px gary miller | 100px grace napolitano | 100px pete aguilar,,,,6 distinct answer sets across 24 years
q_02fa4ec7,Who was the top league scorer for Everton F.C.?,D. McNeil,1,temporal_align_qa,2023,1,VOLATILE,"2000,2001,2002,2003,2004,2005,2006,2007,2008,2009,2010,2011,2012,2013,2014,2015,2016,2017,2018,2019,2020,2021,2022,2023",24,2023,3,22,0,1,1,d. mcneil,,,,22 distinct answer sets across 24 years
q_032b7664,Who are presenting the trophy at the Kentucky Derby?,Rebecca Lowe and Ahmed Fareed,1,temporal_align_qa,2023,1,VOLATILE,"2000,2001,2002,2003,2004,2005,2006,2007,2008,2009,2010,2011,2012,2013,2014,2015,2016,2017,2018,2019,2020,2021,2022,2023",24,2023,3,10,0,1,1,rebecca lowe and ahmed fareed,,,,10 distinct answer sets across 24 years
q_039dd524,From what school did the latest Dan Hodge Trophy winner come from?,Michigan,1,temporal_align_qa,2023,2,VOLATILE,"2000,2001,2002,2003,2004,2005,2006,2007,2008,2009,2010,2011,2012,2013,2014,2015,2016,2017,2018,2019,2020,2021,2022,2023",24,2023,3,15,0,1,1,michigan,,,,15 distinct answer sets across 24 years
q_03f72c57,Where was the last FA Trophy final held?,Wembley Stadium,1,temporal_align_qa,2023,1,VOLATILE,"2000,2001,2002,2003,2004,2005,2006,2007,2008,2009,2010,2011,2012,2013,2014,2015,2016,2017,2018,2019,2020,2021,2022,2023",24,2023,3,5,0,1,1,wembley stadium,,,,5 distinct answer sets across 24 years
q_04a0842f,In what city did the first successful heart transplant from a pig to a human patient take place?,Baltimore,5,freshqa,2022,1,SINGLE_YEAR,2022,1,2022,4,,,1,,,,never-changing,,"FreshQA carries a single effective_year, not a year series — volatility UNDETERMINED; next_review='', fact_type='never-changing'"
q_04a7276c,What type of bird is a ptarmigan?,Grouse,6,triviaqa,,1,NOT_TIME_KEYED,,0,,,,,,,,,,,TriviaQA carries no year-keyed annotation
q_04bb5dc1,Which horse won the Chesham Stakes most recently?,Snellen,1,temporal_align_qa,2023,1,VOLATILE,"2000,2001,2002,2003,2004,2005,2006,2007,2008,2009,2010,2011,2012,2013,2014,2015,2016,2017,2018,2019,2020,2021,2022,2023",24,2023,3,24,0,1,1,snellen,,,,24 distinct answer sets across 24 years
q_056f7935,Which city is the home of the most recent champion of the Campeonato Paulista Série A3?,Capivari,1,temporal_align_qa,2023,1,VOLATILE,"2000,2001,2002,2003,2004,2005,2006,2007,2008,2009,2010,2011,2012,2013,2014,2015,2016,2017,2018,2019,2020,2021,2022,2023",24,2023,3,20,0,1,1,capivari,,,,20 distinct answer sets across 24 years
q_06267d08,Who were the editors of the 'Varsity' (Cambridge) publication in the Michaelmas term most recently?,Megan Byrom & Famke Veenstra-Ashmore,3,temporal_align_qa,2023,1,VOLATILE,"2000,2001,2002,2003,2004,2005,2006,2007,2008,2009,2010,2011,2012,2013,2014,2015,2016,2017,2018,2019,2020,2021,2022,2023",24,2023,3,24,0,1,1,hannah gillott & erik olsson | isabel dempsey & taneesha datta | megan byrom & famke veenstra-ashmore,,,,24 distinct answer sets across 24 years
q_06c15fe9,What colour is Santa Claus' belt?,Black,12,triviaqa,,1,NOT_TIME_KEYED,,0,,,,,,,,,,,TriviaQA carries no year-keyed annotation
q_083bf58e,Who is the current kit supplier for the Peru national football team?,Germany Adidas,1,temporal_align_qa,2023,1,VOLATILE,"2000,2001,2002,2003,2004,2005,2006,2007,2008,2009,2010,2011,2012,2013,2014,2015,2016,2017,2018,2019,2020,2021,2022,2023",24,2023,3,6,0,1,1,germany adidas,,,,6 distinct answer sets across 24 years
q_0862570f,Who holds the position of representative for Utah's 4th congressional district?,Burgess Owens,1,temporal_align_qa,2023,1,VOLATILE,"2000,2001,2002,2003,2004,2005,2006,2007,2008,2009,2010,2011,2012,2013,2014,2015,2016,2017,2018,2019,2020,2021,2022,2023",24,2023,3,9,0,1,1,burgess owens,,,,9 distinct answer sets across 24 years
q_0899721b,Who is the University of California student regent?,Marlenee Blas Pedral,2,temporal_align_qa,2023,1,VOLATILE,"2000,2001,2002,2003,2004,2005,2006,2007,2008,2009,2010,2011,2012,2013,2014,2015,2016,2017,2018,2019,2020,2021,2022,2023",24,2023,3,24,0,1,1,marlenee blas pedral | merhawi tesfai,,,,24 distinct answer sets across 24 years
q_091915f0,Which horse won the Persian War Novices' Hurdle recently?,Captain Teague,1,temporal_align_qa,2023,1,VOLATILE,"2000,2001,2002,2003,2004,2005,2006,2007,2008,2009,2010,2011,2012,2013,2014,2015,2016,2017,2018,2019,2020,2021,2022,2023",24,2023,3,24,0,1,1,captain teague,,,,24 distinct answer sets across 24 years
q_091c3460,Which basketball team is the most recent runner-up in the Georgian Superliga?,BC Rustavi,1,temporal_align_qa,2023,1,VOLATILE,"2000,2001,2002,2003,2004,2005,2006,2007,2008,2009,2010,2011,2012,2013,2014,2015,2016,2017,2018,2019,2020,2021,2022,2023",24,2023,3,20,0,1,1,bc rustavi,,,,20 distinct answer sets across 24 years
q_093b18d5,Who owned the winning horse in the latest Takamatsunomiya Kinen?,Koji Yasuhara,1,temporal_align_qa,2023,1,VOLATILE,"2000,2001,2002,2003,2004,2005,2006,2007,2008,2009,2010,2011,2012,2013,2014,2015,2016,2017,2018,2019,2020,2021,2022,2023",24,2023,3,23,0,1,1,koji yasuhara,,,,23 distinct answer sets across 24 years
q_09b65984,What is the chemical compound Calcium Oxide commonly known as?,Quicklime (or burnt lime),2,triviaqa,,1,NOT_TIME_KEYED,,0,,,,,,,,,,,TriviaQA carries no year-keyed annotation
q_0a3d5709,Which football club is the current champion of the NIFL Championship?,Loughgall,1,temporal_align_qa,2023,1,VOLATILE,"2000,2001,2002,2003,2004,2005,2006,2007,2008,2009,2010,2011,2012,2013,2014,2015,2016,2017,2018,2019,2020,2021,2022,2023",24,2023,3,23,0,1,1,loughgall,,,,23 distinct answer sets across 24 years
q_0a45943e,Carl XVI Gustav became king of which European country in September 1973?,Sweden,12,triviaqa,,1,NOT_TIME_KEYED,,0,,,,,,,,,,,TriviaQA carries no year-keyed annotation
q_0a6fd0c3,Who is the jockey that rode the latest winning horse in the Prix Jean-Luc Lagardère?,Sean Levey,1,temporal_align_qa,2023,2,VOLATILE,"2000,2001,2002,2003,2004,2005,2006,2007,2008,2009,2010,2011,2012,2013,2014,2015,2016,2017,2018,2019,2020,2021,2022,2023",24,2023,3,16,0,1,1,sean levey,,,,16 distinct answer sets across 24 years
q_0abe1d0e,What was the number of conference wins achieved by the Clemson Tigers men's soccer team in their latest season?,4,1,temporal_align_qa,2023,1,VOLATILE,"2000,2001,2002,2003,2004,2005,2006,2007,2008,2009,2010,2011,2012,2013,2014,2015,2016,2017,2018,2019,2020,2021,2022,2023",24,2023,3,6,0,1,1,4,,,,6 distinct answer sets across 24 years
q_0b649394,The War of Jenkins' Ear was part of which bigger war?,Austrian Succession,12,triviaqa,,1,NOT_TIME_KEYED,,0,,,,,,,,,,,TriviaQA carries no year-keyed annotation
q_0bf77f06,Who is the PFA Scotland Players' Player of the Year for the Scottish Championship?,Dipo Akinyemi,1,temporal_align_qa,2023,1,VOLATILE,"2000,2001,2002,2003,2004,2005,2006,2007,2008,2009,2010,2011,2012,2013,2014,2015,2016,2017,2018,2019,2020,2021,2022,2023",24,2023,3,24,0,1,1,dipo akinyemi,,,,24 distinct answer sets across 24 years
q_0c3fca22,What is the name of the index of average daily prices on the New York Stock Exchange?,Dow Jones,12,triviaqa,,1,NOT_TIME_KEYED,,0,,,,,,,,,,,TriviaQA carries no year-keyed annotation
q_0c4788f0,Welsh singer Michael Barratt is better known by which name?,Shakin' Stevens,6,triviaqa,,2,NOT_TIME_KEYED,,0,,,,,,,,,,,TriviaQA carries no year-keyed annotation
q_0c61ace3,Which athlete won the Giant Slalom Men's World Cup?,Marco Odermatt,1,temporal_align_qa,2023,1,VOLATILE,"2000,2001,2002,2003,2004,2005,2006,2007,2008,2009,2010,2011,2012,2013,2014,2015,2016,2017,2018,2019,2020,2021,2022,2023",24,2023,3,12,0,1,1,marco odermatt,,,,12 distinct answer sets across 24 years
q_0c7e44a5,Who is the current senator representing the Lagos West Senatorial District?,Oluranti Adebule,2,temporal_align_qa,2023,2,VOLATILE,"2000,2001,2002,2003,2004,2005,2006,2007,2008,2009,2010,2011,2012,2013,2014,2015,2016,2017,2018,2019,2020,2021,2022,2023",24,2023,3,8,0,1,1,oluranti adebule | solomon adeola,,,,8 distinct answer sets across 24 years
q_0d1a4b7c,Who was the jockey riding the horse that recently won the Portland Handicap?,Rossa Ryan,1,temporal_align_qa,2023,1,VOLATILE,"2000,2001,2002,2003,2004,2005,2006,2007,2008,2009,2010,2011,2012,2013,2014,2015,2016,2017,2018,2019,2020,2021,2022,2023",24,2023,3,21,0,1,1,rossa ryan,,,,21 distinct answer sets across 24 years
q_0da13098,What is the motto of the current Frankfurt Book Fair?,Honeycomb of Words,1,temporal_align_qa,2023,1,VOLATILE,"2000,2001,2002,2003,2004,2005,2006,2007,2008,2009,2010,2011,2012,2013,2014,2015,2016,2017,2018,2019,2020,2021,2022,2023",24,2023,3,23,0,1,1,honeycomb of words,,,,23 distinct answer sets across 24 years
q_0df35e70,Who trained the winning horse of the Celebration Mile?,Ralph Beckett,1,temporal_align_qa,2023,1,VOLATILE,"2000,2001,2002,2003,2004,2005,2006,2007,2008,2009,2010,2011,2012,2013,2014,2015,2016,2017,2018,2019,2020,2021,2022,2023",24,2023,3,15,0,1,1,ralph beckett,,,,15 distinct answer sets across 24 years
q_0e39d599,What role did Larry Joe Campbell play in his most recent television series appearance?,Park Ranger,1,temporal_align_qa,2023,1,VOLATILE,"2000,2001,2002,2003,2004,2005,2006,2007,2008,2009,2010,2011,2012,2013,2014,2015,2016,2017,2018,2019,2020,2021,2022,2023",24,2023,3,21,0,1,1,park ranger,,,,21 distinct answer sets across 24 years
q_0e3fb3ca,"What famous event for daredevils happens in Pamplona, Spain?",Running of the Bulls,11,triviaqa,,2,NOT_TIME_KEYED,,0,,,,,,,,,,,TriviaQA carries no year-keyed annotation
q_0f14ed28,Fernando Alonso drives for which F1 team?,Scuderia FERRARI,9,triviaqa,,1,NOT_TIME_KEYED,,0,,,,,,,,,,,TriviaQA carries no year-keyed annotation
q_10399b97,Which team does the top scorer of the 2. Liga in Slovakia play for?,Tatran Prešov,1,temporal_align_qa,2023,1,VOLATILE,"2000,2001,2002,2003,2004,2005,2006,2007,2008,2009,2010,2011,2012,2013,2014,2015,2016,2017,2018,2019,2020,2021,2022,2023",24,2023,3,21,0,1,1,tatran prešov,,,,21 distinct answer sets across 24 years
q_10c25152,Who was appointed the first woman cabinet minister in the UK?,Margaret Bondfield,4,triviaqa,,2,NOT_TIME_KEYED,,0,,,,,,,,,,,TriviaQA carries no year-keyed annotation
q_10fbddc5,Which artists won the Grammy Award for Best Large Jazz Ensemble Album most recently?,"Steven Feifke, Bijon Watson & the Generation Gap Jazz Orchestra",1,temporal_align_qa,2023,1,VOLATILE,"2000,2001,2002,2003,2004,2005,2006,2007,2008,2009,2010,2011,2012,2013,2014,2015,2016,2017,2018,2019,2020,2021,2022,2023",24,2023,3,20,0,1,1,"steven feifke, bijon watson & the generation gap jazz orchestra",,,,20 distinct answer sets across 24 years
q_113fc559,Who is the most recent winner of the Beacon Award for the Fremantle Football Club?,Jye Amiss,1,temporal_align_qa,2023,1,VOLATILE,"2000,2001,2002,2003,2004,2005,2006,2007,2008,2009,2010,2011,2012,2013,2014,2015,2016,2017,2018,2019,2020,2021,2022,2023",24,2023,3,24,0,1,1,jye amiss,,,,24 distinct answer sets across 24 years
q_12d05949,Which jockey rode the winning horse in the latest Superlative Stakes?,Ryan Moore,1,temporal_align_qa,2023,1,VOLATILE,"2000,2001,2002,2003,2004,2005,2006,2007,2008,2009,2010,2011,2012,2013,2014,2015,2016,2017,2018,2019,2020,2021,2022,2023",24,2023,3,15,0,1,1,ryan moore,,,,15 distinct answer sets across 24 years
q_134739ad,Who were the drivers of the winning four-wheeler team in the most recent Baja 1000?,Bryce Menzies Andy McMillin Tavo Vildósola,1,temporal_align_qa,2023,2,VOLATILE,"2000,2001,2002,2003,2004,2005,2006,2007,2008,2009,2010,2011,2012,2013,2014,2015,2016,2017,2018,2019,2020,2021,2022,2023",24,2023,3,19,0,1,1,bryce menzies andy mcmillin tavo vildósola,,,,19 distinct answer sets across 24 years
q_134c8d29,Who is serving as the chair of the Education Commission of the States?,Asa Hutchinson,2,temporal_align_qa,2023,1,VOLATILE,"2000,2001,2002,2003,2004,2005,2006,2007,2008,2009,2010,2011,2012,2013,2014,2015,2016,2017,2018,2019,2020,2021,2022,2023",24,2023,3,22,0,1,1,asa hutchinson | laura kelly,,,,22 distinct answer sets across 24 years
q_1387f241,What is the hometown of the reigning Miss Iowa Teen USA?,Ankeny,1,temporal_align_qa,2023,1,VOLATILE,"2000,2001,2002,2003,2004,2005,2006,2007,2008,2009,2010,2011,2012,2013,2014,2015,2016,2017,2018,2019,2020,2021,2022,2023",24,2023,3,19,0,1,1,ankeny,,,,19 distinct answer sets across 24 years
q_13a1eaa3,Who is the current head coach of the Denver Nuggets?,Michael Malone,1,temporal_align_qa,2023,1,VOLATILE,"2000,2001,2002,2003,2004,2005,2006,2007,2008,2009,2010,2011,2012,2013,2014,2015,2016,2017,2018,2019,2020,2021,2022,2023",24,2023,3,11,0,1,1,michael malone,,,,11 distinct answer sets across 24 years
q_13b3027b,What is the most recent achievement of the Club La Matica basketball team?,Potros de La Matica,2,temporal_align_qa,2023,1,VOLATILE,"2000,2001,2002,2003,2004,2005,2006,2007,2008,2009,2010,2011,2012,2013,2014,2015,2016,2017,2018,2019,2020,2021,2022,2023",24,2023,3,7,0,1,1,champion | potros de la matica,,,,7 distinct answer sets across 24 years
q_13dd3bf9,Who is the current British champion in triple jump for men?,Efe Uwaifo,1,temporal_align_qa,2023,1,VOLATILE,"2000,2001,2002,2003,2004,2005,2006,2007,2008,2009,2010,2011,2012,2013,2014,2015,2016,2017,2018,2019,2020,2021,2022,2023",24,2023,3,8,0,1,1,efe uwaifo,,,,8 distinct answer sets across 24 years
q_145203c8,Who was the jockey that rode the winning horse in the most recent Preis von Europa?,Rene Piechulek,1,temporal_align_qa,2023,1,VOLATILE,"2000,2001,2002,2003,2004,2005,2006,2007,2008,2009,2010,2011,2012,2013,2014,2015,2016,2017,2018,2019,2020,2021,2022,2023",24,2023,3,17,0,1,1,rene piechulek,,,,17 distinct answer sets across 24 years
q_14607683,Which trainer prepared the winning horse of the latest Norfolk Stakes (Great Britain)?,Adrian Murray,1,temporal_align_qa,2023,2,VOLATILE,"2000,2001,2002,2003,2004,2005,2006,2007,2008,2009,2010,2011,2012,2013,2014,2015,2016,2017,2018,2019,2020,2021,2022,2023",24,2023,3,17,0,1,1,adrian murray,,,,17 distinct answer sets across 24 years
q_1480c99d,What school recently claimed the title in the Iowa High School Athletic Association Baseball Summer 3A State Tournament?,Western Dubuque,1,temporal_align_qa,2023,1,VOLATILE,"2000,2001,2002,2003,2004,2005,2006,2007,2008,2009,2010,2011,2012,2013,2014,2015,2016,2017,2018,2019,2020,2021,2022,2023",24,2023,3,16,0,1,1,western dubuque,,,,16 distinct answer sets across 24 years
q_14993a2f,Who is the current Formula One World Drivers' Champion?,Max Verstappen,1,temporal_align_qa,2023,1,VOLATILE,"2000,2001,2002,2003,2004,2005,2006,2007,2008,2009,2010,2011,2012,2013,2014,2015,2016,2017,2018,2019,2020,2021,2022,2023",24,2023,3,8,0,1,1,max verstappen,,,,8 distinct answer sets across 24 years
q_15c4dc42,Who is the winner of the most recent Sierre-Zinal race?,Philemon Ombogo Kiriago,1,temporal_align_qa,2023,1,VOLATILE,"2000,2001,2002,2003,2004,2005,2006,2007,2008,2009,2010,2011,2012,2013,2014,2015,2016,2017,2018,2019,2020,2021,2022,2023",24,2023,3,11,0,1,1,philemon ombogo kiriago,,,,11 distinct answer sets across 24 years
q_15c687de,Who was the victorious driver in the Daytona 300 race?,Austin Hill,1,temporal_align_qa,2023,1,VOLATILE,"2000,2001,2002,2003,2004,2005,2006,2007,2008,2009,2010,2011,2012,2013,2014,2015,2016,2017,2018,2019,2020,2021,2022,2023",24,2023,3,14,0,1,1,austin hill,,,,14 distinct answer sets across 24 years
q_16bfd035,Where was the final of the latest Derry Senior Football Championship held?,Celtic Park,1,temporal_align_qa,2023,1,VOLATILE,"2000,2001,2002,2003,2004,2005,2006,2007,2008,2009,2010,2011,2012,2013,2014,2015,2016,2017,2018,2019,2020,2021,2022,2023",24,2023,3,5,0,1,1,celtic park,,,,5 distinct answer sets across 24 years
q_16e427cd,In which capital city is the Tivoli amusement park?,Copenhagen,12,triviaqa,,2,NOT_TIME_KEYED,,0,,,,,,,,,,,TriviaQA carries no year-keyed annotation
q_16f7110e,Which football club was the runner-up in the last KNVB Women's Cup final?,PSV,1,temporal_align_qa,2023,1,VOLATILE,"2000,2001,2002,2003,2004,2005,2006,2007,2008,2009,2010,2011,2012,2013,2014,2015,2016,2017,2018,2019,2020,2021,2022,2023",24,2023,3,20,0,1,1,psv,,,,20 distinct answer sets across 24 years
q_1719b6dd,Who is the director of the film that won the most recent Sonje Award at the Busan International Film Festival?,"Jeon Do-hee, Kim So-hee",2,temporal_align_qa,2023,1,VOLATILE,"2000,2001,2002,2003,2004,2005,2006,2007,2008,2009,2010,2011,2012,2013,2014,2015,2016,2017,2018,2019,2020,2021,2022,2023",24,2023,3,24,0,1,1,"jeon do-hee, kim so-hee | nasreen mohammadpur",,,,24 distinct answer sets across 24 years
q_177880b1,Who is the head coach of the Washington Mystics?,Eric Thibault,1,temporal_align_qa,2023,1,VOLATILE,"2000,2001,2002,2003,2004,2005,2006,2007,2008,2009,2010,2011,2012,2013,2014,2015,2016,2017,2018,2019,2020,2021,2022,2023",24,2023,3,11,0,1,1,eric thibault,,,,11 distinct answer sets across 24 years
q_17f33f25,Which language has the third largest population by total number of speakers?,Hindi,1,freshqa,before 2022,1,SINGLE_YEAR,before 2022,1,before 2022,,,,1,,,occasionally,slow-changing,,"FreshQA carries a single effective_year, not a year series — volatility UNDETERMINED; next_review='occasionally', fact_type='slow-changing'"
q_180c42e7,Which horse won the most recent Nassau Stakes?,Al Husn,1,temporal_align_qa,2023,1,VOLATILE,"2000,2001,2002,2003,2004,2005,2006,2007,2008,2009,2010,2011,2012,2013,2014,2015,2016,2017,2018,2019,2020,2021,2022,2023",24,2023,3,22,0,1,1,al husn,,,,22 distinct answer sets across 24 years
q_1816d40e,Which video game did Vanessa Marshall voice a character in?,Justice League: Cosmic Chaos,2,temporal_align_qa,2023,1,VOLATILE,"2000,2001,2002,2003,2004,2005,2006,2007,2008,2009,2010,2011,2012,2013,2014,2015,2016,2017,2018,2019,2020,2021,2022,2023",24,2023,3,24,0,1,1,justice league: cosmic chaos | mortal kombat: onslaught,,,,24 distinct answer sets across 24 years
q_18279081,Who currently serves as the speaker of the Alaska House of Representatives?,Louise Stutes,2,temporal_align_qa,2023,1,VOLATILE,"2000,2001,2002,2003,2004,2005,2006,2007,2008,2009,2010,2011,2012,2013,2014,2015,2016,2017,2018,2019,2020,2021,2022,2023",24,2023,3,12,0,1,1,cathy tilton | louise stutes,,,,12 distinct answer sets across 24 years
q_18350211,Which Major League Soccer team had the lowest average attendance?,Houston Dynamo FC,1,temporal_align_qa,2023,1,VOLATILE,"2000,2001,2002,2003,2004,2005,2006,2007,2008,2009,2010,2011,2012,2013,2014,2015,2016,2017,2018,2019,2020,2021,2022,2023",24,2023,3,13,0,1,1,houston dynamo fc,,,,13 distinct answer sets across 24 years
q_18c91502,"""What is a synonym for """"irritable""""?""",Crotchety,2,triviaqa,,1,NOT_TIME_KEYED,,0,,,,,,,,,,,TriviaQA carries no year-keyed annotation
q_18f5cfa8,Who is the current elected representative of the Electoral district of Pittwater?,Rob Stokes,2,temporal_align_qa,2023,1,VOLATILE,"2000,2001,2002,2003,2004,2005,2006,2007,2008,2009,2010,2011,2012,2013,2014,2015,2016,2017,2018,2019,2020,2021,2022,2023",24,2023,3,6,0,1,1,rob stokes | rory amon,,,,6 distinct answer sets across 24 years
q_19312ca9,What's the latest project Victor Webster has worked on?,The Wedding Veil Journey,2,temporal_align_qa,2023,1,VOLATILE,"2000,2001,2002,2003,2004,2005,2006,2007,2008,2009,2010,2011,2012,2013,2014,2015,2016,2017,2018,2019,2020,2021,2022,2023",24,2023,3,24,0,1,1,mystery on mistletoe lane | the wedding veil journey,,,,24 distinct answer sets across 24 years
q_196f0aca,When did the current manager of Stoke City F.C. begin their term?,December 2023,3,temporal_align_qa,2023,1,VOLATILE,"2000,2001,2002,2003,2004,2005,2006,2007,2008,2009,2010,2011,2012,2013,2014,2015,2016,2017,2018,2019,2020,2021,2022,2023",24,2023,3,13,0,1,1,august 2022 – december 2023 | december 2023 | december 2023 – present,,,,13 distinct answer sets across 24 years
q_19e1347b,Where was the most recent Opening Day game for the Los Angeles Angels held?,RingCentral Coliseum,1,temporal_align_qa,2023,1,VOLATILE,"2000,2001,2002,2003,2004,2005,2006,2007,2008,2009,2010,2011,2012,2013,2014,2015,2016,2017,2018,2019,2020,2021,2022,2023",24,2023,3,9,0,1,1,ringcentral coliseum,,,,9 distinct answer sets across 24 years
q_1b42ed48,Which professional wrestling promotion hosted the latest event at the Tokyo Dome?,NOAH,2,temporal_align_qa,2023,1,VOLATILE,"2000,2001,2002,2003,2004,2005,2006,2007,2008,2009,2010,2011,2012,2013,2014,2015,2016,2017,2018,2019,2020,2021,2022,2023",24,2023,3,7,0,1,1,njpw | noah,,,,7 distinct answer sets across 24 years
q_1c1961cd,In what country was the current Miss World born?,Poland,1,freshqa,2022,1,SINGLE_YEAR,2022,1,2022,4,,,1,,,frequently,fast-changing,,"FreshQA carries a single effective_year, not a year series — volatility UNDETERMINED; next_review='frequently', fact_type='fast-changing'"
q_1c20f8ba,What slogan is featured on a current specialty license plate in Wisconsin?,Share The Road,9,temporal_align_qa,2023,1,VOLATILE,"2000,2001,2002,2003,2004,2005,2006,2007,2008,2009,2010,2011,2012,2013,2014,2015,2016,2017,2018,2019,2020,2021,2022,2023",24,2023,3,6,0,1,1,"""ducks unlimited"" screened in red centered at bottom | amateur radio | celebrate children | fleet in black centered at bottom | green bay packers | nurses change lives | salutes veterans | share the road | whitetails unlimited",,,,6 distinct answer sets across 24 years
q_1c3ba216,Which pair took home the bronze medal in the latest Nebelhorn Trophy Senior Pairs competition?,Annika Hocke / Robert Kunkel,1,temporal_align_qa,2023,1,VOLATILE,"2000,2001,2002,2003,2004,2005,2006,2007,2008,2009,2010,2011,2012,2013,2014,2015,2016,2017,2018,2019,2020,2021,2022,2023",24,2023,3,22,0,1,1,annika hocke / robert kunkel,,,,22 distinct answer sets across 24 years
q_1dc7b96e,Who is the most recent winner of the Turf Classic Stakes?,Up to the Mark,1,temporal_align_qa,2023,1,VOLATILE,"2000,2001,2002,2003,2004,2005,2006,2007,2008,2009,2010,2011,2012,2013,2014,2015,2016,2017,2018,2019,2020,2021,2022,2023",24,2023,3,21,0,1,1,up to the mark,,,,21 distinct answer sets across 24 years
q_1ed44863,Who is the current representative for Louisiana's 4th congressional district?,Mike Johnson,1,temporal_align_qa,2023,1,VOLATILE,"2000,2001,2002,2003,2004,2005,2006,2007,2008,2009,2010,2011,2012,2013,2014,2015,2016,2017,2018,2019,2020,2021,2022,2023",24,2023,3,5,0,1,1,mike johnson,,,,5 distinct answer sets across 24 years
q_1eee07b1,What is the title of the documentary narrated by Stephen Mangan?,Artist of the Year,6,temporal_align_qa,2023,1,VOLATILE,"2000,2001,2002,2003,2004,2005,2006,2007,2008,2009,2010,2011,2012,2013,2014,2015,2016,2017,2018,2019,2020,2021,2022,2023",24,2023,3,24,0,1,1,artist of the year | birds of a feather - 30 years of laughter | celebrity gogglebox | keeping up appearances - 30 years of laughs | one foot in the grave - 30 years of laughs | world's most dangerous roads,,,,24 distinct answer sets across 24 years
q_1ef14187,Which team took the victory at the most recent 12 Hours of Sebring race?,Whelen Engineering Racing,1,temporal_align_qa,2023,1,VOLATILE,"2000,2001,2002,2003,2004,2005,2006,2007,2008,2009,2010,2011,2012,2013,2014,2015,2016,2017,2018,2019,2020,2021,2022,2023",24,2023,3,16,0,1,1,whelen engineering racing,,,,16 distinct answer sets across 24 years
q_1fe5242d,Who was the jockey that rode the winning horse in the latest Hong Kong Sprint?,Zac Purton,1,temporal_align_qa,2023,1,VOLATILE,"2000,2001,2002,2003,2004,2005,2006,2007,2008,2009,2010,2011,2012,2013,2014,2015,2016,2017,2018,2019,2020,2021,2022,2023",24,2023,3,14,0,1,1,zac purton,,,,14 distinct answer sets across 24 years
q_1ff720ce,From which state is the senator who currently has the Candy Desk in the United States Senate?,Pennsylvania,2,temporal_align_qa,2023,1,VOLATILE,"2000,2001,2002,2003,2004,2005,2006,2007,2008,2009,2010,2011,2012,2013,2014,2015,2016,2017,2018,2019,2020,2021,2022,2023",24,2023,3,9,0,1,1,indiana | pennsylvania,,,,9 distinct answer sets across 24 years
q_20085526,Who is the National League Gold Glove Award winner for first base?,Christian Walker,1,temporal_align_qa,2023,1,VOLATILE,"2000,2001,2002,2003,2004,2005,2006,2007,2008,2009,2010,2011,2012,2013,2014,2015,2016,2017,2018,2019,2020,2021,2022,2023",24,2023,3,11,0,1,1,christian walker,,,,11 distinct answer sets across 24 years
q_2053c0d3,Who is the current Professional Referee of the Year in Belgian professional football?,Jonathan Lardot,1,temporal_align_qa,2023,1,VOLATILE,"2000,2001,2002,2003,2004,2005,2006,2007,2008,2009,2010,2011,2012,2013,2014,2015,2016,2017,2018,2019,2020,2021,2022,2023",24,2023,3,14,0,1,1,jonathan lardot,,,,14 distinct answer sets across 24 years
q_21078da3,Which pair is the runners-up in the Australian Open mixed doubles championship?,Sania Mirza Rohan Bopanna,1,temporal_align_qa,2023,1,VOLATILE,"2000,2001,2002,2003,2004,2005,2006,2007,2008,2009,2010,2011,2012,2013,2014,2015,2016,2017,2018,2019,2020,2021,2022,2023",24,2023,3,24,0,1,1,sania mirza rohan bopanna,,,,24 distinct answer sets across 24 years
q_21593fd1,"""The album """"Good Girl Gone Bad"""" was the number 1 selling album in the UK in 2009 with sales of 1.5 million. Who was the singer?""",RIHANNA,12,triviaqa,,2,NOT_TIME_KEYED,,0,,,,,,,,,,,TriviaQA carries no year-keyed annotation
q_226ccc1f,What is the latest release by Soulfly?,*Totem,1,temporal_align_qa,2023,1,VOLATILE,"2000,2001,2002,2003,2004,2005,2006,2007,2008,2009,2010,2011,2012,2013,2014,2015,2016,2017,2018,2019,2020,2021,2022,2023",24,2023,3,12,0,1,1,*totem,,,,12 distinct answer sets across 24 years
q_22adabe9,What was the model name of the Williams Grand Prix Engineering car that had USA Logan Sargeant and THA Alexander Albon as drivers?,FW45,1,temporal_align_qa,2023,1,VOLATILE,"2000,2001,2002,2003,2004,2005,2006,2007,2008,2009,2010,2011,2012,2013,2014,2015,2016,2017,2018,2019,2020,2021,2022,2023",24,2023,3,24,0,1,1,fw45,,,,24 distinct answer sets across 24 years
q_23194df6,Who is the President of the East Texas Yamboree for the current festival?,Abigail Elaine Stewart,1,temporal_align_qa,2023,1,VOLATILE,"2000,2001,2002,2003,2004,2005,2006,2007,2008,2009,2010,2011,2012,2013,2014,2015,2016,2017,2018,2019,2020,2021,2022,2023",24,2023,3,24,0,1,1,abigail elaine stewart,,,,24 distinct answer sets across 24 years
q_23265c46,El Capitan was free climbed is January 2015 - in which US National Park is it found?,YOSEMITE,12,triviaqa,,1,NOT_TIME_KEYED,,0,,,,,,,,,,,TriviaQA carries no year-keyed annotation
q_23baebab,What character was portrayed by the winner of the most recent Metro Manila Film Festival Award for Best Actress?,Eileen,4,temporal_align_qa,2023,1,VOLATILE,"2000,2001,2002,2003,2004,2005,2006,2007,2008,2009,2010,2011,2012,2013,2014,2015,2016,2017,2018,2019,2020,2021,2022,2023",24,2023,3,24,0,1,1,azon | eileen | maricar | mary,,,,24 distinct answer sets across 24 years
q_2520c5d9,Which duo won the gold medal in the European Beach Volleyball Championship most recently?,David Åhman Jonatan Hellvig,1,temporal_align_qa,2023,1,VOLATILE,"2000,2001,2002,2003,2004,2005,2006,2007,2008,2009,2010,2011,2012,2013,2014,2015,2016,2017,2018,2019,2020,2021,2022,2023",24,2023,3,14,0,1,1,david åhman jonatan hellvig,,,,14 distinct answer sets across 24 years
q_25725075,Which team is the current champion of the Liga Departamental de Áncash?,San Marcos,1,temporal_align_qa,2023,1,VOLATILE,"2000,2001,2002,2003,2004,2005,2006,2007,2008,2009,2010,2011,2012,2013,2014,2015,2016,2017,2018,2019,2020,2021,2022,2023",24,2023,3,12,0,1,1,san marcos,,,,12 distinct answer sets across 24 years
q_25a74024,Who is one of the current hosts of Vision Australia's Carols by Candlelight?,Sarah Abo and David Campbell,1,temporal_align_qa,2023,1,VOLATILE,"2000,2001,2002,2003,2004,2005,2006,2007,2008,2009,2010,2011,2012,2013,2014,2015,2016,2017,2018,2019,2020,2021,2022,2023",24,2023,3,8,0,1,1,sarah abo and david campbell,,,,8 distinct answer sets across 24 years
q_25f44bbf,Who is the current leader of the Union of Jewish Students?,Joel Rosen,1,temporal_align_qa,2023,1,VOLATILE,"2000,2001,2002,2003,2004,2005,2006,2007,2008,2009,2010,2011,2012,2013,2014,2015,2016,2017,2018,2019,2020,2021,2022,2023",24,2023,3,22,0,1,1,joel rosen,,,,22 distinct answer sets across 24 years
q_261a287e,Which team won the National League East division?,Atlanta Braves,1,temporal_align_qa,2023,1,VOLATILE,"2000,2001,2002,2003,2004,2005,2006,2007,2008,2009,2010,2011,2012,2013,2014,2015,2016,2017,2018,2019,2020,2021,2022,2023",24,2023,3,5,0,1,1,atlanta braves,,,,5 distinct answer sets across 24 years
q_26393420,Which trainer prepared the winning horse of the latest Queen Elizabeth II Challenge Cup Stakes?,Saeed bin Suroor,1,temporal_align_qa,2023,2,VOLATILE,"2000,2001,2002,2003,2004,2005,2006,2007,2008,2009,2010,2011,2012,2013,2014,2015,2016,2017,2018,2019,2020,2021,2022,2023",24,2023,3,19,0,1,1,saeed bin suroor,,,,19 distinct answer sets across 24 years
q_268237ac,Who was the jockey riding the winning horse in the latest Tenno Sho Autumn?,Christophe Lemaire,1,temporal_align_qa,2023,2,VOLATILE,"2000,2001,2002,2003,2004,2005,2006,2007,2008,2009,2010,2011,2012,2013,2014,2015,2016,2017,2018,2019,2020,2021,2022,2023",24,2023,3,17,0,1,1,christophe lemaire,,,,17 distinct answer sets across 24 years
q_27293a94,Who is the current President of Nigeria?,Bola Tinubu,2,temporal_align_qa,2023,1,VOLATILE,"2000,2001,2002,2003,2004,2005,2006,2007,2008,2009,2010,2011,2012,2013,2014,2015,2016,2017,2018,2019,2020,2021,2022,2023",24,2023,3,8,0,1,1,bola tinubu | muhammadu buhari,,,,8 distinct answer sets across 24 years
q_2761fdfe,"The story of Joseph featuring the coat of many colours, appears in which book of the Bible?",Genesis,10,triviaqa,,1,NOT_TIME_KEYED,,0,,,,,,,,,,,TriviaQA carries no year-keyed annotation
q_28911a13,Who is the current Australian of the Year?,Taryn Brumfitt,1,temporal_align_qa,2023,1,VOLATILE,"2000,2001,2002,2003,2004,2005,2006,2007,2008,2009,2010,2011,2012,2013,2014,2015,2016,2017,2018,2019,2020,2021,2022,2023",24,2023,3,24,0,1,1,taryn brumfitt,,,,24 distinct answer sets across 24 years
q_28b0bd9f,Which film won the Grand Prize at the most recent Baeksang Arts Award?,Decision to Leave Award winner,2,temporal_align_qa,2023,2,VOLATILE,"2000,2001,2002,2003,2004,2005,2006,2007,2008,2009,2010,2011,2012,2013,2014,2015,2016,2017,2018,2019,2020,2021,2022,2023",24,2023,3,24,0,1,1,decision to leave | decision to leave award winner,,,,24 distinct answer sets across 24 years
q_29032ea3,"In which city would you find the following; Aventine, Caelian, Capitoline, Esquiline, Palatine, Quirinal and Viminal?",Rome,12,triviaqa,,1,NOT_TIME_KEYED,,0,,,,,,,,,,,TriviaQA carries no year-keyed annotation
q_292449b7,Who trained the winning horse of the most current Jeff Ruby Steaks?,Larry Rivelli,1,temporal_align_qa,2023,1,VOLATILE,"2000,2001,2002,2003,2004,2005,2006,2007,2008,2009,2010,2011,2012,2013,2014,2015,2016,2017,2018,2019,2020,2021,2022,2023",24,2023,3,14,0,1,1,larry rivelli,,,,14 distinct answer sets across 24 years
q_295700b1,Which horse won the most recent Vincent O'Brien National Stakes?,Henry Longfellow,1,temporal_align_qa,2023,1,VOLATILE,"2000,2001,2002,2003,2004,2005,2006,2007,2008,2009,2010,2011,2012,2013,2014,2015,2016,2017,2018,2019,2020,2021,2022,2023",24,2023,3,24,0,1,1,henry longfellow,,,,24 distinct answer sets across 24 years
q_297334f5,Who was the replay official in the most recent Super Bowl?,Mark Butterworth,1,temporal_align_qa,2023,1,VOLATILE,"2000,2001,2002,2003,2004,2005,2006,2007,2008,2009,2010,2011,2012,2013,2014,2015,2016,2017,2018,2019,2020,2021,2022,2023",24,2023,3,21,0,1,1,mark butterworth,,,,21 distinct answer sets across 24 years
q_29e53c6d,Who rode the winning horse in the latest edition of the Black-Eyed Susan Stakes?,Rafael Bejarano,1,temporal_align_qa,2023,1,VOLATILE,"2000,2001,2002,2003,2004,2005,2006,2007,2008,2009,2010,2011,2012,2013,2014,2015,2016,2017,2018,2019,2020,2021,2022,2023",24,2023,3,17,0,1,1,rafael bejarano,,,,17 distinct answer sets across 24 years
q_29f9cc16,Who is the featured subject of the William Hill Sports Book of the Year winning title?,Lauren Fleshman,1,temporal_align_qa,2023,1,VOLATILE,"2000,2001,2002,2003,2004,2005,2006,2007,2008,2009,2010,2011,2012,2013,2014,2015,2016,2017,2018,2019,2020,2021,2022,2023",24,2023,3,23,0,1,1,lauren fleshman,,,,23 distinct answer sets across 24 years
q_2a49e766,Who currently holds the position of manager for Beijing Guoan F.C.?,Netherlands Stanley Menzo,1,temporal_align_qa,2023,1,VOLATILE,"2000,2001,2002,2003,2004,2005,2006,2007,2008,2009,2010,2011,2012,2013,2014,2015,2016,2017,2018,2019,2020,2021,2022,2023",24,2023,3,21,0,1,1,netherlands stanley menzo,,,,21 distinct answer sets across 24 years
q_2a87233c,"Little Big Horn, the scene of Custer's last stand, is in which US state?",Montana,12,triviaqa,,1,NOT_TIME_KEYED,,0,,,,,,,,,,,TriviaQA carries no year-keyed annotation
q_2ac34d0d,Which jockey rode the winning horse in the most recent February Stakes?,Ryusei Sakai,1,temporal_align_qa,2023,1,VOLATILE,"2000,2001,2002,2003,2004,2005,2006,2007,2008,2009,2010,2011,2012,2013,2014,2015,2016,2017,2018,2019,2020,2021,2022,2023",24,2023,3,14,0,1,1,ryusei sakai,,,,14 distinct answer sets across 24 years
q_2b247cc4,"Commissioned by Queen Victoria in memory of her husband, in which Royal park would you find the Albert Memorial?",Kensington Gardens,2,triviaqa,,1,NOT_TIME_KEYED,,0,,,,,,,,,,,TriviaQA carries no year-keyed annotation
q_2b37471e,What was the outcome of Judson High School's final game?,Lost in area round to state quarterfinalist Dripping Springs 34-38,1,temporal_align_qa,2023,1,VOLATILE,"2000,2001,2002,2003,2004,2005,2006,2007,2008,2009,2010,2011,2012,2013,2014,2015,2016,2017,2018,2019,2020,2021,2022,2023",24,2023,3,22,0,1,1,lost in area round to state quarterfinalist dripping springs 34-38,,,,22 distinct answer sets across 24 years
q_2b61b711,Which team was the runner-up in the last Lietuvos krepšinio lyga season?,Rytas,1,temporal_align_qa,2023,3,VOLATILE,"2000,2001,2002,2003,2004,2005,2006,2007,2008,2009,2010,2011,2012,2013,2014,2015,2016,2017,2018,2019,2020,2021,2022,2023",24,2023,3,9,0,1,1,rytas,,,,9 distinct answer sets across 24 years
q_2ba29c4f,Who was the US Attorney General to J F Kennedy?,Robert Kennedy,12,triviaqa,,1,NOT_TIME_KEYED,,0,,,,,,,,,,,TriviaQA carries no year-keyed annotation
q_2bbc82e4,Who is the most recent recipient of the Ebony Shoe Award?,Mike Trésor,1,temporal_align_qa,2023,1,VOLATILE,"2000,2001,2002,2003,2004,2005,2006,2007,2008,2009,2010,2011,2012,2013,2014,2015,2016,2017,2018,2019,2020,2021,2022,2023",24,2023,3,20,0,1,1,mike trésor,,,,20 distinct answer sets across 24 years
q_2be2d65b,At which athletics meet was the newest Puerto Rican record in heptathlon set?,New Mexico Collegiate Classic,3,temporal_align_qa,2023,1,VOLATILE,"2000,2001,2002,2003,2004,2005,2006,2007,2008,2009,2010,2011,2012,2013,2014,2015,2016,2017,2018,2019,2020,2021,2022,2023",24,2023,3,13,0,1,1,last chance national qualifier | ncaa division i championships | new mexico collegiate classic,,,,13 distinct answer sets across 24 years
q_2c023058,How many fatalities were reported as a result of the Atlantic hurricane season?,15,1,temporal_align_qa,2023,1,VOLATILE,"2000,2001,2002,2003,2004,2005,2006,2007,2008,2009,2010,2011,2012,2013,2014,2015,2016,2017,2018,2019,2020,2021,2022,2023",24,2023,3,24,0,1,1,15,,,,24 distinct answer sets across 24 years
q_2c3456d3,Who is the skip of Colin Hufman's curling team?,John Shuster,1,temporal_align_qa,2023,1,VOLATILE,"2000,2001,2002,2003,2004,2005,2006,2007,2008,2009,2010,2011,2012,2013,2014,2015,2016,2017,2018,2019,2020,2021,2022,2023",24,2023,3,15,0,1,1,john shuster,,,,15 distinct answer sets across 24 years
q_2ca95d4e,Who claimed the Points classification victory in the Vuelta a Burgos men's race?,Primož Roglič,1,temporal_align_qa,2023,2,VOLATILE,"2000,2001,2002,2003,2004,2005,2006,2007,2008,2009,2010,2011,2012,2013,2014,2015,2016,2017,2018,2019,2020,2021,2022,2023",24,2023,3,19,0,1,1,primož roglič,,,,19 distinct answer sets across 24 years
q_2cbafc2e,What is the English title of the latest film submitted by Iceland for the Academy Award for Best International Feature Film?,Godland,1,temporal_align_qa,2023,1,VOLATILE,"2000,2001,2002,2003,2004,2005,2006,2007,2008,2009,2010,2011,2012,2013,2014,2015,2016,2017,2018,2019,2020,2021,2022,2023",24,2023,3,24,0,1,1,godland,,,,24 distinct answer sets across 24 years
q_2d02fb45,The Tyrol is a region in which mountain range?,Alps,12,triviaqa,,3,NOT_TIME_KEYED,,0,,,,,,,,,,,TriviaQA carries no year-keyed annotation
q_2d2c3ec0,"November 27, 1701 saw the birth of a Swedish astronomer, who proposed what temperature scale where in which water freezes at 0 degrees and boils at 100 degrees?",Celsius,12,triviaqa,,1,NOT_TIME_KEYED,,0,,,,,,,,,,,TriviaQA carries no year-keyed annotation
q_2d3da894,Who held the cleanup spot for the Miami Marlins in their latest opening day lineup?,Jazz Chisholm Jr. CF,1,temporal_align_qa,2023,1,VOLATILE,"2000,2001,2002,2003,2004,2005,2006,2007,2008,2009,2010,2011,2012,2013,2014,2015,2016,2017,2018,2019,2020,2021,2022,2023",24,2023,3,19,0,1,1,jazz chisholm jr. cf,,,,19 distinct answer sets across 24 years
q_2d8fe2cc,Who rode the winning horse in the most recent Prix Robert Papin?,Aurelien Lemaitre,1,temporal_align_qa,2023,1,VOLATILE,"2000,2001,2002,2003,2004,2005,2006,2007,2008,2009,2010,2011,2012,2013,2014,2015,2016,2017,2018,2019,2020,2021,2022,2023",24,2023,3,17,0,1,1,aurelien lemaitre,,,,17 distinct answer sets across 24 years
q_2d965d45,Who is the current president of the Richmond Football Club?,Brendon Gale,1,temporal_align_qa,2023,1,VOLATILE,"2000,2001,2002,2003,2004,2005,2006,2007,2008,2009,2010,2011,2012,2013,2014,2015,2016,2017,2018,2019,2020,2021,2022,2023",24,2023,3,5,0,1,1,brendon gale,,,,5 distinct answer sets across 24 years
q_2db8b371,Which year saw the dissolution of the Soviet Union?,1991,3,triviaqa,,1,NOT_TIME_KEYED,,0,,,,,,,,,,,TriviaQA carries no year-keyed annotation
q_2dc6d84a,Horatio Nelson lost his arm in an abortive attack on which island?,TENERIFE,11,triviaqa,,1,NOT_TIME_KEYED,,0,,,,,,,,,,,TriviaQA carries no year-keyed annotation
q_2e0c6ace,Who is currently serving as the Secretary of the Pennsylvania Department of Health?,Denise Johnson,1,temporal_align_qa,2023,1,VOLATILE,"2000,2001,2002,2003,2004,2005,2006,2007,2008,2009,2010,2011,2012,2013,2014,2015,2016,2017,2018,2019,2020,2021,2022,2023",24,2023,3,14,0,1,1,denise johnson,,,,14 distinct answer sets across 24 years
q_2e845b85,From which league was the latest number-one draft pick of the Australian Football League recruited?,NAB League,1,temporal_align_qa,2023,1,VOLATILE,"2000,2001,2002,2003,2004,2005,2006,2007,2008,2009,2010,2011,2012,2013,2014,2015,2016,2017,2018,2019,2020,2021,2022,2023",24,2023,3,5,0,1,1,nab league,,,,5 distinct answer sets across 24 years
q_2efc3bf0,Who is the winner of the most recent NASCAR Xfinity Series at Homestead-Miami?,Sam Mayer,1,temporal_align_qa,2023,1,VOLATILE,"2000,2001,2002,2003,2004,2005,2006,2007,2008,2009,2010,2011,2012,2013,2014,2015,2016,2017,2018,2019,2020,2021,2022,2023",24,2023,3,21,0,1,1,sam mayer,,,,21 distinct answer sets across 24 years
q_2f36649c,For which film was the National Board of Review Award for Best Actress most recently given?,Killers of the Flower Moon,1,temporal_align_qa,2023,1,VOLATILE,"2000,2001,2002,2003,2004,2005,2006,2007,2008,2009,2010,2011,2012,2013,2014,2015,2016,2017,2018,2019,2020,2021,2022,2023",24,2023,3,24,0,1,1,killers of the flower moon,,,,24 distinct answer sets across 24 years
q_2f991c6e,Who is the most recent recipient of the European Association for Theoretical Computer Science EATCS Award?,Amos Fiat,1,temporal_align_qa,2023,1,VOLATILE,"2000,2001,2002,2003,2004,2005,2006,2007,2008,2009,2010,2011,2012,2013,2014,2015,2016,2017,2018,2019,2020,2021,2022,2023",24,2023,3,24,0,1,1,amos fiat,,,,24 distinct answer sets across 24 years
q_2fafc2f1,Who is the current head coach of Stade Malherbe Caen?,Stéphane Moulin,2,temporal_align_qa,2023,1,VOLATILE,"2000,2001,2002,2003,2004,2005,2006,2007,2008,2009,2010,2011,2012,2013,2014,2015,2016,2017,2018,2019,2020,2021,2022,2023",24,2023,3,16,0,1,1,jean-marc furlan | stéphane moulin,,,,16 distinct answer sets across 24 years
q_30501636,Who represented France most recently at the Eurovision Song Contest?,La Zarra,1,temporal_align_qa,2023,1,VOLATILE,"2000,2001,2002,2003,2004,2005,2006,2007,2008,2009,2010,2011,2012,2013,2014,2015,2016,2017,2018,2019,2020,2021,2022,2023",24,2023,3,24,0,1,1,la zarra,,,,24 distinct answer sets across 24 years
q_3055ab76,Which team won the Syrian Cup in the latest final?,Tishreen,1,temporal_align_qa,2023,2,VOLATILE,"2000,2001,2002,2003,2004,2005,2006,2007,2008,2009,2010,2011,2012,2013,2014,2015,2016,2017,2018,2019,2020,2021,2022,2023",24,2023,3,14,0,1,1,tishreen,,,,14 distinct answer sets across 24 years
q_30b7af38,What is the name of the trainer who trained the victory horse in the most recent Takamatsunomiya Kinen?,Masayuki Nishimura,1,temporal_align_qa,2023,1,VOLATILE,"2000,2001,2002,2003,2004,2005,2006,2007,2008,2009,2010,2011,2012,2013,2014,2015,2016,2017,2018,2019,2020,2021,2022,2023",24,2023,3,19,0,1,1,masayuki nishimura,,,,19 distinct answer sets across 24 years
q_30cbc023,"Herodotus, one of the earliest writers now to be called a historian, lived when?",5th century BCE,12,triviaqa,,1,NOT_TIME_KEYED,,0,,,,,,,,,,,TriviaQA carries no year-keyed annotation
q_311e11e2,Which horse won the most recent Thyestes Chase?,Carefully Selected,1,temporal_align_qa,2023,1,VOLATILE,"2000,2001,2002,2003,2004,2005,2006,2007,2008,2009,2010,2011,2012,2013,2014,2015,2016,2017,2018,2019,2020,2021,2022,2023",24,2023,3,22,0,1,1,carefully selected,,,,22 distinct answer sets across 24 years
q_3122ceda,"According to the Bible, what are three theological virtues?","Faith, Hope and Charity",7,triviaqa,,1,NOT_TIME_KEYED,,0,,,,,,,,,,,TriviaQA carries no year-keyed annotation
q_3141e273,Which jockey rode the winning horse in the latest Mehl-Mülhens-Rennen?,Andrea Atzeni,1,temporal_align_qa,2023,1,VOLATILE,"2000,2001,2002,2003,2004,2005,2006,2007,2008,2009,2010,2011,2012,2013,2014,2015,2016,2017,2018,2019,2020,2021,2022,2023",24,2023,3,21,0,1,1,andrea atzeni,,,,21 distinct answer sets across 24 years
q_3237dda9,What is the heraldic term for right?,Dexter,6,triviaqa,,1,NOT_TIME_KEYED,,0,,,,,,,,,,,TriviaQA carries no year-keyed annotation
q_32711fba,Who was Britain’s Prime Minister before Winston Churchill’s first term in office?,Neville Chamberlain,10,triviaqa,,1,NOT_TIME_KEYED,,0,,,,,,,,,,,TriviaQA carries no year-keyed annotation
q_32bb1cf2,What is the regular-season winning percentage of the St. Paul Saints?,0.568,1,temporal_align_qa,2023,2,VOLATILE,"2000,2001,2002,2003,2004,2005,2006,2007,2008,2009,2010,2011,2012,2013,2014,2015,2016,2017,2018,2019,2020,2021,2022,2023",24,2023,3,21,0,1,1,0.568,,,,21 distinct answer sets across 24 years
q_33b33ec1,What is the Portuguese title of the latest film submitted by Portugal for the Academy Award for Best International Feature Film?,Mal Viver,1,temporal_align_qa,2023,1,VOLATILE,"2000,2001,2002,2003,2004,2005,2006,2007,2008,2009,2010,2011,2012,2013,2014,2015,2016,2017,2018,2019,2020,2021,2022,2023",24,2023,3,24,0,1,1,mal viver,,,,24 distinct answer sets across 24 years
q_33ca27e1,Who was the jockey for the winning horse at the Musidora Stakes?,Frankie Dettori,1,temporal_align_qa,2023,3,VOLATILE,"2000,2001,2002,2003,2004,2005,2006,2007,2008,2009,2010,2011,2012,2013,2014,2015,2016,2017,2018,2019,2020,2021,2022,2023",24,2023,3,14,0,1,1,frankie dettori,,,,14 distinct answer sets across 24 years
q_33f8046d,Who is the current Individual Speedway World Championship winner?,Bartosz Zmarzlik,1,temporal_align_qa,2023,1,VOLATILE,"2000,2001,2002,2003,2004,2005,2006,2007,2008,2009,2010,2011,2012,2013,2014,2015,2016,2017,2018,2019,2020,2021,2022,2023",24,2023,3,11,0,1,1,bartosz zmarzlik,,,,11 distinct answer sets across 24 years
q_3484eada,"As at January 2015 who is the only person to have held all the major offices of State in the UK – Prime Minister, Chancellor of the Exchequer, Foreign Secretary and Home Secretary",James Callaghan,12,triviaqa,,1,NOT_TIME_KEYED,,0,,,,,,,,,,,TriviaQA carries no year-keyed annotation
q_34965476,When did Elon Musk officially become Twitter's owner?,"Oct 27, 2022",10,freshqa,2022,2,SINGLE_YEAR,2022,1,2022,4,,,1,,,,never-changing,,"FreshQA carries a single effective_year, not a year series — volatility UNDETERMINED; next_review='', fact_type='never-changing'"
q_3568ac16,Which entity owned the winning horse in the most recent Fourstardave Handicap?,LRE Racing & JEH Racing Stable,1,temporal_align_qa,2023,1,VOLATILE,"2000,2001,2002,2003,2004,2005,2006,2007,2008,2009,2010,2011,2012,2013,2014,2015,2016,2017,2018,2019,2020,2021,2022,2023",24,2023,3,21,0,1,1,lre racing & jeh racing stable,,,,21 distinct answer sets across 24 years
q_3582cba5,"""Who wrote the plays """"The Seagull"""", """"The Cherry Orchard"""", """"The Three Sisters"""" and """"Uncle Vanya""""?""",Chekhov,12,triviaqa,,1,NOT_TIME_KEYED,,0,,,,,,,,,,,TriviaQA carries no year-keyed annotation
q_359f65e2,Which movie won the latest Academy Award for Best Picture?,Everything Everywhere All at Once,1,freshqa,2023,1,SINGLE_YEAR,2023,1,2023,3,,,1,,,01/01/2024,fast-changing,,"FreshQA carries a single effective_year, not a year series — volatility UNDETERMINED; next_review='01/01/2024', fact_type='fast-changing'"
q_35e41392,"Which constellation, that lies between Cancer and Virgo, contains the stars called Regulus, Denebola, Regulus, Wolf 359, Gliese 436, and Algieba?",Leo,5,triviaqa,,1,NOT_TIME_KEYED,,0,,,,,,,,,,,TriviaQA carries no year-keyed annotation
q_36c62536,Which team is the most recent winner of the Suomi-sarja gold medal?,Pyry,1,temporal_align_qa,2023,1,VOLATILE,"2000,2001,2002,2003,2004,2005,2006,2007,2008,2009,2010,2011,2012,2013,2014,2015,2016,2017,2018,2019,2020,2021,2022,2023",24,2023,3,22,0,1,1,pyry,,,,22 distinct answer sets across 24 years
q_36d47c00,Which was the first country to detect a case of mpox in the most recent outbreak?,United Kingdom,2,freshqa,2022,1,SINGLE_YEAR,2022,1,2022,4,,,1,,,occasionally,slow-changing,,"FreshQA carries a single effective_year, not a year series — volatility UNDETERMINED; next_review='occasionally', fact_type='slow-changing'"
q_36e2eae5,Who is currently serving as the U.S. Representative for Maine's 2nd congressional district?,Jared Golden,1,temporal_align_qa,2023,2,VOLATILE,"2000,2001,2002,2003,2004,2005,2006,2007,2008,2009,2010,2011,2012,2013,2014,2015,2016,2017,2018,2019,2020,2021,2022,2023",24,2023,3,7,0,1,1,jared golden,,,,7 distinct answer sets across 24 years
q_371cd160,What name is given to the unit of electrical power represented by a current of 1 ampere flowing through a circuit whose potential difference is 1 volt?,Watt,12,triviaqa,,1,NOT_TIME_KEYED,,0,,,,,,,,,,,TriviaQA carries no year-keyed annotation
q_376b8a53,Who is the highest-paid NBA player currently?,Stephen Curry,1,temporal_align_qa,2023,1,VOLATILE,"2000,2001,2002,2003,2004,2005,2006,2007,2008,2009,2010,2011,2012,2013,2014,2015,2016,2017,2018,2019,2020,2021,2022,2023",24,2023,3,8,0,1,1,stephen curry,,,,8 distinct answer sets across 24 years
q_379e630f,Which team is the current champion of the Georgian Superliga?,BC TSU Tbilisi,1,temporal_align_qa,2023,2,VOLATILE,"2000,2001,2002,2003,2004,2005,2006,2007,2008,2009,2010,2011,2012,2013,2014,2015,2016,2017,2018,2019,2020,2021,2022,2023",24,2023,3,20,0,1,1,bc tsu tbilisi,,,,20 distinct answer sets across 24 years
q_37fa4f89,Who is currently serving as the Attorney General of Texas?,Angela Colmenero Interim,3,temporal_align_qa,2023,1,VOLATILE,"2000,2001,2002,2003,2004,2005,2006,2007,2008,2009,2010,2011,2012,2013,2014,2015,2016,2017,2018,2019,2020,2021,2022,2023",24,2023,3,6,0,1,1,angela colmenero interim | john scott interim | ken paxton,,,,6 distinct answer sets across 24 years
q_384b354b,"As at 2012 Nisiyama Onsen Keiunkan, a hot spring hotel in Hayakawa, Yamanashi, Japan, is officially regarded as being what world-record-holding business?",Oldest,8,triviaqa,,2,NOT_TIME_KEYED,,0,,,,,,,,,,,TriviaQA carries no year-keyed annotation
q_3853dba1,The National Trust property Clouds Hill in Dorset was the home of which military man and writer?,T E LAWRENCE,12,triviaqa,,1,NOT_TIME_KEYED,,0,,,,,,,,,,,TriviaQA carries no year-keyed annotation
q_3863ccbb,What team won the Little 500 race?,Cutters,1,temporal_align_qa,2023,1,VOLATILE,"2000,2001,2002,2003,2004,2005,2006,2007,2008,2009,2010,2011,2012,2013,2014,2015,2016,2017,2018,2019,2020,2021,2022,2023",24,2023,3,12,0,1,1,cutters,,,,12 distinct answer sets across 24 years
q_389476c5,How often are the Oberammergau Passion Plays held?,EVERY TEN YEARS,2,triviaqa,,1,NOT_TIME_KEYED,,0,,,,,,,,,,,TriviaQA carries no year-keyed annotation
q_394f249c,From which club is the leading goalscorer in the latest season of the Armenian Premier League?,"Luka Juričić, Yusuf Otubanjo",1,temporal_align_qa,2023,1,VOLATILE,"2000,2001,2002,2003,2004,2005,2006,2007,2008,2009,2010,2011,2012,2013,2014,2015,2016,2017,2018,2019,2020,2021,2022,2023",24,2023,3,21,0,1,1,"luka juričić, yusuf otubanjo",,,,21 distinct answer sets across 24 years
q_39c51b6d,What team finished eleventh in the Western Conference most recently?,DAL,1,temporal_align_qa,2023,1,VOLATILE,"2000,2001,2002,2003,2004,2005,2006,2007,2008,2009,2010,2011,2012,2013,2014,2015,2016,2017,2018,2019,2020,2021,2022,2023",24,2023,3,22,0,1,1,dal,,,,22 distinct answer sets across 24 years
q_39cd95a7,Where will NeurIPS be located this year?,New Orleans,6,freshqa,2023,2,SINGLE_YEAR,2023,1,2023,3,,,1,,,01/01/2024,fast-changing,,"FreshQA carries a single effective_year, not a year series — volatility UNDETERMINED; next_review='01/01/2024', fact_type='fast-changing'"
q_3a68f125,Which official knocks three times on the doors to the chamber of the House of Commons at the state opening of a British parliament?,Black Rod,10,triviaqa,,1,NOT_TIME_KEYED,,0,,,,,,,,,,,TriviaQA carries no year-keyed annotation
q_3a9da6a0,Which team secured the runner-up position in the recent Kyrgyz Premier League season?,Alay Osh,1,temporal_align_qa,2023,1,VOLATILE,"2000,2001,2002,2003,2004,2005,2006,2007,2008,2009,2010,2011,2012,2013,2014,2015,2016,2017,2018,2019,2020,2021,2022,2023",24,2023,3,12,0,1,1,alay osh,,,,12 distinct answer sets across 24 years
q_3ac69f62,Who is the current representative serving as the member of the legislative assembly for Pelabuhan Klang?,Azmizam Zaman Huri,1,temporal_align_qa,2023,1,VOLATILE,"2000,2001,2002,2003,2004,2005,2006,2007,2008,2009,2010,2011,2012,2013,2014,2015,2016,2017,2018,2019,2020,2021,2022,2023",24,2023,3,8,0,1,1,azmizam zaman huri,,,,8 distinct answer sets across 24 years
q_3b2665fb,Who wrote the musical We Will Rock You in collaboration with Queen members Brian May and Roger Taylor?,Ben Elton,4,triviaqa,,1,NOT_TIME_KEYED,,0,,,,,,,,,,,TriviaQA carries no year-keyed annotation
q_3b2d2b15,"October 4th 1910, which European monarch was deposed and fled on the Royal Yacht 'Amelia' to Gibraltar?",KING MANUEL OF PORTUGAL,7,triviaqa,,1,NOT_TIME_KEYED,,0,,,,,,,,,,,TriviaQA carries no year-keyed annotation
q_3b332e4e,Who are the current champions in the Luge World Cup Men's doubles?,Germany Tobias Wendl  Tobias Arlt,1,temporal_align_qa,2023,1,VOLATILE,"2000,2001,2002,2003,2004,2005,2006,2007,2008,2009,2010,2011,2012,2013,2014,2015,2016,2017,2018,2019,2020,2021,2022,2023",24,2023,3,12,0,1,1,germany tobias wendl tobias arlt,,,,12 distinct answer sets across 24 years
q_3c3ee393,Who is the current member of the Legislative Assembly for Lesser Slave Lake?,Pat Rehn,2,temporal_align_qa,2023,1,VOLATILE,"2000,2001,2002,2003,2004,2005,2006,2007,2008,2009,2010,2011,2012,2013,2014,2015,2016,2017,2018,2019,2020,2021,2022,2023",24,2023,3,6,0,1,1,pat rehn | scott sinclair,,,,6 distinct answer sets across 24 years
q_3c4c45fe,Who is the current captain of the West Indies ODI cricket team?,Shai Hope,2,temporal_align_qa,2023,1,VOLATILE,"2000,2001,2002,2003,2004,2005,2006,2007,2008,2009,2010,2011,2012,2013,2014,2015,2016,2017,2018,2019,2020,2021,2022,2023",24,2023,3,22,0,1,1,roston chase | shai hope,,,,22 distinct answer sets across 24 years
q_3c890437,Who was the owner of the winning horse in the most recent Woodbine Oaks?,"Team Valor International, Gary Barber",1,temporal_align_qa,2023,2,VOLATILE,"2000,2001,2002,2003,2004,2005,2006,2007,2008,2009,2010,2011,2012,2013,2014,2015,2016,2017,2018,2019,2020,2021,2022,2023",24,2023,3,20,0,1,1,"team valor international, gary barber",,,,20 distinct answer sets across 24 years
q_3c8d7d2d,Where did the most recent Texas Rangers first-round draft pick attend school?,University of Florida,1,temporal_align_qa,2023,1,VOLATILE,"2000,2001,2002,2003,2004,2005,2006,2007,2008,2009,2010,2011,2012,2013,2014,2015,2016,2017,2018,2019,2020,2021,2022,2023",24,2023,3,22,0,1,1,university of florida,,,,22 distinct answer sets across 24 years
q_3c8e1699,Where was the European Amateur Championship last played?,Pärnu Bay Golf Links,1,temporal_align_qa,2023,1,VOLATILE,"2000,2001,2002,2003,2004,2005,2006,2007,2008,2009,2010,2011,2012,2013,2014,2015,2016,2017,2018,2019,2020,2021,2022,2023",24,2023,3,24,0,1,1,pärnu bay golf links,,,,24 distinct answer sets across 24 years
q_3cae62d9,Who is the current representative for Calgary-Shaw in the Legislative Assembly?,Rebecca Schulz,1,temporal_align_qa,2023,1,VOLATILE,"2000,2001,2002,2003,2004,2005,2006,2007,2008,2009,2010,2011,2012,2013,2014,2015,2016,2017,2018,2019,2020,2021,2022,2023",24,2023,3,9,0,1,1,rebecca schulz,,,,9 distinct answer sets across 24 years
q_3cff3dce,Who is the latest recipient of the Gatorade National Baseball Player of the Year award?,Max Clark baseball,1,temporal_align_qa,2023,1,VOLATILE,"2000,2001,2002,2003,2004,2005,2006,2007,2008,2009,2010,2011,2012,2013,2014,2015,2016,2017,2018,2019,2020,2021,2022,2023",24,2023,3,24,0,1,1,max clark baseball,,,,24 distinct answer sets across 24 years
q_3d46fcdf,Which artistic movement was founded around 1920 in Russia and was associated with Naum Gabo and Antoine Pevsner?,Constructivism,5,triviaqa,,1,NOT_TIME_KEYED,,0,,,,,,,,,,,TriviaQA carries no year-keyed annotation
q_3dd86b7b,What was the name given to actions by Timothy McVeigh on 19 April 1995 at the Alfred P. Murrah Federal Building?,The Oklahoma City bombing,12,triviaqa,,1,NOT_TIME_KEYED,,0,,,,,,,,,,,TriviaQA carries no year-keyed annotation
q_3df25b36,Which publisher released the book that most recently won the Miles Franklin Award?,Ultimo Press,1,temporal_align_qa,2023,1,VOLATILE,"2000,2001,2002,2003,2004,2005,2006,2007,2008,2009,2010,2011,2012,2013,2014,2015,2016,2017,2018,2019,2020,2021,2022,2023",24,2023,3,16,0,1,1,ultimo press,,,,16 distinct answer sets across 24 years
q_3df9aae8,Who is the current delegate representing Guam's at-large congressional district?,100px Michael San Nicolas,2,temporal_align_qa,2023,1,VOLATILE,"2000,2001,2002,2003,2004,2005,2006,2007,2008,2009,2010,2011,2012,2013,2014,2015,2016,2017,2018,2019,2020,2021,2022,2023",24,2023,3,6,0,1,1,100px james moylan | 100px michael san nicolas,,,,6 distinct answer sets across 24 years
q_3e28f963,What's the current Tomatometer score of The Lord of the Rings: The Rings of Power on Rotten Tomatoes?,83%,2,freshqa,2022,1,SINGLE_YEAR,2022,1,2022,4,,,1,,,frequently,fast-changing,,"FreshQA carries a single effective_year, not a year series — volatility UNDETERMINED; next_review='frequently', fact_type='fast-changing'"
q_3e574628,How many bonus points have the Highlanders achieved in their last reported rugby union season standings?,2,1,temporal_align_qa,2023,2,VOLATILE,"2000,2001,2002,2003,2004,2005,2006,2007,2008,2009,2010,2011,2012,2013,2014,2015,2016,2017,2018,2019,2020,2021,2022,2023",24,2023,3,12,0,1,1,2,,,,12 distinct answer sets across 24 years
q_3e5fda75,What is the capital of Cambodia?,PHNOM PENH,12,triviaqa,,1,NOT_TIME_KEYED,,0,,,,,,,,,,,TriviaQA carries no year-keyed annotation
q_3ec48396,What train model won the most recent Blue Ribbon Award (railway)?,HC85 series DEMU,1,temporal_align_qa,2023,1,VOLATILE,"2000,2001,2002,2003,2004,2005,2006,2007,2008,2009,2010,2011,2012,2013,2014,2015,2016,2017,2018,2019,2020,2021,2022,2023",24,2023,3,24,0,1,1,hc85 series demu,,,,24 distinct answer sets across 24 years
q_3ee7411d,Who is the current bench coach for the St. Louis Cardinals?,Joe McEwing,1,temporal_align_qa,2023,2,VOLATILE,"2000,2001,2002,2003,2004,2005,2006,2007,2008,2009,2010,2011,2012,2013,2014,2015,2016,2017,2018,2019,2020,2021,2022,2023",24,2023,3,8,0,1,1,joe mcewing,,,,8 distinct answer sets across 24 years
q_3f0409f7,Which team was led by the most recent WNBA Coach of the Year Award winner?,Connecticut Sun,1,temporal_align_qa,2023,1,VOLATILE,"2000,2001,2002,2003,2004,2005,2006,2007,2008,2009,2010,2011,2012,2013,2014,2015,2016,2017,2018,2019,2020,2021,2022,2023",24,2023,3,14,0,1,1,connecticut sun,,,,14 distinct answer sets across 24 years
q_3f541a35,Which university is hosting the ongoing UAAP season?,Adamson University,1,temporal_align_qa,2023,1,VOLATILE,"2000,2001,2002,2003,2004,2005,2006,2007,2008,2009,2010,2011,2012,2013,2014,2015,2016,2017,2018,2019,2020,2021,2022,2023",24,2023,3,14,0,1,1,adamson university,,,,14 distinct answer sets across 24 years
q_3f8c84fb,Which school holds the championship title for Class 2A in the Iowa Girls High School Athletic Union Softball?,Iowa City Regina,1,temporal_align_qa,2023,1,VOLATILE,"2000,2001,2002,2003,2004,2005,2006,2007,2008,2009,2010,2011,2012,2013,2014,2015,2016,2017,2018,2019,2020,2021,2022,2023",24,2023,3,16,0,1,1,iowa city regina,,,,16 distinct answer sets across 24 years
q_40d3878e,Who was the runner-up in the Veikkausliiga?,HJK,1,temporal_align_qa,2023,1,VOLATILE,"2000,2001,2002,2003,2004,2005,2006,2007,2008,2009,2010,2011,2012,2013,2014,2015,2016,2017,2018,2019,2020,2021,2022,2023",24,2023,3,8,0,1,1,hjk,,,,8 distinct answer sets across 24 years
q_41540d4e,What unusual means of transport connects North Greenwich to the Royal Docks?,Cable Car,10,triviaqa,,2,NOT_TIME_KEYED,,0,,,,,,,,,,,TriviaQA carries no year-keyed annotation
q_41afd862,Which team did the Los Angeles Angels face in their most recent Opening Day game?,Oakland Athletics,1,temporal_align_qa,2023,1,VOLATILE,"2000,2001,2002,2003,2004,2005,2006,2007,2008,2009,2010,2011,2012,2013,2014,2015,2016,2017,2018,2019,2020,2021,2022,2023",24,2023,3,11,0,1,1,oakland athletics,,,,11 distinct answer sets across 24 years
q_4209c718,Who is serving as the U.S. House representative for South Carolina's 4th congressional district?,William Timmons,1,temporal_align_qa,2023,1,VOLATILE,"2000,2001,2002,2003,2004,2005,2006,2007,2008,2009,2010,2011,2012,2013,2014,2015,2016,2017,2018,2019,2020,2021,2022,2023",24,2023,3,7,0,1,1,william timmons,,,,7 distinct answer sets across 24 years
q_4241a3d3,Who is the most recent recipient of the Norm Smith Medal?,Bobby Hill Australian footballer,1,temporal_align_qa,2023,1,VOLATILE,"2000,2001,2002,2003,2004,2005,2006,2007,2008,2009,2010,2011,2012,2013,2014,2015,2016,2017,2018,2019,2020,2021,2022,2023",24,2023,3,21,0,1,1,bobby hill australian footballer,,,,21 distinct answer sets across 24 years
q_424c03e3,Who was Craig Lowndes' co-driver in the last race he participated in the Bathurst 1000?,Zane Goddard,1,temporal_align_qa,2023,1,VOLATILE,"2000,2001,2002,2003,2004,2005,2006,2007,2008,2009,2010,2011,2012,2013,2014,2015,2016,2017,2018,2019,2020,2021,2022,2023",24,2023,3,9,0,1,1,zane goddard,,,,9 distinct answer sets across 24 years
q_43f2a8a0,What team ended up thirteenth in the standings of the Western Conference most recently?,Portugal,1,temporal_align_qa,2023,1,VOLATILE,"2000,2001,2002,2003,2004,2005,2006,2007,2008,2009,2010,2011,2012,2013,2014,2015,2016,2017,2018,2019,2020,2021,2022,2023",24,2023,3,21,0,1,1,portugal,,,,21 distinct answer sets across 24 years
q_440c74b3,Odette and Prince Siegfried are lovers in which ballet?,SWAN LAKE,12,triviaqa,,1,NOT_TIME_KEYED,,0,,,,,,,,,,,TriviaQA carries no year-keyed annotation
q_44acf3c6,Which jockey rode the winning horse in the latest Del Mar Debutante Stakes?,Mike E. Smith,1,temporal_align_qa,2023,1,VOLATILE,"2000,2001,2002,2003,2004,2005,2006,2007,2008,2009,2010,2011,2012,2013,2014,2015,2016,2017,2018,2019,2020,2021,2022,2023",24,2023,3,14,0,1,1,mike e. smith,,,,14 distinct answer sets across 24 years
q_44d9dff7,At which battle of 1403 did Henry 'Hotspur' Percy die?,Shrewsbury,12,triviaqa,,2,NOT_TIME_KEYED,,0,,,,,,,,,,,TriviaQA carries no year-keyed annotation
q_450041cf,"Who won the 2022 Nobel Prize in Chemistry from University of Copenhagen, Denmark?",Morten Meldal,3,freshqa,2022,1,SINGLE_YEAR,2022,1,2022,4,,,1,,,,never-changing,,"FreshQA carries a single effective_year, not a year series — volatility UNDETERMINED; next_review='', fact_type='never-changing'"
q_450e7484,"How high in feet, normally, is a standard basketball hoop off the ground?",Ten feet,4,triviaqa,,1,NOT_TIME_KEYED,,0,,,,,,,,,,,TriviaQA carries no year-keyed annotation
q_470d2d0f,Who is the most recent recipient of the Edgar Martínez Award?,Shohei Ohtani,1,temporal_align_qa,2023,1,VOLATILE,"2000,2001,2002,2003,2004,2005,2006,2007,2008,2009,2010,2011,2012,2013,2014,2015,2016,2017,2018,2019,2020,2021,2022,2023",24,2023,3,13,0,1,1,shohei ohtani,,,,13 distinct answer sets across 24 years
q_47ba6dcb,What company is displayed as the current shirt sponsor on Hapoel Haifa F.C.'s jerseys?,Leos,1,temporal_align_qa,2023,1,VOLATILE,"2000,2001,2002,2003,2004,2005,2006,2007,2008,2009,2010,2011,2012,2013,2014,2015,2016,2017,2018,2019,2020,2021,2022,2023",24,2023,3,19,0,1,1,leos,,,,19 distinct answer sets across 24 years
q_486683c8,Which areas are included in the California's 10th congressional district as of now?,2013–2023 300px Central Valley including Modesto and Tracy,2,temporal_align_qa,2023,1,VOLATILE,"2000,2001,2002,2003,2004,2005,2006,2007,2008,2009,2010,2011,2012,2013,2014,2015,2016,2017,2018,2019,2020,2021,2022,2023",24,2023,3,5,0,1,1,"2013–2023 300px central valley including modesto and tracy | 2023–present 300px eastern san francisco bay area, including parts of stanislaus and san joaquin",,,,5 distinct answer sets across 24 years
q_4882dc27,Who is the current head coach of the Iceland men's national handball team?,Guðmundur Guðmundsson,2,temporal_align_qa,2023,1,VOLATILE,"2000,2001,2002,2003,2004,2005,2006,2007,2008,2009,2010,2011,2012,2013,2014,2015,2016,2017,2018,2019,2020,2021,2022,2023",24,2023,3,14,0,1,1,gunnar magnússon / ágúst þór jóhannsson | guðmundur guðmundsson,,,,14 distinct answer sets across 24 years
q_48e27a79,Which pair earned the silver medal in the Pairs category at the last European Figure Skating Championships?,Rebecca Ghilardi / Filippo Ambrosini,1,temporal_align_qa,2023,1,VOLATILE,"2000,2001,2002,2003,2004,2005,2006,2007,2008,2009,2010,2011,2012,2013,2014,2015,2016,2017,2018,2019,2020,2021,2022,2023",24,2023,3,15,0,1,1,rebecca ghilardi / filippo ambrosini,,,,15 distinct answer sets across 24 years
q_4913788c,What role is performed by the latest aircraft type added to the Executive Transport Wing of the German Air Force?,Medical evacuation,7,temporal_align_qa,2023,1,VOLATILE,"2000,2001,2002,2003,2004,2005,2006,2007,2008,2009,2010,2011,2012,2013,2014,2015,2016,2017,2018,2019,2020,2021,2022,2023",24,2023,3,6,0,1,1,berlin area governmental air transport | long range governmental air transport | medical evacuation | medium range governmental air transport | medium range governmental air transport aeromedical evacuation | medium range governmental air transport short range governmental air transport | open skies,,,,6 distinct answer sets across 24 years
q_493b174b,What is the most recent Walt Disney Animation Studios's animated film?,Strange World,1,freshqa,2022,1,SINGLE_YEAR,2022,1,2022,4,,,1,,,frequently,fast-changing,,"FreshQA carries a single effective_year, not a year series — volatility UNDETERMINED; next_review='frequently', fact_type='fast-changing'"
q_49493ec6,What is the SI unit of resistance?,Ohm,12,triviaqa,,1,NOT_TIME_KEYED,,0,,,,,,,,,,,TriviaQA carries no year-keyed annotation
q_4987dd97,"French mariner, Jacques Cartier, left home in 1534 to sail across the Atlantic, to explore which river?",ST. LAWRENCE,12,triviaqa,,1,NOT_TIME_KEYED,,0,,,,,,,,,,,TriviaQA carries no year-keyed annotation
q_498e07da,Who currently represents New York's 22nd congressional district?,100px Brandon Williams,2,temporal_align_qa,2023,2,VOLATILE,"2000,2001,2002,2003,2004,2005,2006,2007,2008,2009,2010,2011,2012,2013,2014,2015,2016,2017,2018,2019,2020,2021,2022,2023",24,2023,3,11,0,1,1,100px brandon williams | 100px claudia tenney,,,,11 distinct answer sets across 24 years
q_4a625c6c,Which team does the current Les Cunningham Award winner play for?,Calgary Wranglers,1,temporal_align_qa,2023,1,VOLATILE,"2000,2001,2002,2003,2004,2005,2006,2007,2008,2009,2010,2011,2012,2013,2014,2015,2016,2017,2018,2019,2020,2021,2022,2023",24,2023,3,22,0,1,1,calgary wranglers,,,,22 distinct answer sets across 24 years
q_4bc25294,Who plays the position of third on Colin Hufman's current curling team?,Chris Plys,1,temporal_align_qa,2023,1,VOLATILE,"2000,2001,2002,2003,2004,2005,2006,2007,2008,2009,2010,2011,2012,2013,2014,2015,2016,2017,2018,2019,2020,2021,2022,2023",24,2023,3,14,0,1,1,chris plys,,,,14 distinct answer sets across 24 years
q_4ccc0c84,What is the car number of the A-GAME 200 winning vehicle?,19,1,temporal_align_qa,2023,1,VOLATILE,"2000,2001,2002,2003,2004,2005,2006,2007,2008,2009,2010,2011,2012,2013,2014,2015,2016,2017,2018,2019,2020,2021,2022,2023",24,2023,3,14,0,1,1,19,,,,14 distinct answer sets across 24 years
q_4d8a4de4,Which artist(s) performed on the most recent winner of the Grammy Award for Best Historical Album?,Wilco,1,temporal_align_qa,2023,2,VOLATILE,"2000,2001,2002,2003,2004,2005,2006,2007,2008,2009,2010,2011,2012,2013,2014,2015,2016,2017,2018,2019,2020,2021,2022,2023",24,2023,3,20,0,1,1,wilco,,,,20 distinct answer sets across 24 years
q_4ddbae0c,Who is the current Master of the Worshipful Company of Security Professionals?,Paul Miller,1,temporal_align_qa,2023,1,VOLATILE,"2000,2001,2002,2003,2004,2005,2006,2007,2008,2009,2010,2011,2012,2013,2014,2015,2016,2017,2018,2019,2020,2021,2022,2023",24,2023,3,23,0,1,1,paul miller,,,,23 distinct answer sets across 24 years
q_4deb87ba,Which English town is twinned with Disney World?,SWINDON,8,triviaqa,,1,NOT_TIME_KEYED,,0,,,,,,,,,,,TriviaQA carries no year-keyed annotation
q_4dfb357f,What was the winning score at the latest Price Cutter Charity Championship?,263,1,temporal_align_qa,2023,1,VOLATILE,"2000,2001,2002,2003,2004,2005,2006,2007,2008,2009,2010,2011,2012,2013,2014,2015,2016,2017,2018,2019,2020,2021,2022,2023",24,2023,3,11,0,1,1,263,,,,11 distinct answer sets across 24 years
q_4e2156f7,Who is the coach of the team that won the most recent Úrvalsdeild karla (basketball) championship?,Pavel Ermolinskij,1,temporal_align_qa,2023,1,VOLATILE,"2000,2001,2002,2003,2004,2005,2006,2007,2008,2009,2010,2011,2012,2013,2014,2015,2016,2017,2018,2019,2020,2021,2022,2023",24,2023,3,19,0,1,1,pavel ermolinskij,,,,19 distinct answer sets across 24 years
q_4e2929ec,How many humans have landed on Mars?,No humans have been to Mars yet.,4,freshqa,before 2022,1,SINGLE_YEAR,before 2022,1,before 2022,,,,1,,,occasionally,slow-changing,,"FreshQA carries a single effective_year, not a year series — volatility UNDETERMINED; next_review='occasionally', fact_type='slow-changing'"
q_4e6d28cb,Who is one of the players currently leading as top scorer in the UEFA Europa League?,ENG Marcus Rashford,2,temporal_align_qa,2023,1,VOLATILE,"2000,2001,2002,2003,2004,2005,2006,2007,2008,2009,2010,2011,2012,2013,2014,2015,2016,2017,2018,2019,2020,2021,2022,2023",24,2023,3,24,0,1,1,eng marcus rashford | nga victor boniface,,,,24 distinct answer sets across 24 years
q_4ec7b3d4,Who holds the UAE Pro League top scorer title?,Kodjo Laba,1,temporal_align_qa,2023,1,VOLATILE,"2000,2001,2002,2003,2004,2005,2006,2007,2008,2009,2010,2011,2012,2013,2014,2015,2016,2017,2018,2019,2020,2021,2022,2023",24,2023,3,22,0,1,1,kodjo laba,,,,22 distinct answer sets across 24 years
q_4ee9519a,Although it can come in colourless varieties what is the usual colour of the drink Absinthe?,GREEN,7,triviaqa,,1,NOT_TIME_KEYED,,0,,,,,,,,,,,TriviaQA carries no year-keyed annotation
q_4ef6bd87,Who is the current president of Lake Erie College?,Brian Posler,1,temporal_align_qa,2023,1,VOLATILE,"2000,2001,2002,2003,2004,2005,2006,2007,2008,2009,2010,2011,2012,2013,2014,2015,2016,2017,2018,2019,2020,2021,2022,2023",24,2023,3,7,0,1,1,brian posler,,,,7 distinct answer sets across 24 years
q_4efb2d83,"What name was given to Colleen LaRose, who was accused of conspiring with fighters overseas and pledging to commit murder in the name of a Muslim holy war, and pleaded not guilty in court in Philadelphia in March 2010?",Jihad Jane,12,triviaqa,,2,NOT_TIME_KEYED,,0,,,,,,,,,,,TriviaQA carries no year-keyed annotation
q_50156db6,How many votes were against the initial Budget Implementation Act for the latest Canadian federal budget?,115,1,temporal_align_qa,2023,1,VOLATILE,"2000,2001,2002,2003,2004,2005,2006,2007,2008,2009,2010,2011,2012,2013,2014,2015,2016,2017,2018,2019,2020,2021,2022,2023",24,2023,3,16,0,1,1,115,,,,16 distinct answer sets across 24 years
q_5026a65e,"Appointed in 2012, who is the President of the Fifth French Republic?",Francois Hollande,9,triviaqa,,1,NOT_TIME_KEYED,,0,,,,,,,,,,,TriviaQA carries no year-keyed annotation
q_50abcf1d,"Britain's first stretch of motorway, opened in December 1958, bypassed which town (now officially a city) ?",PRESTON,3,triviaqa,,1,NOT_TIME_KEYED,,0,,,,,,,,,,,TriviaQA carries no year-keyed annotation
q_50e17bb5,"Lee Marvin had a number one hit record with 'Wanderin' Star' in 1970, but which actor had a minor hit with the flipside - 'I Talk To The Trees'?",CLINT EASTWOOD,12,triviaqa,,1,NOT_TIME_KEYED,,0,,,,,,,,,,,TriviaQA carries no year-keyed annotation
q_511a84fd,Which division is Jeanfield Swifts F.C. currently competing in?,East of Scotland Premier Division,1,temporal_align_qa,2023,1,VOLATILE,"2000,2001,2002,2003,2004,2005,2006,2007,2008,2009,2010,2011,2012,2013,2014,2015,2016,2017,2018,2019,2020,2021,2022,2023",24,2023,3,11,0,1,1,east of scotland premier division,,,,11 distinct answer sets across 24 years
q_51ad3d0a,Which athlete placed third in the latest Iceland's Strongest Man event?,Theodór Már Gudmundsson,1,temporal_align_qa,2023,1,VOLATILE,"2000,2001,2002,2003,2004,2005,2006,2007,2008,2009,2010,2011,2012,2013,2014,2015,2016,2017,2018,2019,2020,2021,2022,2023",24,2023,3,16,0,1,1,theodór már gudmundsson,,,,16 distinct answer sets across 24 years
q_51b242c2,Which cricket team won the Nottinghamshire Cricket Board Premier League most recently?,Cuckney,1,temporal_align_qa,2023,1,VOLATILE,"2000,2001,2002,2003,2004,2005,2006,2007,2008,2009,2010,2011,2012,2013,2014,2015,2016,2017,2018,2019,2020,2021,2022,2023",24,2023,3,7,0,1,1,cuckney,,,,7 distinct answer sets across 24 years
q_51c973e7,Who is the most recent NBA player to score 60 or more points in a single game?,Damian Lillard,3,freshqa,2023,1,SINGLE_YEAR,2023,1,2023,3,,,1,,,frequently,fast-changing,,"FreshQA carries a single effective_year, not a year series — volatility UNDETERMINED; next_review='frequently', fact_type='fast-changing'"
q_52507e09,I what year did the 'Cod' war between Britain and Iceland begin?,1972,3,triviaqa,,1,NOT_TIME_KEYED,,0,,,,,,,,,,,TriviaQA carries no year-keyed annotation
q_526494bb,Which basketball team won the most recent BSN championship?,Gigantes de Carolina,1,temporal_align_qa,2023,1,VOLATILE,"2000,2001,2002,2003,2004,2005,2006,2007,2008,2009,2010,2011,2012,2013,2014,2015,2016,2017,2018,2019,2020,2021,2022,2023",24,2023,3,9,0,1,1,gigantes de carolina,,,,9 distinct answer sets across 24 years
q_5284772a,Who is the most recent recipient of the Babe Ruth Award?,Adolis García,1,temporal_align_qa,2023,2,VOLATILE,"2000,2001,2002,2003,2004,2005,2006,2007,2008,2009,2010,2011,2012,2013,2014,2015,2016,2017,2018,2019,2020,2021,2022,2023",24,2023,3,24,0,1,1,adolis garcía,,,,24 distinct answer sets across 24 years
q_52957594,In which television series is LL Cool J currently starring as a main cast member?,Hip Hop Treasures,6,temporal_align_qa,2023,1,VOLATILE,"2000,2001,2002,2003,2004,2005,2006,2007,2008,2009,2010,2011,2012,2013,2014,2015,2016,2017,2018,2019,2020,2021,2022,2023",24,2023,3,23,0,1,1,america in black | fight the power: how hip-hop changed the world | hip hop treasures | ncis: hawai'i | ncis: los angeles | superfan,,,,23 distinct answer sets across 24 years
q_531f875a,What is the name of the horse that won the most recent Avondale Cup at Avondale Racecourse?,Aquacade,1,temporal_align_qa,2023,1,VOLATILE,"2000,2001,2002,2003,2004,2005,2006,2007,2008,2009,2010,2011,2012,2013,2014,2015,2016,2017,2018,2019,2020,2021,2022,2023",24,2023,3,23,0,1,1,aquacade,,,,23 distinct answer sets across 24 years
q_5329f934,Who is the leading goalkicker for the Brisbane Lions Australian Football League team?,Joe Daniher,1,temporal_align_qa,2023,1,VOLATILE,"2000,2001,2002,2003,2004,2005,2006,2007,2008,2009,2010,2011,2012,2013,2014,2015,2016,2017,2018,2019,2020,2021,2022,2023",24,2023,3,11,0,1,1,joe daniher,,,,11 distinct answer sets across 24 years
q_534fcd60,How many novels has Stephen King published?,66 novels,4,freshqa,2023,1,SINGLE_YEAR,2023,1,2023,3,,,1,,,frequently,fast-changing,,"FreshQA carries a single effective_year, not a year series — volatility UNDETERMINED; next_review='frequently', fact_type='fast-changing'"
q_53b66262,Where is Tesla's headquarters?,"Austin, TX",2,freshqa,before 2022,1,SINGLE_YEAR,before 2022,1,before 2022,,,,1,,,occasionally,slow-changing,,"FreshQA carries a single effective_year, not a year series — volatility UNDETERMINED; next_review='occasionally', fact_type='slow-changing'"
q_53e77e63,How many games are there in the Ace Attorney main series?,6,2,freshqa,before 2022,2,SINGLE_YEAR,before 2022,1,before 2022,,,,1,,,occasionally,slow-changing,,"FreshQA carries a single effective_year, not a year series — volatility UNDETERMINED; next_review='occasionally', fact_type='slow-changing'"
q_5431673a,Where was the Rugby Europe Under-18 Championship final held?,Prague,1,temporal_align_qa,2023,1,VOLATILE,"2000,2001,2002,2003,2004,2005,2006,2007,2008,2009,2010,2011,2012,2013,2014,2015,2016,2017,2018,2019,2020,2021,2022,2023",24,2023,3,17,0,1,1,prague,,,,17 distinct answer sets across 24 years
q_54467ccf,Who is one of the outfielders in the National League who has won a Gold Glove Award?,Ian Happ,1,temporal_align_qa,2023,1,VOLATILE,"2000,2001,2002,2003,2004,2005,2006,2007,2008,2009,2010,2011,2012,2013,2014,2015,2016,2017,2018,2019,2020,2021,2022,2023",24,2023,3,17,0,1,1,ian happ,,,,17 distinct answer sets across 24 years
q_54cc8f89,Who is the top scorer in the current Allsvenskan season?,Sweden Isaac Kiese Thelin,1,temporal_align_qa,2023,1,VOLATILE,"2000,2001,2002,2003,2004,2005,2006,2007,2008,2009,2010,2011,2012,2013,2014,2015,2016,2017,2018,2019,2020,2021,2022,2023",24,2023,3,24,0,1,1,sweden isaac kiese thelin,,,,24 distinct answer sets across 24 years
q_560436e5,Who is the Sheffield Wednesday F.C. Player of the Year?,Liam Palmer,1,temporal_align_qa,2023,1,VOLATILE,"2000,2001,2002,2003,2004,2005,2006,2007,2008,2009,2010,2011,2012,2013,2014,2015,2016,2017,2018,2019,2020,2021,2022,2023",24,2023,3,23,0,1,1,liam palmer,,,,23 distinct answer sets across 24 years
q_5653e571,Where was the World Junior Speed Skating Championships held most recently?,Inzell,1,temporal_align_qa,2023,1,VOLATILE,"2000,2001,2002,2003,2004,2005,2006,2007,2008,2009,2010,2011,2012,2013,2014,2015,2016,2017,2018,2019,2020,2021,2022,2023",24,2023,3,19,0,1,1,inzell,,,,19 distinct answer sets across 24 years
q_56a62a28,What is the title of the book that won the Ethel Turner Prize for Young People's Literature recently?,The Upwelling,1,temporal_align_qa,2023,1,VOLATILE,"2000,2001,2002,2003,2004,2005,2006,2007,2008,2009,2010,2011,2012,2013,2014,2015,2016,2017,2018,2019,2020,2021,2022,2023",24,2023,3,24,0,1,1,the upwelling,,,,24 distinct answer sets across 24 years
q_56aea0d0,Which team won the Algerian Women's Championship most recently?,Afak Relizane,1,temporal_align_qa,2023,1,VOLATILE,"2000,2001,2002,2003,2004,2005,2006,2007,2008,2009,2010,2011,2012,2013,2014,2015,2016,2017,2018,2019,2020,2021,2022,2023",24,2023,3,10,0,1,1,afak relizane,,,,10 distinct answer sets across 24 years
q_56e02d43,Along what tectonic plate boundary were yeti crabs first discovered?,Pacific-Antarctic Ridge,3,freshqa,before 2022,1,SINGLE_YEAR,before 2022,1,before 2022,,,,1,,,,never-changing,,"FreshQA carries a single effective_year, not a year series — volatility UNDETERMINED; next_review='', fact_type='never-changing'"
q_56ebbb98,How many podium finishes has Nicolas Lapierre had this season?,5,2,temporal_align_qa,2023,1,VOLATILE,"2000,2001,2002,2003,2004,2005,2006,2007,2008,2009,2010,2011,2012,2013,2014,2015,2016,2017,2018,2019,2020,2021,2022,2023",24,2023,3,18,0,1,1,0 | 5,,,,18 distinct answer sets across 24 years
q_56ee58f4,Who is the reigning champion of the C division for the Montana High School Association Cross Country State Championships?,Roberts,1,temporal_align_qa,2023,1,VOLATILE,"2000,2001,2002,2003,2004,2005,2006,2007,2008,2009,2010,2011,2012,2013,2014,2015,2016,2017,2018,2019,2020,2021,2022,2023",24,2023,3,9,0,1,1,roberts,,,,9 distinct answer sets across 24 years
q_579c926b,Which American invented the computer mouse whilst working at the Stamford Research Institute in 1964?,DOUGLAS ENGLEBART,9,triviaqa,,1,NOT_TIME_KEYED,,0,,,,,,,,,,,TriviaQA carries no year-keyed annotation
q_57bc7dc8,Which brand and model of motorcycle won the Baja 500?,KTM,1,temporal_align_qa,2023,1,VOLATILE,"2000,2001,2002,2003,2004,2005,2006,2007,2008,2009,2010,2011,2012,2013,2014,2015,2016,2017,2018,2019,2020,2021,2022,2023",24,2023,3,5,0,1,1,ktm,,,,5 distinct answer sets across 24 years
q_57d1c01a,Who is the current manager of FK Partizan?,Gordan Petrić,1,temporal_align_qa,2023,1,VOLATILE,"2000,2001,2002,2003,2004,2005,2006,2007,2008,2009,2010,2011,2012,2013,2014,2015,2016,2017,2018,2019,2020,2021,2022,2023",24,2023,3,23,0,1,1,gordan petrić,,,,23 distinct answer sets across 24 years
q_58db0825,Which jockey rode the winning horse in the Southwest Stakes with a time of 1,John R. Velazquez,1,temporal_align_qa,2023,2,VOLATILE,"2000,2001,2002,2003,2004,2005,2006,2007,2008,2009,2010,2011,2012,2013,2014,2015,2016,2017,2018,2019,2020,2021,2022,2023",24,2023,3,16,0,1,1,john r. velazquez,,,,16 distinct answer sets across 24 years
q_59076011,Who is the most recent recipient of the Doak Walker Award?,Ollie Gordon II,1,temporal_align_qa,2023,1,VOLATILE,"2000,2001,2002,2003,2004,2005,2006,2007,2008,2009,2010,2011,2012,2013,2014,2015,2016,2017,2018,2019,2020,2021,2022,2023",24,2023,3,22,0,1,1,ollie gordon ii,,,,22 distinct answer sets across 24 years
q_593f6d73,What is the name of the school that came in eighth in the South Australian Head of the River race?,Adelaide HS,1,temporal_align_qa,2023,1,VOLATILE,"2000,2001,2002,2003,2004,2005,2006,2007,2008,2009,2010,2011,2012,2013,2014,2015,2016,2017,2018,2019,2020,2021,2022,2023",24,2023,3,5,0,1,0,adelaide hs,,,,5 distinct answer sets across 24 years
q_594b8e7a,What was the venue of the most recent game between the Brisbane Broncos and the North Queensland Cowboys?,Queensland Country Bank Stadium,2,temporal_align_qa,2023,1,VOLATILE,"2000,2001,2002,2003,2004,2005,2006,2007,2008,2009,2010,2011,2012,2013,2014,2015,2016,2017,2018,2019,2020,2021,2022,2023",24,2023,3,5,0,1,1,queensland country bank stadium | suncorp stadium,,,,5 distinct answer sets across 24 years
q_595ca0b6,Who finished third in the latest edition of the World Freshwater Angling Championships?,England Sean Ashby,1,temporal_align_qa,2023,1,VOLATILE,"2000,2001,2002,2003,2004,2005,2006,2007,2008,2009,2010,2011,2012,2013,2014,2015,2016,2017,2018,2019,2020,2021,2022,2023",24,2023,3,22,0,1,1,england sean ashby,,,,22 distinct answer sets across 24 years
q_5a80cc0d,Who is the champion of the men’s category in the Walt Disney World Marathon?,Daniel Dos Santos,1,temporal_align_qa,2023,1,VOLATILE,"2000,2001,2002,2003,2004,2005,2006,2007,2008,2009,2010,2011,2012,2013,2014,2015,2016,2017,2018,2019,2020,2021,2022,2023",24,2023,3,10,0,1,1,daniel dos santos,,,,10 distinct answer sets across 24 years
q_5aac65b6,Which film won the Toronto International Film Festival People's Choice Award most recently?,The Holdovers,3,temporal_align_qa,2023,2,VOLATILE,"2000,2001,2002,2003,2004,2005,2006,2007,2008,2009,2010,2011,2012,2013,2014,2015,2016,2017,2018,2019,2020,2021,2022,2023",24,2023,3,24,0,1,1,american fiction | the boy and the heron | the holdovers,,,,24 distinct answer sets across 24 years
q_5abb871e,Which team does the latest Performance Index Rating leader of the Greek Basket League play for?,Olympiacos,1,temporal_align_qa,2023,1,VOLATILE,"2000,2001,2002,2003,2004,2005,2006,2007,2008,2009,2010,2011,2012,2013,2014,2015,2016,2017,2018,2019,2020,2021,2022,2023",24,2023,3,19,0,1,1,olympiacos,,,,19 distinct answer sets across 24 years
q_5ac8d92d,When does this year's Passover start?,"Apr 5, 2023",10,freshqa,2023,1,SINGLE_YEAR,2023,1,2023,3,,,1,,,01/01/2024,fast-changing,,"FreshQA carries a single effective_year, not a year series — volatility UNDETERMINED; next_review='01/01/2024', fact_type='fast-changing'"
q_5ad30881,"In 1967, the Republic of Biafra declared independence from which country?",NIGERIA,12,triviaqa,,1,NOT_TIME_KEYED,,0,,,,,,,,,,,TriviaQA carries no year-keyed annotation
q_5b78283a,What is the hometown of the most recent Miss Arkansas winner?,Stuttgart,1,temporal_align_qa,2023,1,VOLATILE,"2000,2001,2002,2003,2004,2005,2006,2007,2008,2009,2010,2011,2012,2013,2014,2015,2016,2017,2018,2019,2020,2021,2022,2023",24,2023,3,20,0,1,1,stuttgart,,,,20 distinct answer sets across 24 years
q_5b859382,Who are the analysts providing commentary for the Preakness Stakes?,"Randy Moss, Jerry Bailey and Matt Bernier",1,temporal_align_qa,2023,2,VOLATILE,"2000,2001,2002,2003,2004,2005,2006,2007,2008,2009,2010,2011,2012,2013,2014,2015,2016,2017,2018,2019,2020,2021,2022,2023",24,2023,3,8,0,1,1,"randy moss, jerry bailey and matt bernier",,,,8 distinct answer sets across 24 years
q_5cb9d6ad,"""Who played the title role in Woody Allen's film """"Annie Hall""""?""",Diane Keaton,6,triviaqa,,1,NOT_TIME_KEYED,,0,,,,,,,,,,,TriviaQA carries no year-keyed annotation
q_5d7bcc7e,Who is the most recent recipient of the Anisfield-Wolf Book Award for Lifetime Achievement?,Charlayne Hunter-Gault,1,temporal_align_qa,2023,1,VOLATILE,"2000,2001,2002,2003,2004,2005,2006,2007,2008,2009,2010,2011,2012,2013,2014,2015,2016,2017,2018,2019,2020,2021,2022,2023",24,2023,3,24,0,1,1,charlayne hunter-gault,,,,24 distinct answer sets across 24 years
q_5e06e717,Who is the most recent champion of the Boston Marathon Men's wheelchair division?,Marcel Hug,1,temporal_align_qa,2023,1,VOLATILE,"2000,2001,2002,2003,2004,2005,2006,2007,2008,2009,2010,2011,2012,2013,2014,2015,2016,2017,2018,2019,2020,2021,2022,2023",24,2023,3,8,0,1,1,marcel hug,,,,8 distinct answer sets across 24 years
q_5e68b428,From which city is the latest winner of the Bulwer-Lytton Fiction Contest?,"Maya Pasic New York, New York",1,temporal_align_qa,2023,2,VOLATILE,"2000,2001,2002,2003,2004,2005,2006,2007,2008,2009,2010,2011,2012,2013,2014,2015,2016,2017,2018,2019,2020,2021,2022,2023",24,2023,3,24,0,1,1,"maya pasic new york, new york",,,,24 distinct answer sets across 24 years
q_5e69097f,Which school did the North Dakota Mr. Basketball Award winner attend?,Minot,1,temporal_align_qa,2023,1,VOLATILE,"2000,2001,2002,2003,2004,2005,2006,2007,2008,2009,2010,2011,2012,2013,2014,2015,2016,2017,2018,2019,2020,2021,2022,2023",24,2023,3,20,0,1,1,minot,,,,20 distinct answer sets across 24 years
q_5eaf6b2e,Which team took the victory in the Fresh From Florida 250?,Front Row Motorsports,1,temporal_align_qa,2023,1,VOLATILE,"2000,2001,2002,2003,2004,2005,2006,2007,2008,2009,2010,2011,2012,2013,2014,2015,2016,2017,2018,2019,2020,2021,2022,2023",24,2023,3,14,0,1,1,front row motorsports,,,,14 distinct answer sets across 24 years
q_5ee0c56a,What is the most recent massacre that took place in Ethiopia?,Finote Selam drone strike,1,temporal_align_qa,2023,1,VOLATILE,"2000,2001,2002,2003,2004,2005,2006,2007,2008,2009,2010,2011,2012,2013,2014,2015,2016,2017,2018,2019,2020,2021,2022,2023",24,2023,3,10,0,1,1,finote selam drone strike,,,,10 distinct answer sets across 24 years
q_5efb60e3,Which university did the latest Outland Trophy recipient play for?,Texas,1,temporal_align_qa,2023,1,VOLATILE,"2000,2001,2002,2003,2004,2005,2006,2007,2008,2009,2010,2011,2012,2013,2014,2015,2016,2017,2018,2019,2020,2021,2022,2023",24,2023,3,18,0,1,1,texas,,,,18 distinct answer sets across 24 years
q_5f279acb,Which city was the capital of California the year it became a state?,San Jose,4,freshqa,before 2022,3,SINGLE_YEAR,before 2022,1,before 2022,,,,1,,,,never-changing,,"FreshQA carries a single effective_year, not a year series — volatility UNDETERMINED; next_review='', fact_type='never-changing'"
q_5fb43c16,"Whose March 31, 1994 appearance on Late Show with David Letterman resulted in the episode becoming the most censored in American network television talk-show history for obvious reasons?",Madonna,5,triviaqa,,1,NOT_TIME_KEYED,,0,,,,,,,,,,,TriviaQA carries no year-keyed annotation
q_60131439,Which team won the American Basketball Association championship most recently?,Burning River Buckets / Indiana Lyons,1,temporal_align_qa,2023,1,VOLATILE,"2000,2001,2002,2003,2004,2005,2006,2007,2008,2009,2010,2011,2012,2013,2014,2015,2016,2017,2018,2019,2020,2021,2022,2023",24,2023,3,18,0,1,1,burning river buckets / indiana lyons,,,,18 distinct answer sets across 24 years
q_60502f3b,Which team won the BBC Sports Personality Team of the Year Award?,Manchester City F.C.,1,temporal_align_qa,2023,1,VOLATILE,"2000,2001,2002,2003,2004,2005,2006,2007,2008,2009,2010,2011,2012,2013,2014,2015,2016,2017,2018,2019,2020,2021,2022,2023",24,2023,3,18,0,1,1,manchester city f.c.,,,,18 distinct answer sets across 24 years
q_60703185,Who is the champion driver of the Indian National Rally Championship?,Aroor Arjun Rao,1,temporal_align_qa,2023,1,VOLATILE,"2000,2001,2002,2003,2004,2005,2006,2007,2008,2009,2010,2011,2012,2013,2014,2015,2016,2017,2018,2019,2020,2021,2022,2023",24,2023,3,10,0,1,1,aroor arjun rao,,,,10 distinct answer sets across 24 years
q_60e402de,Which book won the Orbis Pictus Award for the most recent year awarded?,Blue: A History of the Color as Deep as the Sea and as Wide as the Sky,1,temporal_align_qa,2023,1,VOLATILE,"2000,2001,2002,2003,2004,2005,2006,2007,2008,2009,2010,2011,2012,2013,2014,2015,2016,2017,2018,2019,2020,2021,2022,2023",24,2023,3,24,0,1,1,blue: a history of the color as deep as the sea and as wide as the sky,,,,24 distinct answer sets across 24 years
q_611d707f,What is the television show in which Christopher McDonald most recently appeared?,Captain Fall,2,temporal_align_qa,2023,1,VOLATILE,"2000,2001,2002,2003,2004,2005,2006,2007,2008,2009,2010,2011,2012,2013,2014,2015,2016,2017,2018,2019,2020,2021,2022,2023",24,2023,3,24,0,1,1,captain fall | secret invasion,,,,24 distinct answer sets across 24 years
q_613da476,Who is the winner of the most recent Grandmaster Tournament at the Biel Chess Festival?,Lê Quang Liêm,1,temporal_align_qa,2023,1,VOLATILE,"2000,2001,2002,2003,2004,2005,2006,2007,2008,2009,2010,2011,2012,2013,2014,2015,2016,2017,2018,2019,2020,2021,2022,2023",24,2023,3,16,0,1,1,lê quang liêm,,,,16 distinct answer sets across 24 years
q_617ac749,Who is the current Dean of the Virginia Tech College of Architecture and Urban Studies?,Rosemary Blieszner,2,temporal_align_qa,2023,1,VOLATILE,"2000,2001,2002,2003,2004,2005,2006,2007,2008,2009,2010,2011,2012,2013,2014,2015,2016,2017,2018,2019,2020,2021,2022,2023",24,2023,3,8,0,1,1,rosemary blieszner | tsai lu liu,,,,8 distinct answer sets across 24 years
q_618650f8,Who is the current manager of US Monastir football team?,Darko Nović,1,temporal_align_qa,2023,1,VOLATILE,"2000,2001,2002,2003,2004,2005,2006,2007,2008,2009,2010,2011,2012,2013,2014,2015,2016,2017,2018,2019,2020,2021,2022,2023",24,2023,3,23,0,1,1,darko nović,,,,23 distinct answer sets across 24 years
q_624c6c50,Who received the Country Music Association Award for Male Vocalist of the Year?,Chris Stapleton,1,temporal_align_qa,2023,1,VOLATILE,"2000,2001,2002,2003,2004,2005,2006,2007,2008,2009,2010,2011,2012,2013,2014,2015,2016,2017,2018,2019,2020,2021,2022,2023",24,2023,3,8,0,1,1,chris stapleton,,,,8 distinct answer sets across 24 years
q_62a24122,Who won the 2020 Formula 1 world driver's championship?,Lewis Hamilton,2,freshqa,before 2022,1,SINGLE_YEAR,before 2022,1,before 2022,,,,1,,,,never-changing,,"FreshQA carries a single effective_year, not a year series — volatility UNDETERMINED; next_review='', fact_type='never-changing'"
q_63335fe3,Who won the top division championship at the January sumo tournament in Tokyo?,Takakeishō,1,temporal_align_qa,2023,1,VOLATILE,"2000,2001,2002,2003,2004,2005,2006,2007,2008,2009,2010,2011,2012,2013,2014,2015,2016,2017,2018,2019,2020,2021,2022,2023",24,2023,3,15,0,1,1,takakeishō,,,,15 distinct answer sets across 24 years
q_63a44892,Which team won the Estonian Supercup?,Paide,1,temporal_align_qa,2023,2,VOLATILE,"2000,2001,2002,2003,2004,2005,2006,2007,2008,2009,2010,2011,2012,2013,2014,2015,2016,2017,2018,2019,2020,2021,2022,2023",24,2023,3,8,0,1,1,paide,,,,8 distinct answer sets across 24 years
q_63c4c1ca,Which horse won the Oaks d'Italia most recently?,Shavasana,1,temporal_align_qa,2023,1,VOLATILE,"2000,2001,2002,2003,2004,2005,2006,2007,2008,2009,2010,2011,2012,2013,2014,2015,2016,2017,2018,2019,2020,2021,2022,2023",24,2023,3,24,0,1,1,shavasana,,,,24 distinct answer sets across 24 years
q_645572d1,Which team was the runner-up in the Korvpalli Meistriliiga championship?,Tartu Ülikool Maks & Moorits,1,temporal_align_qa,2023,1,VOLATILE,"2000,2001,2002,2003,2004,2005,2006,2007,2008,2009,2010,2011,2012,2013,2014,2015,2016,2017,2018,2019,2020,2021,2022,2023",24,2023,3,18,0,1,1,tartu ülikool maks & moorits,,,,18 distinct answer sets across 24 years
q_64800213,Which woman was the singer with Jefferson Airplane?,Grace Slick,4,triviaqa,,1,NOT_TIME_KEYED,,0,,,,,,,,,,,TriviaQA carries no year-keyed annotation
q_65d75670,"""What is the occupation of the title character in """"Finnegan's Wake"""" by James Joyce?""",Hod carrier,4,triviaqa,,1,NOT_TIME_KEYED,,0,,,,,,,,,,,TriviaQA carries no year-keyed annotation
q_6657182b,Which male athlete won the Callahan Award most recently?,Justin Burnett,1,temporal_align_qa,2023,2,VOLATILE,"2000,2001,2002,2003,2004,2005,2006,2007,2008,2009,2010,2011,2012,2013,2014,2015,2016,2017,2018,2019,2020,2021,2022,2023",24,2023,3,24,0,1,1,justin burnett,,,,24 distinct answer sets across 24 years
q_665a6704,Who is the most recent champion of the Chubb Classic?,DEU Bernhard Langer,1,temporal_align_qa,2023,1,VOLATILE,"2000,2001,2002,2003,2004,2005,2006,2007,2008,2009,2010,2011,2012,2013,2014,2015,2016,2017,2018,2019,2020,2021,2022,2023",24,2023,3,18,0,1,1,deu bernhard langer,,,,18 distinct answer sets across 24 years
q_66b78d55,Who hosted the Juno Awards ceremony?,Simu Liu,1,temporal_align_qa,2023,2,VOLATILE,"2000,2001,2002,2003,2004,2005,2006,2007,2008,2009,2010,2011,2012,2013,2014,2015,2016,2017,2018,2019,2020,2021,2022,2023",24,2023,3,21,0,1,1,simu liu,,,,21 distinct answer sets across 24 years
q_6757b6a9,Who is the most recent recipient of the Los Angeles Film Critics Association Award for Best Director?,Jonathan Glazer,1,temporal_align_qa,2023,1,VOLATILE,"2000,2001,2002,2003,2004,2005,2006,2007,2008,2009,2010,2011,2012,2013,2014,2015,2016,2017,2018,2019,2020,2021,2022,2023",24,2023,3,23,0,1,1,jonathan glazer,,,,23 distinct answer sets across 24 years
q_67c87177,Who was the most recent recipient of the Ron McAuliffe Medal?,Reuben Cotter,1,temporal_align_qa,2023,2,VOLATILE,"2000,2001,2002,2003,2004,2005,2006,2007,2008,2009,2010,2011,2012,2013,2014,2015,2016,2017,2018,2019,2020,2021,2022,2023",24,2023,3,16,0,1,1,reuben cotter,,,,16 distinct answer sets across 24 years
q_6875d955,Who was the runner-up in the last Honinbo competition?,Yuta Iyama,1,temporal_align_qa,2023,1,VOLATILE,"2000,2001,2002,2003,2004,2005,2006,2007,2008,2009,2010,2011,2012,2013,2014,2015,2016,2017,2018,2019,2020,2021,2022,2023",24,2023,3,15,0,1,1,yuta iyama,,,,15 distinct answer sets across 24 years
q_68d60970,Who is the current title holder of the Kisei tournament in Go?,Ichiriki Ryo,1,temporal_align_qa,2023,1,VOLATILE,"2000,2001,2002,2003,2004,2005,2006,2007,2008,2009,2010,2011,2012,2013,2014,2015,2016,2017,2018,2019,2020,2021,2022,2023",24,2023,3,6,0,1,1,ichiriki ryo,,,,6 distinct answer sets across 24 years
q_69646c02,How old is the most-followed user on TikTok?,23 years old,2,freshqa,2023,1,SINGLE_YEAR,2023,1,2023,3,,,1,,,03/09/2024,fast-changing,,"FreshQA carries a single effective_year, not a year series — volatility UNDETERMINED; next_review='03/09/2024', fact_type='fast-changing'"
q_697c0008,Which pitcher gave up the most recent home run that landed in McCovey Cove?,Anthony DeSclafani,4,temporal_align_qa,2023,1,VOLATILE,"2000,2001,2002,2003,2004,2005,2006,2007,2008,2009,2010,2011,2012,2013,2014,2015,2016,2017,2018,2019,2020,2021,2022,2023",24,2023,3,23,0,1,1,alex cobb | anthony desclafani | brett wisely | ross stripling,,,,23 distinct answer sets across 24 years
q_69b0bd6d,Which team did the Great Britain Davis Cup team compete against in its most recent completed match?,France,5,temporal_align_qa,2023,1,VOLATILE,"2000,2001,2002,2003,2004,2005,2006,2007,2008,2009,2010,2011,2012,2013,2014,2015,2016,2017,2018,2019,2020,2021,2022,2023",24,2023,3,23,0,1,1,australia | colombia | france | srb | switzerland,,,,23 distinct answer sets across 24 years
q_69f7cd76,Who is the current representative of Michigan's 7th congressional district?,100px Elissa Slotkin,2,temporal_align_qa,2023,1,VOLATILE,"2000,2001,2002,2003,2004,2005,2006,2007,2008,2009,2010,2011,2012,2013,2014,2015,2016,2017,2018,2019,2020,2021,2022,2023",24,2023,3,8,0,1,1,100px elissa slotkin | 100px tim walberg,,,,8 distinct answer sets across 24 years
q_6a00b156,"Of these sedimentary rocks, which one is not organic, being instead 'clastic'?",Shale,6,triviaqa,,1,NOT_TIME_KEYED,,0,,,,,,,,,,,TriviaQA carries no year-keyed annotation
q_6a6b8494,Who posted the most-liked tweet last year?,Elon Musk,1,freshqa,2023,1,SINGLE_YEAR,2023,1,2023,3,,,1,,,01/01/2024,fast-changing,,"FreshQA carries a single effective_year, not a year series — volatility UNDETERMINED; next_review='01/01/2024', fact_type='fast-changing'"
q_6a754bab,Who is the current President of the Institute of Physics and Engineering in Medicine?,Dr Robert Farley,1,temporal_align_qa,2023,1,VOLATILE,"2000,2001,2002,2003,2004,2005,2006,2007,2008,2009,2010,2011,2012,2013,2014,2015,2016,2017,2018,2019,2020,2021,2022,2023",24,2023,3,23,0,1,1,dr robert farley,,,,23 distinct answer sets across 24 years
q_6a7dc28e,What is the second highest-grossing Kannada movie of all time?,Kantara,1,freshqa,2022,1,SINGLE_YEAR,2022,1,2022,4,,,1,,,occasionally,slow-changing,,"FreshQA carries a single effective_year, not a year series — volatility UNDETERMINED; next_review='occasionally', fact_type='slow-changing'"
q_6a82c062,Who is the latest first-place winner of the Klein Competition?,Emad Zolfaghari,1,temporal_align_qa,2023,1,VOLATILE,"2000,2001,2002,2003,2004,2005,2006,2007,2008,2009,2010,2011,2012,2013,2014,2015,2016,2017,2018,2019,2020,2021,2022,2023",24,2023,3,24,0,1,1,emad zolfaghari,,,,24 distinct answer sets across 24 years
q_6a9f5944,Which entity owned the winning horse of the most recent Arkansas Derby?,Albaugh Family Stables,1,temporal_align_qa,2023,1,VOLATILE,"2000,2001,2002,2003,2004,2005,2006,2007,2008,2009,2010,2011,2012,2013,2014,2015,2016,2017,2018,2019,2020,2021,2022,2023",24,2023,3,23,0,1,1,albaugh family stables,,,,23 distinct answer sets across 24 years
q_6aed1558,What is the name of the person holding the presidency at Purdue University?,Mung Chiang,1,temporal_align_qa,2023,1,VOLATILE,"2000,2001,2002,2003,2004,2005,2006,2007,2008,2009,2010,2011,2012,2013,2014,2015,2016,2017,2018,2019,2020,2021,2022,2023",24,2023,3,8,0,1,1,mung chiang,,,,8 distinct answer sets across 24 years
q_6bd3b3c9,What is the main spirit in a Margarita?,Tequila,11,triviaqa,,1,NOT_TIME_KEYED,,0,,,,,,,,,,,TriviaQA carries no year-keyed annotation
q_6c6fbf05,"What award did Yann LeCun, Geoffrey Hinton, and Yoshua Bengio win together?",Turing Award,5,freshqa,before 2022,1,SINGLE_YEAR,before 2022,1,before 2022,,,,1,,,,never-changing,,"FreshQA carries a single effective_year, not a year series — volatility UNDETERMINED; next_review='', fact_type='never-changing'"
q_6d00c75f,When is this year's Ramadan?,"Wed, Mar 22 – Fri, Apr 21",6,freshqa,2023,1,SINGLE_YEAR,2023,1,2023,3,,,1,,,01/01/2024,fast-changing,,"FreshQA carries a single effective_year, not a year series — volatility UNDETERMINED; next_review='01/01/2024', fact_type='fast-changing'"
q_6dce83d8,How many field goals did the Women's National Basketball Association season scoring leader make?,285,1,temporal_align_qa,2023,1,VOLATILE,"2000,2001,2002,2003,2004,2005,2006,2007,2008,2009,2010,2011,2012,2013,2014,2015,2016,2017,2018,2019,2020,2021,2022,2023",24,2023,3,22,0,1,1,285,,,,22 distinct answer sets across 24 years
q_6e543930,The land of Azeroth features in which video game?,Warcraft,12,triviaqa,,1,NOT_TIME_KEYED,,0,,,,,,,,,,,TriviaQA carries no year-keyed annotation
q_6f15c777,In which country is Mdina Glass made?,MALTA,6,triviaqa,,1,NOT_TIME_KEYED,,0,,,,,,,,,,,TriviaQA carries no year-keyed annotation
q_6f19be8a,Who is the current recipient of the NABC Player of the Year in NCAA Division II basketball?,RJ Sunahara,1,temporal_align_qa,2023,1,VOLATILE,"2000,2001,2002,2003,2004,2005,2006,2007,2008,2009,2010,2011,2012,2013,2014,2015,2016,2017,2018,2019,2020,2021,2022,2023",24,2023,3,24,0,1,1,rj sunahara,,,,24 distinct answer sets across 24 years
q_6f1acb10,What is the playoffs result for the Western Conference regular season champion?,Lost first round,1,temporal_align_qa,2023,1,VOLATILE,"2000,2001,2002,2003,2004,2005,2006,2007,2008,2009,2010,2011,2012,2013,2014,2015,2016,2017,2018,2019,2020,2021,2022,2023",24,2023,3,6,0,1,1,lost first round,,,,6 distinct answer sets across 24 years
q_70ab2a41,Who is the current champion of the Italian National Time Trial Championships in the women's category?,Elisa Longo Borghini,1,temporal_align_qa,2023,1,VOLATILE,"2000,2001,2002,2003,2004,2005,2006,2007,2008,2009,2010,2011,2012,2013,2014,2015,2016,2017,2018,2019,2020,2021,2022,2023",24,2023,3,9,0,1,1,elisa longo borghini,,,,9 distinct answer sets across 24 years
q_71c4d6a7,Which institution's athlete won the NABC Player of the Year in NCAA Division III most recently?,Wheaton,1,temporal_align_qa,2023,1,VOLATILE,"2000,2001,2002,2003,2004,2005,2006,2007,2008,2009,2010,2011,2012,2013,2014,2015,2016,2017,2018,2019,2020,2021,2022,2023",24,2023,3,23,0,1,1,wheaton,,,,23 distinct answer sets across 24 years
q_71ca7be1,Which team is the current winner of the Super League (Ireland) National Cup?,Maree,1,temporal_align_qa,2023,1,VOLATILE,"2000,2001,2002,2003,2004,2005,2006,2007,2008,2009,2010,2011,2012,2013,2014,2015,2016,2017,2018,2019,2020,2021,2022,2023",24,2023,3,18,0,1,1,maree,,,,18 distinct answer sets across 24 years
q_7378baa7,Who conducted the trophy presentation at the American League Championship Series?,Kevin Burkhardt,1,temporal_align_qa,2023,1,VOLATILE,"2000,2001,2002,2003,2004,2005,2006,2007,2008,2009,2010,2011,2012,2013,2014,2015,2016,2017,2018,2019,2020,2021,2022,2023",24,2023,3,12,0,1,1,kevin burkhardt,,,,12 distinct answer sets across 24 years
q_738b3f1b,Who won the Hungarian Grand Prix most recently?,Max Verstappen,1,temporal_align_qa,2023,1,VOLATILE,"2000,2001,2002,2003,2004,2005,2006,2007,2008,2009,2010,2011,2012,2013,2014,2015,2016,2017,2018,2019,2020,2021,2022,2023",24,2023,3,13,0,1,1,max verstappen,,,,13 distinct answer sets across 24 years
q_746185c8,"Ngati Toa, a New Zealand tribal group won the intellectual property rights to what?",The Maori Haka,6,triviaqa,,1,NOT_TIME_KEYED,,0,,,,,,,,,,,TriviaQA carries no year-keyed annotation
q_747bbca1,What country does the Wimbledon women's champion play for?,Czech Republic,2,freshqa,2023,1,SINGLE_YEAR,2023,1,2023,3,,,1,,,frequently,fast-changing,,"FreshQA carries a single effective_year, not a year series — volatility UNDETERMINED; next_review='frequently', fact_type='fast-changing'"
q_75b15e04,Which artist won the APRA Music Awards (Australia) Song of the Year lately?,Flume featuring May-a,1,temporal_align_qa,2023,1,VOLATILE,"2000,2001,2002,2003,2004,2005,2006,2007,2008,2009,2010,2011,2012,2013,2014,2015,2016,2017,2018,2019,2020,2021,2022,2023",24,2023,3,22,0,1,1,flume featuring may-a,,,,22 distinct answer sets across 24 years
q_75c9b763,What is the total purse for the most recent Women's British Open?,"9,000,000",1,temporal_align_qa,2023,1,VOLATILE,"2000,2001,2002,2003,2004,2005,2006,2007,2008,2009,2010,2011,2012,2013,2014,2015,2016,2017,2018,2019,2020,2021,2022,2023",24,2023,3,15,0,1,1,"9,000,000",,,,15 distinct answer sets across 24 years
q_75e28045,Which university’s team won the Design/Build/Fly competition?,RWTH Aachen University,1,temporal_align_qa,2023,2,VOLATILE,"2000,2001,2002,2003,2004,2005,2006,2007,2008,2009,2010,2011,2012,2013,2014,2015,2016,2017,2018,2019,2020,2021,2022,2023",24,2023,3,13,0,1,1,rwth aachen university,,,,13 distinct answer sets across 24 years
q_76a7b4a6,What was the latest champion's score relative to par at the Japan Women's Open Golf Championship?,−15,1,temporal_align_qa,2023,1,VOLATILE,"2000,2001,2002,2003,2004,2005,2006,2007,2008,2009,2010,2011,2012,2013,2014,2015,2016,2017,2018,2019,2020,2021,2022,2023",24,2023,3,19,0,1,1,−15,,,,19 distinct answer sets across 24 years
q_76be48a4,Which thoroughbred won the Coronation Stakes most recently?,Tahiyra,1,temporal_align_qa,2023,1,VOLATILE,"2000,2001,2002,2003,2004,2005,2006,2007,2008,2009,2010,2011,2012,2013,2014,2015,2016,2017,2018,2019,2020,2021,2022,2023",24,2023,3,24,0,1,1,tahiyra,,,,24 distinct answer sets across 24 years
q_77b08615,Who was the owner of the horse that won the latest Black-Eyed Susan Stakes?,"NET Racing, Michael Dubb, First Row Partners & Team Hanley",1,temporal_align_qa,2023,1,VOLATILE,"2000,2001,2002,2003,2004,2005,2006,2007,2008,2009,2010,2011,2012,2013,2014,2015,2016,2017,2018,2019,2020,2021,2022,2023",24,2023,3,24,0,1,1,"net racing, michael dubb, first row partners & team hanley",,,,24 distinct answer sets across 24 years
q_77f52421,Which horse won the Santa Anita Handicap most recently?,Stilleto Boy,1,temporal_align_qa,2023,1,VOLATILE,"2000,2001,2002,2003,2004,2005,2006,2007,2008,2009,2010,2011,2012,2013,2014,2015,2016,2017,2018,2019,2020,2021,2022,2023",24,2023,3,20,0,1,1,stilleto boy,,,,20 distinct answer sets across 24 years
q_7810cebf,Who is the current head coach of the Los Angeles Sparks?,Curt Miller,1,temporal_align_qa,2023,1,VOLATILE,"2000,2001,2002,2003,2004,2005,2006,2007,2008,2009,2010,2011,2012,2013,2014,2015,2016,2017,2018,2019,2020,2021,2022,2023",24,2023,3,12,0,1,1,curt miller,,,,12 distinct answer sets across 24 years
q_78251db1,What is the location of the football stadium for the Azerbaijan Cup Final match?,3 June 2023   Baku – Bakcell Arena,1,temporal_align_qa,2023,1,VOLATILE,"2000,2001,2002,2003,2004,2005,2006,2007,2008,2009,2010,2011,2012,2013,2014,2015,2016,2017,2018,2019,2020,2021,2022,2023",24,2023,3,24,0,1,1,3 june 2023 baku – bakcell arena,,,,24 distinct answer sets across 24 years
q_785fdb1b,Which trainer prepared the winning horse in the last Cambridgeshire Handicap?,Daniel & Claire Kubler,1,temporal_align_qa,2023,1,VOLATILE,"2000,2001,2002,2003,2004,2005,2006,2007,2008,2009,2010,2011,2012,2013,2014,2015,2016,2017,2018,2019,2020,2021,2022,2023",24,2023,3,20,0,1,1,daniel & claire kubler,,,,20 distinct answer sets across 24 years
q_787a3f9a,Which skater received the bronze medal in the Novice B Ladies category at the Japan Junior Figure Skating Championships?,Aoha Hoshi,1,temporal_align_qa,2023,1,VOLATILE,"2000,2001,2002,2003,2004,2005,2006,2007,2008,2009,2010,2011,2012,2013,2014,2015,2016,2017,2018,2019,2020,2021,2022,2023",24,2023,3,24,0,1,1,aoha hoshi,,,,24 distinct answer sets across 24 years
q_7889631c,What is the name of the Spokesperson for the United States Department of State who represents the current administration?,Matthew Miller,2,temporal_align_qa,2023,1,VOLATILE,"2000,2001,2002,2003,2004,2005,2006,2007,2008,2009,2010,2011,2012,2013,2014,2015,2016,2017,2018,2019,2020,2021,2022,2023",24,2023,3,18,0,1,1,matthew miller | ned price,,,,18 distinct answer sets across 24 years
q_78ed83ff,What team is the current TC2000 Championship champion associated with?,Axion Energy Sport,1,temporal_align_qa,2023,1,VOLATILE,"2000,2001,2002,2003,2004,2005,2006,2007,2008,2009,2010,2011,2012,2013,2014,2015,2016,2017,2018,2019,2020,2021,2022,2023",24,2023,3,14,0,1,1,axion energy sport,,,,14 distinct answer sets across 24 years
q_79078e30,How many goals did the leading goalkicker for the West Coast Eagles score this season?,53,1,temporal_align_qa,2023,1,VOLATILE,"2000,2001,2002,2003,2004,2005,2006,2007,2008,2009,2010,2011,2012,2013,2014,2015,2016,2017,2018,2019,2020,2021,2022,2023",24,2023,3,20,0,1,1,53,,,,20 distinct answer sets across 24 years
q_7946d4f3,Who is the lead designer of the latest machine released by Stern Pinball?,Brian Eddy,2,temporal_align_qa,2023,1,VOLATILE,"2000,2001,2002,2003,2004,2005,2006,2007,2008,2009,2010,2011,2012,2013,2014,2015,2016,2017,2018,2019,2020,2021,2022,2023",24,2023,3,22,0,1,1,brian eddy | jack danger,,,,22 distinct answer sets across 24 years
q_794f635d,Who was the jockey that rode the winning horse in the most recent Gordon Stakes race?,Tom Marquand,1,temporal_align_qa,2023,1,VOLATILE,"2000,2001,2002,2003,2004,2005,2006,2007,2008,2009,2010,2011,2012,2013,2014,2015,2016,2017,2018,2019,2020,2021,2022,2023",24,2023,3,17,0,1,1,tom marquand,,,,17 distinct answer sets across 24 years
q_7954a9bc,Which film featured the performance that won the most recent Blue Dragon Film Award for Best Supporting Actor?,Smugglers,1,temporal_align_qa,2023,1,VOLATILE,"2000,2001,2002,2003,2004,2005,2006,2007,2008,2009,2010,2011,2012,2013,2014,2015,2016,2017,2018,2019,2020,2021,2022,2023",24,2023,3,24,0,1,1,smugglers,,,,24 distinct answer sets across 24 years
q_79d94239,Where in the body would you find rod cells and cone cells,In the eye,2,triviaqa,,1,NOT_TIME_KEYED,,0,,,,,,,,,,,TriviaQA carries no year-keyed annotation
q_79daac81,How many flights of the Space Launch System have been successfully launched?,1,2,freshqa,2022,2,SINGLE_YEAR,2022,1,2022,4,,,1,,,2024,slow-changing,,"FreshQA carries a single effective_year, not a year series — volatility UNDETERMINED; next_review='2024', fact_type='slow-changing'"
q_79f6b4eb,How many finalists were there in the most recent Archibald Prize competition?,57.0,1,temporal_align_qa,2023,1,VOLATILE,"2000,2001,2002,2003,2004,2005,2006,2007,2008,2009,2010,2011,2012,2013,2014,2015,2016,2017,2018,2019,2020,2021,2022,2023",24,2023,3,14,0,1,1,57.0,,,,14 distinct answer sets across 24 years
q_7a065d8f,Who are the color commentators for the NBA Finals broadcast on national radio?,Doris Burke and P. J. Carlesimo,1,temporal_align_qa,2023,1,VOLATILE,"2000,2001,2002,2003,2004,2005,2006,2007,2008,2009,2010,2011,2012,2013,2014,2015,2016,2017,2018,2019,2020,2021,2022,2023",24,2023,3,6,0,1,1,doris burke and p. j. carlesimo,,,,6 distinct answer sets across 24 years
q_7a2157d8,"What possession of 'wild west' star Annie Oakley sold at a 2012 auction for $143,000?",Gun,4,triviaqa,,1,NOT_TIME_KEYED,,0,,,,,,,,,,,TriviaQA carries no year-keyed annotation
q_7b41f83f,What is the name of the current co-recipient of the Eddy Choong Player of the Year award?,South Korea,1,temporal_align_qa,2023,1,VOLATILE,"2000,2001,2002,2003,2004,2005,2006,2007,2008,2009,2010,2011,2012,2013,2014,2015,2016,2017,2018,2019,2020,2021,2022,2023",24,2023,3,12,0,1,1,south korea,,,,12 distinct answer sets across 24 years
q_7be67437,Who is the current kit manufacturer for Trabzonspor?,Macron,1,temporal_align_qa,2023,1,VOLATILE,"2000,2001,2002,2003,2004,2005,2006,2007,2008,2009,2010,2011,2012,2013,2014,2015,2016,2017,2018,2019,2020,2021,2022,2023",24,2023,3,9,0,1,1,macron,,,,9 distinct answer sets across 24 years
q_7c0a6cba,Who is the current representative for Michigan's 8th congressional district?,100px Elissa Slotkin,2,temporal_align_qa,2023,1,VOLATILE,"2000,2001,2002,2003,2004,2005,2006,2007,2008,2009,2010,2011,2012,2013,2014,2015,2016,2017,2018,2019,2020,2021,2022,2023",24,2023,3,8,0,1,1,100px dan kildee | 100px elissa slotkin,,,,8 distinct answer sets across 24 years
q_7c47387f,Which character did Walton Goggins most recently portray on television?,Earl 'Peanutt' Montgomery,5,temporal_align_qa,2023,1,VOLATILE,"2000,2001,2002,2003,2004,2005,2006,2007,2008,2009,2010,2011,2012,2013,2014,2015,2016,2017,2018,2019,2020,2021,2022,2023",24,2023,3,19,0,1,1,baby billy freeman | boyd crowder | cecil stedman | earl 'peanutt' montgomery | jay whittle / the hero,,,,19 distinct answer sets across 24 years
q_7dd95f30,Who hosted BBC Scotland's most recent Hogmanay celebration broadcast?,Edith Bowman Amy Irons,1,temporal_align_qa,2023,2,VOLATILE,"2000,2001,2002,2003,2004,2005,2006,2007,2008,2009,2010,2011,2012,2013,2014,2015,2016,2017,2018,2019,2020,2021,2022,2023",24,2023,3,15,0,1,1,edith bowman amy irons,,,,15 distinct answer sets across 24 years
q_7ed2a6d6,Which institution's representative is serving as the current chair of the Russell Group?,Manchester,2,temporal_align_qa,2023,1,VOLATILE,"2000,2001,2002,2003,2004,2005,2006,2007,2008,2009,2010,2011,2012,2013,2014,2015,2016,2017,2018,2019,2020,2021,2022,2023",24,2023,3,15,0,1,1,manchester | newcastle,,,,15 distinct answer sets across 24 years
q_7fc62b46,Who owned the horse that won the latest Hong Kong Sprint?,"Cheng Ming Leung, Cheng Yu Tung Et Al",1,temporal_align_qa,2023,1,VOLATILE,"2000,2001,2002,2003,2004,2005,2006,2007,2008,2009,2010,2011,2012,2013,2014,2015,2016,2017,2018,2019,2020,2021,2022,2023",24,2023,3,18,0,1,1,"cheng ming leung, cheng yu tung et al",,,,18 distinct answer sets across 24 years
q_801947bd,Which driver claimed victory at the latest Sno*Drift rally?,Canada Brandon Semenuk,1,temporal_align_qa,2023,1,VOLATILE,"2000,2001,2002,2003,2004,2005,2006,2007,2008,2009,2010,2011,2012,2013,2014,2015,2016,2017,2018,2019,2020,2021,2022,2023",24,2023,3,14,0,1,1,canada brandon semenuk,,,,14 distinct answer sets across 24 years
q_802fd2cb,Who is the current head coach of C.D. Guadalajara?,SRB Veljko Paunović,1,temporal_align_qa,2023,1,VOLATILE,"2000,2001,2002,2003,2004,2005,2006,2007,2008,2009,2010,2011,2012,2013,2014,2015,2016,2017,2018,2019,2020,2021,2022,2023",24,2023,3,23,0,1,1,srb veljko paunović,,,,23 distinct answer sets across 24 years
q_807cdee5,Where is Cambridge City F.C.'s home ground?,"Bridge Road, Histon",1,temporal_align_qa,2023,1,VOLATILE,"2000,2001,2002,2003,2004,2005,2006,2007,2008,2009,2010,2011,2012,2013,2014,2015,2016,2017,2018,2019,2020,2021,2022,2023",24,2023,3,5,0,1,1,"bridge road, histon",,,,5 distinct answer sets across 24 years
q_80aa22e7,"What time of day on August 15, 1947 did India become an independent nation?",12:02 am,3,freshqa,before 2022,1,SINGLE_YEAR,before 2022,1,before 2022,,,,1,,,,never-changing,,"FreshQA carries a single effective_year, not a year series — volatility UNDETERMINED; next_review='', fact_type='never-changing'"
q_80aff2cd,Which team took the victory in the latest edition of the 24 Hours of Le Mans race?,Ferrari – AF Corse,1,temporal_align_qa,2023,1,VOLATILE,"2000,2001,2002,2003,2004,2005,2006,2007,2008,2009,2010,2011,2012,2013,2014,2015,2016,2017,2018,2019,2020,2021,2022,2023",24,2023,3,10,0,1,1,ferrari – af corse,,,,10 distinct answer sets across 24 years
q_80bc432e,"The ‘Delta Works’ is a series of construction projects in which European country, to protect large areas of land from the sea?",Netherlands,12,triviaqa,,1,NOT_TIME_KEYED,,0,,,,,,,,,,,TriviaQA carries no year-keyed annotation
q_811a9dea,Who is the reigning junior women's champion of the U.S. Classic?,Kieryn Finnell,1,temporal_align_qa,2023,1,VOLATILE,"2000,2001,2002,2003,2004,2005,2006,2007,2008,2009,2010,2011,2012,2013,2014,2015,2016,2017,2018,2019,2020,2021,2022,2023",24,2023,3,20,0,1,1,kieryn finnell,,,,20 distinct answer sets across 24 years
q_827117d8,Who trained the winning horse in the most recent United Nations Stakes?,Michael J. Maker,1,temporal_align_qa,2023,1,VOLATILE,"2000,2001,2002,2003,2004,2005,2006,2007,2008,2009,2010,2011,2012,2013,2014,2015,2016,2017,2018,2019,2020,2021,2022,2023",24,2023,3,13,0,1,1,michael j. maker,,,,13 distinct answer sets across 24 years
q_829bbe74,What was the kanji of the year in 2021?,gold,4,freshqa,before 2022,1,SINGLE_YEAR,before 2022,1,before 2022,,,,1,,,,never-changing,,"FreshQA carries a single effective_year, not a year series — volatility UNDETERMINED; next_review='', fact_type='never-changing'"
q_82aed09c,Who is the most recent winner of the Seiun Award for Best Artist?,Naoyuki Kato,2,temporal_align_qa,2023,1,VOLATILE,"2000,2001,2002,2003,2004,2005,2006,2007,2008,2009,2010,2011,2012,2013,2014,2015,2016,2017,2018,2019,2020,2021,2022,2023",24,2023,3,13,0,1,1,kenji tsuruta | naoyuki kato,,,,13 distinct answer sets across 24 years
q_82fe96e1,What is the best ever result by an African team at a FIFA World Cup?,fourth-place,3,freshqa,2022,1,SINGLE_YEAR,2022,1,2022,4,,,1,,,2026,slow-changing,,"FreshQA carries a single effective_year, not a year series — volatility UNDETERMINED; next_review='2026', fact_type='slow-changing'"
q_830461c0,Who owned the horse that won the last Coronation Stakes?,Aga Khan IV,1,temporal_align_qa,2023,1,VOLATILE,"2000,2001,2002,2003,2004,2005,2006,2007,2008,2009,2010,2011,2012,2013,2014,2015,2016,2017,2018,2019,2020,2021,2022,2023",24,2023,3,19,0,1,1,aga khan iv,,,,19 distinct answer sets across 24 years
q_83607c5d,In which series did Jenson Button most recently compete?,NASCAR Cup Series,4,temporal_align_qa,2023,2,VOLATILE,"2000,2001,2002,2003,2004,2005,2006,2007,2008,2009,2010,2011,2012,2013,2014,2015,2016,2017,2018,2019,2020,2021,2022,2023",24,2023,3,8,0,1,1,24 hours of le mans - innovative | imsa sportscar championship - gtp | nascar cup series | nitro rallycross championship,,,,8 distinct answer sets across 24 years
q_83e37c6e,"""""""The quality of mercy is not strained, It droppeth as the gentle rain from heaven"""" is spoken by which Shakespearean character?""","""Portia in """"The Merchant of Venice""""""",2,triviaqa,,1,NOT_TIME_KEYED,,0,,,,,,,,,,,TriviaQA carries no year-keyed annotation
q_8463aab3,Who hosted the pregame show for the most recent televised Super Bowl?,Curt Menefee,1,temporal_align_qa,2023,1,VOLATILE,"2000,2001,2002,2003,2004,2005,2006,2007,2008,2009,2010,2011,2012,2013,2014,2015,2016,2017,2018,2019,2020,2021,2022,2023",24,2023,3,12,0,1,1,curt menefee,,,,12 distinct answer sets across 24 years
q_84993503,Who was the third crew member to join the most recent spaceflight involving Russian cosmonauts to the International Space Station?,Francisco Rubio Launch,3,temporal_align_qa,2023,2,VOLATILE,"2000,2001,2002,2003,2004,2005,2006,2007,2008,2009,2010,2011,2012,2013,2014,2015,2016,2017,2018,2019,2020,2021,2022,2023",24,2023,3,24,0,1,1,francisco rubio landing | francisco rubio launch | loral o'hara,,,,24 distinct answer sets across 24 years
q_84d66f3a,"In golf, what is the amateur equivalent of the Ryder Cup?",The Walker Cup,4,triviaqa,,1,NOT_TIME_KEYED,,0,,,,,,,,,,,TriviaQA carries no year-keyed annotation
q_84e159d5,Who is the head coach for the team playing at Autzen Stadium?,Dan Lanning,1,temporal_align_qa,2023,1,VOLATILE,"2000,2001,2002,2003,2004,2005,2006,2007,2008,2009,2010,2011,2012,2013,2014,2015,2016,2017,2018,2019,2020,2021,2022,2023",24,2023,3,6,0,1,1,dan lanning,,,,6 distinct answer sets across 24 years
q_8500b23d,In which country did the most recent FIS Nordic Junior World Ski Championships take place?,Canada,1,temporal_align_qa,2023,1,VOLATILE,"2000,2001,2002,2003,2004,2005,2006,2007,2008,2009,2010,2011,2012,2013,2014,2015,2016,2017,2018,2019,2020,2021,2022,2023",24,2023,3,20,0,1,1,canada,,,,20 distinct answer sets across 24 years
q_85ab1b76,Who was the trainer of the winning horse in the most recent Prix Ganay race?,Jean-Pierre Gauvin,1,temporal_align_qa,2023,1,VOLATILE,"2000,2001,2002,2003,2004,2005,2006,2007,2008,2009,2010,2011,2012,2013,2014,2015,2016,2017,2018,2019,2020,2021,2022,2023",24,2023,3,16,0,1,1,jean-pierre gauvin,,,,16 distinct answer sets across 24 years
q_86cb82cf,Into which other war did the War of Jenkins Ear merge?,War of Austrian Succession,12,triviaqa,,1,NOT_TIME_KEYED,,0,,,,,,,,,,,TriviaQA carries no year-keyed annotation
q_86cdf888,What is the SI unit of temperature?,The Kelvin,12,triviaqa,,1,NOT_TIME_KEYED,,0,,,,,,,,,,,TriviaQA carries no year-keyed annotation
q_86e95f29,Where was the awards night of the most recent Metro Manila Film Festival held?,New Frontier Theater,1,temporal_align_qa,2023,1,VOLATILE,"2000,2001,2002,2003,2004,2005,2006,2007,2008,2009,2010,2011,2012,2013,2014,2015,2016,2017,2018,2019,2020,2021,2022,2023",24,2023,3,11,0,1,1,new frontier theater,,,,11 distinct answer sets across 24 years
q_874ffcdd,Who is the current skip of the team Ben Hebert plays for?,Brendan Bottcher,1,temporal_align_qa,2023,1,VOLATILE,"2000,2001,2002,2003,2004,2005,2006,2007,2008,2009,2010,2011,2012,2013,2014,2015,2016,2017,2018,2019,2020,2021,2022,2023",24,2023,3,9,0,1,1,brendan bottcher,,,,9 distinct answer sets across 24 years
q_876bdd3b,Most of the state of Nevada is in which time zone?,Pacific,12,triviaqa,,1,NOT_TIME_KEYED,,0,,,,,,,,,,,TriviaQA carries no year-keyed annotation
q_87ca114c,For which daily newspaper does Frederick Forsyth write?,Daily Express,12,triviaqa,,2,NOT_TIME_KEYED,,0,,,,,,,,,,,TriviaQA carries no year-keyed annotation
q_8853a8be,Which team was the runner-up in the latest Ranji Trophy final?,Bengal,1,temporal_align_qa,2023,1,VOLATILE,"2000,2001,2002,2003,2004,2005,2006,2007,2008,2009,2010,2011,2012,2013,2014,2015,2016,2017,2018,2019,2020,2021,2022,2023",24,2023,3,20,0,1,1,bengal,,,,20 distinct answer sets across 24 years
q_885601a2,Who owns the horse that claimed victory in the most recent running of the Prix Jean-Luc Lagardère?,Sheikh Mohammed Obaid Al Maktoum,1,temporal_align_qa,2023,1,VOLATILE,"2000,2001,2002,2003,2004,2005,2006,2007,2008,2009,2010,2011,2012,2013,2014,2015,2016,2017,2018,2019,2020,2021,2022,2023",24,2023,3,20,0,1,1,sheikh mohammed obaid al maktoum,,,,20 distinct answer sets across 24 years
q_885ecd41,"What was the first name of Mr. Braille, who devised a system allowing blind people to read and write?",LOUIS,5,triviaqa,,1,NOT_TIME_KEYED,,0,,,,,,,,,,,TriviaQA carries no year-keyed annotation
q_887b8e3c,Which player received the most votes for the NBA All-Star game?,LeBron James,1,temporal_align_qa,2023,1,VOLATILE,"2000,2001,2002,2003,2004,2005,2006,2007,2008,2009,2010,2011,2012,2013,2014,2015,2016,2017,2018,2019,2020,2021,2022,2023",24,2023,3,7,0,1,1,lebron james,,,,7 distinct answer sets across 24 years
q_8892bc4b,Where was the BBL Trophy Final most recently held?,Glasgow,1,temporal_align_qa,2023,1,VOLATILE,"2000,2001,2002,2003,2004,2005,2006,2007,2008,2009,2010,2011,2012,2013,2014,2015,2016,2017,2018,2019,2020,2021,2022,2023",24,2023,3,14,0,1,1,glasgow,,,,14 distinct answer sets across 24 years
q_88bc6deb,Who was the Lead for the team that clinched the title at the most recent United States Junior Men's Curling Championship?,Jackson Armstrong,1,temporal_align_qa,2023,1,VOLATILE,"2000,2001,2002,2003,2004,2005,2006,2007,2008,2009,2010,2011,2012,2013,2014,2015,2016,2017,2018,2019,2020,2021,2022,2023",24,2023,3,18,0,1,1,jackson armstrong,,,,18 distinct answer sets across 24 years
q_88f50274,Which team currently occupies fourth place in the American League Central?,Chicago White Sox,1,temporal_align_qa,2023,1,VOLATILE,"2000,2001,2002,2003,2004,2005,2006,2007,2008,2009,2010,2011,2012,2013,2014,2015,2016,2017,2018,2019,2020,2021,2022,2023",24,2023,3,5,0,1,1,chicago white sox,,,,5 distinct answer sets across 24 years
q_8a614432,What team finished in third place in the most recent NCAA Division I men's soccer tournament?,Oregon State,1,temporal_align_qa,2023,1,VOLATILE,"2000,2001,2002,2003,2004,2005,2006,2007,2008,2009,2010,2011,2012,2013,2014,2015,2016,2017,2018,2019,2020,2021,2022,2023",24,2023,3,16,0,1,1,oregon state,,,,16 distinct answer sets across 24 years
q_8aa09cab,Which team's player is the current top scorer of 2. Bundesliga?,1. FC Heidenheim,1,temporal_align_qa,2023,1,VOLATILE,"2000,2001,2002,2003,2004,2005,2006,2007,2008,2009,2010,2011,2012,2013,2014,2015,2016,2017,2018,2019,2020,2021,2022,2023",24,2023,3,24,0,1,1,1. fc heidenheim,,,,24 distinct answer sets across 24 years
q_8ac2e944,What was the probability of the most recent NBA draft lottery winner to get the first pick?,14.0014.00%,1,temporal_align_qa,2023,1,VOLATILE,"2000,2001,2002,2003,2004,2005,2006,2007,2008,2009,2010,2011,2012,2013,2014,2015,2016,2017,2018,2019,2020,2021,2022,2023",24,2023,3,16,0,1,1,14.0014.00%,,,,16 distinct answer sets across 24 years
q_8acef480,What is the capital city of The Maldives?,Mali,12,triviaqa,,1,NOT_TIME_KEYED,,0,,,,,,,,,,,TriviaQA carries no year-keyed annotation
q_8af46f37,Who was the recipient of the Eddie Robinson Award?,Jimmy Rogers,1,temporal_align_qa,2023,1,VOLATILE,"2000,2001,2002,2003,2004,2005,2006,2007,2008,2009,2010,2011,2012,2013,2014,2015,2016,2017,2018,2019,2020,2021,2022,2023",24,2023,3,22,0,1,1,jimmy rogers,,,,22 distinct answer sets across 24 years
q_8b7e079f,Where was the last Women's PGA Championship held?,Baltusrol Golf Club,1,temporal_align_qa,2023,2,VOLATILE,"2000,2001,2002,2003,2004,2005,2006,2007,2008,2009,2010,2011,2012,2013,2014,2015,2016,2017,2018,2019,2020,2021,2022,2023",24,2023,3,13,0,1,1,baltusrol golf club,,,,13 distinct answer sets across 24 years
q_8b83e11f,Who is the chair of the latest OOPSLA conference?,Vasco Vasconcelos,1,temporal_align_qa,2023,1,VOLATILE,"2000,2001,2002,2003,2004,2005,2006,2007,2008,2009,2010,2011,2012,2013,2014,2015,2016,2017,2018,2019,2020,2021,2022,2023",24,2023,3,23,0,1,1,vasco vasconcelos,,,,23 distinct answer sets across 24 years
q_8bfaeff4,Which areas are currently included in California's 48th congressional district?,2023–present: 300px Central and eastern portions of San Diego county,2,temporal_align_qa,2023,1,VOLATILE,"2000,2001,2002,2003,2004,2005,2006,2007,2008,2009,2010,2011,2012,2013,2014,2015,2016,2017,2018,2019,2020,2021,2022,2023",24,2023,3,6,0,1,1,2013–2023 300px coastal orange county | 2023–present: 300px central and eastern portions of san diego county,,,,6 distinct answer sets across 24 years
q_8c58ce9c,The Macrocarpa tree is native to what continent?,North America,12,triviaqa,,1,NOT_TIME_KEYED,,0,,,,,,,,,,,TriviaQA carries no year-keyed annotation
q_8d51049f,In which division is Westfields F.C. currently playing?,Hellenic League Premier Division,1,temporal_align_qa,2023,1,VOLATILE,"2000,2001,2002,2003,2004,2005,2006,2007,2008,2009,2010,2011,2012,2013,2014,2015,2016,2017,2018,2019,2020,2021,2022,2023",24,2023,3,7,0,1,1,hellenic league premier division,,,,7 distinct answer sets across 24 years
q_8dc147d0,In what country was the most recent winner of the Nobel Prize for Literature born?,Norway,1,freshqa,2023,2,SINGLE_YEAR,2023,1,2023,3,,,1,,,occasionally,slow-changing,,"FreshQA carries a single effective_year, not a year series — volatility UNDETERMINED; next_review='occasionally', fact_type='slow-changing'"
q_8e1c3bc4,Which player won the Calder Memorial Trophy as the rookie of the year in the National Hockey League?,Matty Beniers,1,temporal_align_qa,2023,1,VOLATILE,"2000,2001,2002,2003,2004,2005,2006,2007,2008,2009,2010,2011,2012,2013,2014,2015,2016,2017,2018,2019,2020,2021,2022,2023",24,2023,3,24,0,1,1,matty beniers,,,,24 distinct answer sets across 24 years
q_8e283b0e,What is the title of Julian Sands' latest film?,Double Soul,2,temporal_align_qa,2023,1,VOLATILE,"2000,2001,2002,2003,2004,2005,2006,2007,2008,2009,2010,2011,2012,2013,2014,2015,2016,2017,2018,2019,2020,2021,2022,2023",24,2023,3,24,0,1,1,double soul | seneca – on the creation of earthquakes,,,,24 distinct answer sets across 24 years
q_8ea4bd29,In which country is the Great Sandy Desert,Australia,12,triviaqa,,1,NOT_TIME_KEYED,,0,,,,,,,,,,,TriviaQA carries no year-keyed annotation
q_8ec920df,Which team is placed third in the American League West standings?,Seattle,1,temporal_align_qa,2023,1,VOLATILE,"2000,2001,2002,2003,2004,2005,2006,2007,2008,2009,2010,2011,2012,2013,2014,2015,2016,2017,2018,2019,2020,2021,2022,2023",24,2023,3,6,0,1,1,seattle,,,,6 distinct answer sets across 24 years
q_8efe208f,Who was the jockey riding the winning horse in the most recent Rebel Stakes?,James Graham,1,temporal_align_qa,2023,1,VOLATILE,"2000,2001,2002,2003,2004,2005,2006,2007,2008,2009,2010,2011,2012,2013,2014,2015,2016,2017,2018,2019,2020,2021,2022,2023",24,2023,3,21,0,1,1,james graham,,,,21 distinct answer sets across 24 years
q_8f04e897,In cricket what score is known as 'Nelson'?,111,3,triviaqa,,2,NOT_TIME_KEYED,,0,,,,,,,,,,,TriviaQA carries no year-keyed annotation
q_8fb47752,In what city was the person currently acting as the U.S. speaker of house born?,"Gastonia, North Carolina",2,freshqa,2023,2,SINGLE_YEAR,2023,1,2023,3,,,1,,,occasionally,slow-changing,,"FreshQA carries a single effective_year, not a year series — volatility UNDETERMINED; next_review='occasionally', fact_type='slow-changing'"
q_8fda5466,Who was the runner-up at the Mitsubishi Electric Championship at Hualalai?,Steven Alker NIR Darren Clarke Ken Tanigawa Mike Weir,1,temporal_align_qa,2023,1,VOLATILE,"2000,2001,2002,2003,2004,2005,2006,2007,2008,2009,2010,2011,2012,2013,2014,2015,2016,2017,2018,2019,2020,2021,2022,2023",24,2023,3,22,0,1,1,steven alker nir darren clarke ken tanigawa mike weir,,,,22 distinct answer sets across 24 years
q_90bb4e98,Who holds the position of director at TG1 right now?,Gian Marco Chiocci,2,temporal_align_qa,2023,1,VOLATILE,"2000,2001,2002,2003,2004,2005,2006,2007,2008,2009,2010,2011,2012,2013,2014,2015,2016,2017,2018,2019,2020,2021,2022,2023",24,2023,3,17,0,1,1,gian marco chiocci | monica maggioni,,,,17 distinct answer sets across 24 years
q_90cb856a,Which Cornish cheese uses nettles as an ingredient?,Yarg,4,triviaqa,,1,NOT_TIME_KEYED,,0,,,,,,,,,,,TriviaQA carries no year-keyed annotation
q_91044e4b,What film does Thomas Lennon most recently appear in?,Zoey 102,1,temporal_align_qa,2023,1,VOLATILE,"2000,2001,2002,2003,2004,2005,2006,2007,2008,2009,2010,2011,2012,2013,2014,2015,2016,2017,2018,2019,2020,2021,2022,2023",24,2023,3,24,0,1,1,zoey 102,,,,24 distinct answer sets across 24 years
q_91a992f1,"Who is currently serving an 86-year sentence at Federal Medical Center, Carswell?",Angela Baldwin,4,temporal_align_qa,2023,1,VOLATILE,"2000,2001,2002,2003,2004,2005,2006,2007,2008,2009,2010,2011,2012,2013,2014,2015,2016,2017,2018,2019,2020,2021,2022,2023",24,2023,3,10,0,1,0,aafia siddiqui | angela baldwin | marius mason | shannon richardson,,,,10 distinct answer sets across 24 years
q_91fe9bbc,Who is the current head coach of the Philadelphia Eagles?,Nick Sirianni,1,temporal_align_qa,2023,1,VOLATILE,"2000,2001,2002,2003,2004,2005,2006,2007,2008,2009,2010,2011,2012,2013,2014,2015,2016,2017,2018,2019,2020,2021,2022,2023",24,2023,3,5,0,1,1,nick sirianni,,,,5 distinct answer sets across 24 years
q_92b21278,Who is currently serving as Lord Mayor of Cork?,Kieran McCarthy,1,temporal_align_qa,2023,1,VOLATILE,"2000,2001,2002,2003,2004,2005,2006,2007,2008,2009,2010,2011,2012,2013,2014,2015,2016,2017,2018,2019,2020,2021,2022,2023",24,2023,3,24,0,1,1,kieran mccarthy,,,,24 distinct answer sets across 24 years
q_92bed87f,"Deluded by a legend, Francisco Orellana and Gonzalo Pizarro departed from Ecuador in 1541 in a disastrous expedition towards the Amazon Basin; they did not find any gold or lost cities but Orellana became the first person to navigate the entire Amazon River. What were they seeking?",El Dorado,12,triviaqa,,1,NOT_TIME_KEYED,,0,,,,,,,,,,,TriviaQA carries no year-keyed annotation
q_92dda9c3,Who is serving as the mayor of Denver?,Michael Hancock Michael Hancock,2,temporal_align_qa,2023,1,VOLATILE,"2000,2001,2002,2003,2004,2005,2006,2007,2008,2009,2010,2011,2012,2013,2014,2015,2016,2017,2018,2019,2020,2021,2022,2023",24,2023,3,6,0,1,1,michael hancock michael hancock | mike johnston mike johnston,,,,6 distinct answer sets across 24 years
q_935fff1b,Who was the trainer of the winning horse in the latest edition of the Coronation Stakes?,Dermot Weld,1,temporal_align_qa,2023,1,VOLATILE,"2000,2001,2002,2003,2004,2005,2006,2007,2008,2009,2010,2011,2012,2013,2014,2015,2016,2017,2018,2019,2020,2021,2022,2023",24,2023,3,16,0,1,1,dermot weld,,,,16 distinct answer sets across 24 years
q_93aa5399,"Which French writer published the collection of fairy tales `Contes de ma mere l'Oye', better known as Mother Goose?",CHARLES PERRAULT,5,triviaqa,,1,NOT_TIME_KEYED,,0,,,,,,,,,,,TriviaQA carries no year-keyed annotation
q_9432e97c,"Whose likeness did Republicans propose putting on the dime, in 2003?",Ronald Reagan's,2,triviaqa,,2,NOT_TIME_KEYED,,0,,,,,,,,,,,TriviaQA carries no year-keyed annotation
q_94939cea,Where was the final match of the Macedonian Football Cup held?,"Petar Miloševski Training Centre, Skopje",1,temporal_align_qa,2023,1,VOLATILE,"2000,2001,2002,2003,2004,2005,2006,2007,2008,2009,2010,2011,2012,2013,2014,2015,2016,2017,2018,2019,2020,2021,2022,2023",24,2023,3,14,0,1,1,"petar miloševski training centre, skopje",,,,14 distinct answer sets across 24 years
q_94cb7c4a,Where was the USA Gymnastics National Championships held last?,"San Jose, California",1,temporal_align_qa,2023,1,VOLATILE,"2000,2001,2002,2003,2004,2005,2006,2007,2008,2009,2010,2011,2012,2013,2014,2015,2016,2017,2018,2019,2020,2021,2022,2023",24,2023,3,18,0,1,1,"san jose, california",,,,18 distinct answer sets across 24 years
q_96543752,Who is the current top league goalscorer for HNK Hajduk Split?,Marko Livaja,1,temporal_align_qa,2023,1,VOLATILE,"2000,2001,2002,2003,2004,2005,2006,2007,2008,2009,2010,2011,2012,2013,2014,2015,2016,2017,2018,2019,2020,2021,2022,2023",24,2023,3,22,0,1,1,marko livaja,,,,22 distinct answer sets across 24 years
q_9654e28e,In which city was the latest BBL Championship Playoff final played?,London,1,temporal_align_qa,2023,1,VOLATILE,"2000,2001,2002,2003,2004,2005,2006,2007,2008,2009,2010,2011,2012,2013,2014,2015,2016,2017,2018,2019,2020,2021,2022,2023",24,2023,3,6,0,1,1,london,,,,6 distinct answer sets across 24 years
q_9679dc80,Who is the current cabinet minister in the Ministry of Medical Education (Maharashtra)?,75px  Girish Mahajan,1,temporal_align_qa,2023,1,VOLATILE,"2000,2001,2002,2003,2004,2005,2006,2007,2008,2009,2010,2011,2012,2013,2014,2015,2016,2017,2018,2019,2020,2021,2022,2023",24,2023,3,14,0,1,1,75px girish mahajan,,,,14 distinct answer sets across 24 years
q_96b1bf1a,Who was captain of the England men's cricket team during the 2015 One Day International World Cup?,Eoin) MORGAN,4,triviaqa,,1,NOT_TIME_KEYED,,0,,,,,,,,,,,TriviaQA carries no year-keyed annotation
q_96dff6da,What month and year did Bitcoin reach its peak value?,November 2021,3,freshqa,2021,1,SINGLE_YEAR,2021,1,2021,5,,,1,,,frequently,slow-changing,,"FreshQA carries a single effective_year, not a year series — volatility UNDETERMINED; next_review='frequently', fact_type='slow-changing'"
q_9713cc4c,What club does Lewandowski play for?,Barcelona,3,freshqa,2022,1,SINGLE_YEAR,2022,1,2022,4,,,1,,,occasionally,slow-changing,,"FreshQA carries a single effective_year, not a year series — volatility UNDETERMINED; next_review='occasionally', fact_type='slow-changing'"
q_97b198d0,In which European Cup competition is Gloucester Rugby participating?,Champions Cup,1,temporal_align_qa,2023,1,VOLATILE,"2000,2001,2002,2003,2004,2005,2006,2007,2008,2009,2010,2011,2012,2013,2014,2015,2016,2017,2018,2019,2020,2021,2022,2023",24,2023,3,5,0,1,1,champions cup,,,,5 distinct answer sets across 24 years
q_97cbd451,Loves Rental Styles is an anagram of which famous actor?,Sylvester Stallone,12,triviaqa,,1,NOT_TIME_KEYED,,0,,,,,,,,,,,TriviaQA carries no year-keyed annotation
q_98d7f7da,The 'degree' symbol ° indicates what variation of a musical chord?,Diminished,3,triviaqa,,1,NOT_TIME_KEYED,,0,,,,,,,,,,,TriviaQA carries no year-keyed annotation
q_995c0608,Who is the main starting quarterback for the Florida Gators?,Graham Mertz,1,temporal_align_qa,2023,1,VOLATILE,"2000,2001,2002,2003,2004,2005,2006,2007,2008,2009,2010,2011,2012,2013,2014,2015,2016,2017,2018,2019,2020,2021,2022,2023",24,2023,3,20,0,1,1,graham mertz,,,,20 distinct answer sets across 24 years
q_99c9cb7f,What is the name of the trainer who trained the most recent winner of the Christmas Hurdle?,Nicky Henderson,1,temporal_align_qa,2023,1,VOLATILE,"2000,2001,2002,2003,2004,2005,2006,2007,2008,2009,2010,2011,2012,2013,2014,2015,2016,2017,2018,2019,2020,2021,2022,2023",24,2023,3,8,0,1,1,nicky henderson,,,,8 distinct answer sets across 24 years
q_99dcb85c,Which team won the Wayne County Athletic League boys football championship most recently?,"Dalton, Northwestern",1,temporal_align_qa,2023,1,VOLATILE,"2000,2001,2002,2003,2004,2005,2006,2007,2008,2009,2010,2011,2012,2013,2014,2015,2016,2017,2018,2019,2020,2021,2022,2023",24,2023,3,14,0,1,1,"dalton, northwestern",,,,14 distinct answer sets across 24 years
q_9a3d3ff9,What position does the latest Roberto Clemente Award winner play?,Outfielder,1,temporal_align_qa,2023,1,VOLATILE,"2000,2001,2002,2003,2004,2005,2006,2007,2008,2009,2010,2011,2012,2013,2014,2015,2016,2017,2018,2019,2020,2021,2022,2023",24,2023,3,9,0,1,1,outfielder,,,,9 distinct answer sets across 24 years
q_9a92a9cc,At which venue was the most recent Japan Women's Open Golf Championship held?,"Awara Golf Club, Sea Course",1,temporal_align_qa,2023,1,VOLATILE,"2000,2001,2002,2003,2004,2005,2006,2007,2008,2009,2010,2011,2012,2013,2014,2015,2016,2017,2018,2019,2020,2021,2022,2023",24,2023,3,22,0,1,1,"awara golf club, sea course",,,,22 distinct answer sets across 24 years
q_9aa8fdeb,What is John Carroll Lynch's character in his most recent television appearance?,John N. Mitchell,1,temporal_align_qa,2023,1,VOLATILE,"2000,2001,2002,2003,2004,2005,2006,2007,2008,2009,2010,2011,2012,2013,2014,2015,2016,2017,2018,2019,2020,2021,2022,2023",24,2023,3,23,0,1,1,john n. mitchell,,,,23 distinct answer sets across 24 years
q_9acafca8,"""What is the media nickname of Viktor Bout, a Russian arms dealer who was said to be the inspiration for Nicolas Cage's character in the 2005 film """"Lord of War""""?""",Merchant of Death,5,triviaqa,,1,NOT_TIME_KEYED,,0,,,,,,,,,,,TriviaQA carries no year-keyed annotation
q_9ad1cf95,Who was the jockey riding the winning horse in the most recent Queen's Vase?,Frankie Dettori,1,temporal_align_qa,2023,1,VOLATILE,"2000,2001,2002,2003,2004,2005,2006,2007,2008,2009,2010,2011,2012,2013,2014,2015,2016,2017,2018,2019,2020,2021,2022,2023",24,2023,3,14,0,1,1,frankie dettori,,,,14 distinct answer sets across 24 years
q_9ad3d8f7,Who was the winner of the individual championship in the latest NCAA Women's Division I Cross Country Championship and what team does she represent?,Parker Valby,1,temporal_align_qa,2023,2,VOLATILE,"2000,2001,2002,2003,2004,2005,2006,2007,2008,2009,2010,2011,2012,2013,2014,2015,2016,2017,2018,2019,2020,2021,2022,2023",24,2023,3,20,0,1,1,parker valby,,,,20 distinct answer sets across 24 years
q_9b44b067,Who is the current manager of the Thailand national football team?,Alexandré Pölking,1,temporal_align_qa,2023,1,VOLATILE,"2000,2001,2002,2003,2004,2005,2006,2007,2008,2009,2010,2011,2012,2013,2014,2015,2016,2017,2018,2019,2020,2021,2022,2023",24,2023,3,18,0,1,1,alexandré pölking,,,,18 distinct answer sets across 24 years
q_9b57150e,Where did the Seattle Mariners play their most recent Opening Day game?,T-Mobile Park,1,temporal_align_qa,2023,1,VOLATILE,"2000,2001,2002,2003,2004,2005,2006,2007,2008,2009,2010,2011,2012,2013,2014,2015,2016,2017,2018,2019,2020,2021,2022,2023",24,2023,3,10,0,1,1,t-mobile park,,,,10 distinct answer sets across 24 years
q_9b65bcba,Which horse won the last Irish Gold Cup?,Galopin Des Champs,1,temporal_align_qa,2023,1,VOLATILE,"2000,2001,2002,2003,2004,2005,2006,2007,2008,2009,2010,2011,2012,2013,2014,2015,2016,2017,2018,2019,2020,2021,2022,2023",24,2023,3,19,0,1,1,galopin des champs,,,,19 distinct answer sets across 24 years
q_9bcda30d,Who won the Sporting News Manager of the Year Award for the American League?,Brandon Hyde,1,temporal_align_qa,2023,1,VOLATILE,"2000,2001,2002,2003,2004,2005,2006,2007,2008,2009,2010,2011,2012,2013,2014,2015,2016,2017,2018,2019,2020,2021,2022,2023",24,2023,3,17,0,1,1,brandon hyde,,,,17 distinct answer sets across 24 years
q_9bf08ec9,Who is currently considered the pound for pound #1 fighter by The Ring magazine?,Oleksandr Usyk,2,temporal_align_qa,2023,1,VOLATILE,"2000,2001,2002,2003,2004,2005,2006,2007,2008,2009,2010,2011,2012,2013,2014,2015,2016,2017,2018,2019,2020,2021,2022,2023",24,2023,3,19,0,1,1,oleksandr usyk | terence crawford,,,,19 distinct answer sets across 24 years
q_9c334cd8,Who is the current LBA Most Valuable Player?,Colbey Ross,1,temporal_align_qa,2023,1,VOLATILE,"2000,2001,2002,2003,2004,2005,2006,2007,2008,2009,2010,2011,2012,2013,2014,2015,2016,2017,2018,2019,2020,2021,2022,2023",24,2023,3,22,0,1,1,colbey ross,,,,22 distinct answer sets across 24 years
q_9c8a947a,What is the original title of the most recent animated film nominated for the Goya Award for Best Animated Film?,Le dispararon al pianista,5,temporal_align_qa,2023,1,VOLATILE,"2000,2001,2002,2003,2004,2005,2006,2007,2008,2009,2010,2011,2012,2013,2014,2015,2016,2017,2018,2019,2020,2021,2022,2023",24,2023,3,24,0,1,1,el sueño de la sultana | hanna i els monstres | le dispararon al pianista | momias | robot dreams,,,,24 distinct answer sets across 24 years
q_9d2666a3,On which river does Derby stand?,DERWENT,4,triviaqa,,1,NOT_TIME_KEYED,,0,,,,,,,,,,,TriviaQA carries no year-keyed annotation
q_9d330418,In which decade of the 20th century were the first Academy Awards (Oscars) ceremony?,1920s,12,triviaqa,,1,NOT_TIME_KEYED,,0,,,,,,,,,,,TriviaQA carries no year-keyed annotation
q_9d61a241,Which trainer trained the winning horse in the King George V Stakes?,William Haggas,1,temporal_align_qa,2023,1,VOLATILE,"2000,2001,2002,2003,2004,2005,2006,2007,2008,2009,2010,2011,2012,2013,2014,2015,2016,2017,2018,2019,2020,2021,2022,2023",24,2023,3,18,0,1,1,william haggas,,,,18 distinct answer sets across 24 years
q_9e4f27be,Who is the winner of the National Book Award for Young People's Literature?,Dan Santat,1,temporal_align_qa,2023,1,VOLATILE,"2000,2001,2002,2003,2004,2005,2006,2007,2008,2009,2010,2011,2012,2013,2014,2015,2016,2017,2018,2019,2020,2021,2022,2023",24,2023,3,24,0,1,1,dan santat,,,,24 distinct answer sets across 24 years
q_9e9cc170,Who was the runner-up in the most recent Bar billiards World Championship?,Trevor Gallienne,1,temporal_align_qa,2023,2,VOLATILE,"2000,2001,2002,2003,2004,2005,2006,2007,2008,2009,2010,2011,2012,2013,2014,2015,2016,2017,2018,2019,2020,2021,2022,2023",24,2023,3,16,0,1,1,trevor gallienne,,,,16 distinct answer sets across 24 years
q_9ea9bc19,What is the national park in Wyoming covering 3350 square miles that was opened in 1872?,Yellowstone National Park,12,triviaqa,,1,NOT_TIME_KEYED,,0,,,,,,,,,,,TriviaQA carries no year-keyed annotation
q_9edf5bd2,Who is the Treasurer of the Commonwealth of Pennsylvania?,Stacy Garrity,1,temporal_align_qa,2023,2,VOLATILE,"2000,2001,2002,2003,2004,2005,2006,2007,2008,2009,2010,2011,2012,2013,2014,2015,2016,2017,2018,2019,2020,2021,2022,2023",24,2023,3,7,0,1,1,stacy garrity,,,,7 distinct answer sets across 24 years
q_9f07f1e2,'Red Lion' was for may years accepted as the most popular pubname in Great Britain. What pub name has now succeeded this?,'THE CROWN',12,triviaqa,,1,NOT_TIME_KEYED,,0,,,,,,,,,,,TriviaQA carries no year-keyed annotation
q_9fb844a5,Who is the most recent recipient of the Robert F. Kennedy Human Rights Award?,Parlamento del Pueblo Xinka,1,temporal_align_qa,2023,1,VOLATILE,"2000,2001,2002,2003,2004,2005,2006,2007,2008,2009,2010,2011,2012,2013,2014,2015,2016,2017,2018,2019,2020,2021,2022,2023",24,2023,3,24,0,1,1,parlamento del pueblo xinka,,,,24 distinct answer sets across 24 years
q_9ffc1ed9,"""The opening sequence of the film """"Airplane"""" (also entitled """"Flying High"""") is a parody of which film?""",Jaws,5,triviaqa,,1,NOT_TIME_KEYED,,0,,,,,,,,,,,TriviaQA carries no year-keyed annotation
q_a05e5c8b,"In nature, what are active, dormant and extinct?",Volcanoes,12,triviaqa,,2,NOT_TIME_KEYED,,0,,,,,,,,,,,TriviaQA carries no year-keyed annotation
q_a06c234c,Who were the songwriters of the winning song in the latest Melodifestivalen?,"Jimmy Thörnfeldt, Jimmy Jansson, Lorine Talhaoui, Moa Carlebecker, Peter Boström, Thomas G:son",1,temporal_align_qa,2023,1,VOLATILE,"2000,2001,2002,2003,2004,2005,2006,2007,2008,2009,2010,2011,2012,2013,2014,2015,2016,2017,2018,2019,2020,2021,2022,2023",24,2023,3,24,0,1,1,"jimmy thörnfeldt, jimmy jansson, lorine talhaoui, moa carlebecker, peter boström, thomas g:son",,,,24 distinct answer sets across 24 years
q_a18ad11b,Who is the current Republican leader in the United States House of Representatives?,Kevin McCarthy,2,temporal_align_qa,2023,1,VOLATILE,"2000,2001,2002,2003,2004,2005,2006,2007,2008,2009,2010,2011,2012,2013,2014,2015,2016,2017,2018,2019,2020,2021,2022,2023",24,2023,3,11,0,1,1,kevin mccarthy | steve scalise,,,,11 distinct answer sets across 24 years
q_a1c19e16,Who currently represents California's 9th congressional district?,100px Josh Harder,2,temporal_align_qa,2023,1,VOLATILE,"2000,2001,2002,2003,2004,2005,2006,2007,2008,2009,2010,2011,2012,2013,2014,2015,2016,2017,2018,2019,2020,2021,2022,2023",24,2023,3,5,0,1,1,100px jerry mcnerney | 100px josh harder,,,,5 distinct answer sets across 24 years
q_a21594ce,Who is the lead in Colin Hufman's curling team?,John Landsteiner,1,temporal_align_qa,2023,1,VOLATILE,"2000,2001,2002,2003,2004,2005,2006,2007,2008,2009,2010,2011,2012,2013,2014,2015,2016,2017,2018,2019,2020,2021,2022,2023",24,2023,3,16,0,1,1,john landsteiner,,,,16 distinct answer sets across 24 years
q_a2ed487a,Which ice dancing pair won the gold medal at the most recent Australian Figure Skating Championships?,Romy Malcolm / Kobi Chant,1,temporal_align_qa,2023,1,VOLATILE,"2000,2001,2002,2003,2004,2005,2006,2007,2008,2009,2010,2011,2012,2013,2014,2015,2016,2017,2018,2019,2020,2021,2022,2023",24,2023,3,12,0,1,1,romy malcolm / kobi chant,,,,12 distinct answer sets across 24 years
q_a3225b4a,Who directed the latest Icelandic film submitted for the Academy Award for Best International Feature Film?,Hlynur Pálmason,1,temporal_align_qa,2023,1,VOLATILE,"2000,2001,2002,2003,2004,2005,2006,2007,2008,2009,2010,2011,2012,2013,2014,2015,2016,2017,2018,2019,2020,2021,2022,2023",24,2023,3,16,0,1,1,hlynur pálmason,,,,16 distinct answer sets across 24 years
q_a3b0afc4,Who is the leading scorer in the Israeli Basketball Premier League?,Tyler Bey,1,temporal_align_qa,2023,1,VOLATILE,"2000,2001,2002,2003,2004,2005,2006,2007,2008,2009,2010,2011,2012,2013,2014,2015,2016,2017,2018,2019,2020,2021,2022,2023",24,2023,3,23,0,1,1,tyler bey,,,,23 distinct answer sets across 24 years
q_a4aacc0f,What colour is copper sulphate?,BLUE,12,triviaqa,,1,NOT_TIME_KEYED,,0,,,,,,,,,,,TriviaQA carries no year-keyed annotation
q_a5b50e32,Do the Toronto Raptors have a winning record in the latest NBA season?,No,1,freshqa,2023,1,SINGLE_YEAR,2023,1,2023,3,,,1,,,frequently,fast-changing,,"FreshQA carries a single effective_year, not a year series — volatility UNDETERMINED; next_review='frequently', fact_type='fast-changing'"
q_a64535bb,What is the current name of the men's handball team from Komló?,Sport36-Komló,2,temporal_align_qa,2023,1,VOLATILE,"2000,2001,2002,2003,2004,2005,2006,2007,2008,2009,2010,2011,2012,2013,2014,2015,2016,2017,2018,2019,2020,2021,2022,2023",24,2023,3,9,0,1,1,carbonex-komló | sport36-komló,,,,9 distinct answer sets across 24 years
q_a6c1b4ce,Who is playing as the third on Glenn Howard's curling team?,Scott Howard,1,temporal_align_qa,2023,1,VOLATILE,"2000,2001,2002,2003,2004,2005,2006,2007,2008,2009,2010,2011,2012,2013,2014,2015,2016,2017,2018,2019,2020,2021,2022,2023",24,2023,3,7,0,1,1,scott howard,,,,7 distinct answer sets across 24 years
q_a6d31788,Who is the most recent recipient of the Juno Award for Children's Album of the Year?,Walk off the Earth and Romeo Eats,1,temporal_align_qa,2023,1,VOLATILE,"2000,2001,2002,2003,2004,2005,2006,2007,2008,2009,2010,2011,2012,2013,2014,2015,2016,2017,2018,2019,2020,2021,2022,2023",24,2023,3,19,0,1,1,walk off the earth and romeo eats,,,,19 distinct answer sets across 24 years
q_a6ef6cf2,What is the name of the ownership that claimed victory at the last Maker's Mark Mile Stakes?,Lael Stables,1,temporal_align_qa,2023,1,VOLATILE,"2000,2001,2002,2003,2004,2005,2006,2007,2008,2009,2010,2011,2012,2013,2014,2015,2016,2017,2018,2019,2020,2021,2022,2023",24,2023,3,20,0,1,1,lael stables,,,,20 distinct answer sets across 24 years
q_a720c2de,What were the latest Australian Swimming Championships a selection trial for?,The Australian selection trials for the 2023 World Aquatics Championships were held in Melbourne from 13–18 June.,1,temporal_align_qa,2023,1,VOLATILE,"2000,2001,2002,2003,2004,2005,2006,2007,2008,2009,2010,2011,2012,2013,2014,2015,2016,2017,2018,2019,2020,2021,2022,2023",24,2023,3,24,0,1,1,the australian selection trials for the 2023 world aquatics championships were held in melbourne from 13–18 june.,,,,24 distinct answer sets across 24 years
q_a815ecba,Where was the most recent West Virginia Open held?,"Berry Hills Country Club, Charleston",1,temporal_align_qa,2023,1,VOLATILE,"2000,2001,2002,2003,2004,2005,2006,2007,2008,2009,2010,2011,2012,2013,2014,2015,2016,2017,2018,2019,2020,2021,2022,2023",24,2023,3,11,0,1,1,"berry hills country club, charleston",,,,11 distinct answer sets across 24 years
q_a84da252,Which event was won most recently at Silverstone in the Formula One World Championship?,ARAMCO British Grand Prix,1,temporal_align_qa,2023,1,VOLATILE,"2000,2001,2002,2003,2004,2005,2006,2007,2008,2009,2010,2011,2012,2013,2014,2015,2016,2017,2018,2019,2020,2021,2022,2023",24,2023,3,7,0,1,1,aramco british grand prix,,,,7 distinct answer sets across 24 years
q_a867a828,How many points would you get for the word Scrabble in a game of Scrabble?,14,3,triviaqa,,2,NOT_TIME_KEYED,,0,,,,,,,,,,,TriviaQA carries no year-keyed annotation
q_a8f577f5,Where was the most recent Grammy Awards ceremony held?,Crypto.com Arena,1,temporal_align_qa,2023,1,VOLATILE,"2000,2001,2002,2003,2004,2005,2006,2007,2008,2009,2010,2011,2012,2013,2014,2015,2016,2017,2018,2019,2020,2021,2022,2023",24,2023,3,5,0,1,1,crypto.com arena,,,,5 distinct answer sets across 24 years
q_a93676a9,Which Irish musician released a 1988 album entitled ‘Watermark’?,Enya,9,triviaqa,,1,NOT_TIME_KEYED,,0,,,,,,,,,,,TriviaQA carries no year-keyed annotation
q_a9520087,What character is Dianne Pilkington portraying in her latest theatre performance?,Wicked Witch of the West / Miss Gulch,1,temporal_align_qa,2023,1,VOLATILE,"2000,2001,2002,2003,2004,2005,2006,2007,2008,2009,2010,2011,2012,2013,2014,2015,2016,2017,2018,2019,2020,2021,2022,2023",24,2023,3,20,0,1,1,wicked witch of the west / miss gulch,,,,20 distinct answer sets across 24 years
q_a9f6ddd4,Who trained the winning horse of the most recent Hong Kong Sprint and in what country?,Manfred Man Ka-leung,1,temporal_align_qa,2023,1,VOLATILE,"2000,2001,2002,2003,2004,2005,2006,2007,2008,2009,2010,2011,2012,2013,2014,2015,2016,2017,2018,2019,2020,2021,2022,2023",24,2023,3,15,0,1,1,manfred man ka-leung,,,,15 distinct answer sets across 24 years
q_aa6288cd,Who is currently supplying kits for Bristol City F.C.?,Hummel,1,temporal_align_qa,2023,1,VOLATILE,"2000,2001,2002,2003,2004,2005,2006,2007,2008,2009,2010,2011,2012,2013,2014,2015,2016,2017,2018,2019,2020,2021,2022,2023",24,2023,3,12,0,1,1,hummel,,,,12 distinct answer sets across 24 years
q_ab431fd9,Which institution is represented by the NPDA National Champions team?,Parliamentary Debate at Berkeley,1,temporal_align_qa,2023,1,VOLATILE,"2000,2001,2002,2003,2004,2005,2006,2007,2008,2009,2010,2011,2012,2013,2014,2015,2016,2017,2018,2019,2020,2021,2022,2023",24,2023,3,19,0,1,1,parliamentary debate at berkeley,,,,19 distinct answer sets across 24 years
q_abacb5ad,Who is the winner of the Top Fuel category at the most recent Gatornationals?,Mike Salinas,1,temporal_align_qa,2023,1,VOLATILE,"2000,2001,2002,2003,2004,2005,2006,2007,2008,2009,2010,2011,2012,2013,2014,2015,2016,2017,2018,2019,2020,2021,2022,2023",24,2023,3,15,0,1,1,mike salinas,,,,15 distinct answer sets across 24 years
q_ac141dc0,"Which sport features line-outs, scrums and conversions?",Rugby,4,triviaqa,,1,NOT_TIME_KEYED,,0,,,,,,,,,,,TriviaQA carries no year-keyed annotation
q_ac1b24c0,Who is the current Downing Street Press Secretary?,Nerissa Chesterfield,2,temporal_align_qa,2023,1,VOLATILE,"2000,2001,2002,2003,2004,2005,2006,2007,2008,2009,2010,2011,2012,2013,2014,2015,2016,2017,2018,2019,2020,2021,2022,2023",24,2023,3,19,0,1,1,lucy noakes | nerissa chesterfield,,,,19 distinct answer sets across 24 years
q_ac7fde07,Who is the current IBF world welterweight champion?,Errol Spence Jr.,3,temporal_align_qa,2023,2,VOLATILE,"2000,2001,2002,2003,2004,2005,2006,2007,2008,2009,2010,2011,2012,2013,2014,2015,2016,2017,2018,2019,2020,2021,2022,2023",24,2023,3,18,0,1,1,errol spence jr. | jaron ennis | terence crawford,,,,18 distinct answer sets across 24 years
q_aca03251,Which team won the Mid-Ohio Athletic Conference Football Championship in the Blue Division?,"Ontario, Shelby",1,temporal_align_qa,2023,1,VOLATILE,"2000,2001,2002,2003,2004,2005,2006,2007,2008,2009,2010,2011,2012,2013,2014,2015,2016,2017,2018,2019,2020,2021,2022,2023",24,2023,3,8,0,1,1,"ontario, shelby",,,,8 distinct answer sets across 24 years
q_acfe9269,"If you have insomnia, what can't you do?",Sleep,12,triviaqa,,1,NOT_TIME_KEYED,,0,,,,,,,,,,,TriviaQA carries no year-keyed annotation
q_ad306b01,During which conflict was the battle of Blenheim fought?,War of the Spanish Succession,12,triviaqa,,1,NOT_TIME_KEYED,,0,,,,,,,,,,,TriviaQA carries no year-keyed annotation
q_ad4bef3e,What is the type of the Mars probe that has the most recent update on its status?,flyby,1,temporal_align_qa,2023,1,VOLATILE,"2000,2001,2002,2003,2004,2005,2006,2007,2008,2009,2010,2011,2012,2013,2014,2015,2016,2017,2018,2019,2020,2021,2022,2023",24,2023,3,11,0,1,1,flyby,,,,11 distinct answer sets across 24 years
q_adf4be31,Who is the present principal of Ranabima Royal College?,Ranjith Rajapaksha,2,temporal_align_qa,2023,1,VOLATILE,"2000,2001,2002,2003,2004,2005,2006,2007,2008,2009,2010,2011,2012,2013,2014,2015,2016,2017,2018,2019,2020,2021,2022,2023",24,2023,3,14,0,1,1,malaka perera | ranjith rajapaksha,,,,14 distinct answer sets across 24 years
q_ae23812e,What was the to par score achieved by the winner of the last The American Express golf tournament?,−27,1,temporal_align_qa,2023,1,VOLATILE,"2000,2001,2002,2003,2004,2005,2006,2007,2008,2009,2010,2011,2012,2013,2014,2015,2016,2017,2018,2019,2020,2021,2022,2023",24,2023,3,12,0,1,1,−27,,,,12 distinct answer sets across 24 years
q_ae57c718,Which composer wrote the operas 'The Flying Dutchman' and 'Parsifal'?,RICHARD WAGNER,12,triviaqa,,1,NOT_TIME_KEYED,,0,,,,,,,,,,,TriviaQA carries no year-keyed annotation
q_af23c4b7,Which college did the Pittsburgh Steelers' first round draft pick attend?,Georgia,1,temporal_align_qa,2023,1,VOLATILE,"2000,2001,2002,2003,2004,2005,2006,2007,2008,2009,2010,2011,2012,2013,2014,2015,2016,2017,2018,2019,2020,2021,2022,2023",24,2023,3,20,0,1,1,georgia,,,,20 distinct answer sets across 24 years
q_b01295a7,Who trained the winning horse in the most recent Champions Cup (horse race)?,Hiroyasu Tanaka,1,temporal_align_qa,2023,1,VOLATILE,"2000,2001,2002,2003,2004,2005,2006,2007,2008,2009,2010,2011,2012,2013,2014,2015,2016,2017,2018,2019,2020,2021,2022,2023",24,2023,3,19,0,1,1,hiroyasu tanaka,,,,19 distinct answer sets across 24 years
q_b16f0265,Who rode the winning horse in the most recent Queen Elizabeth II Challenge Cup Stakes?,Oisin Murphy,1,temporal_align_qa,2023,1,VOLATILE,"2000,2001,2002,2003,2004,2005,2006,2007,2008,2009,2010,2011,2012,2013,2014,2015,2016,2017,2018,2019,2020,2021,2022,2023",24,2023,3,18,0,1,1,oisin murphy,,,,18 distinct answer sets across 24 years
q_b1bd705b,In which English county is the town of Wells-next-the- Sea?,NORFOLK,8,triviaqa,,1,NOT_TIME_KEYED,,0,,,,,,,,,,,TriviaQA carries no year-keyed annotation
q_b220eed5,Which driver won the latest HighPoint.com 400 race?,Denny Hamlin,1,temporal_align_qa,2023,1,VOLATILE,"2000,2001,2002,2003,2004,2005,2006,2007,2008,2009,2010,2011,2012,2013,2014,2015,2016,2017,2018,2019,2020,2021,2022,2023",24,2023,3,17,0,1,1,denny hamlin,,,,17 distinct answer sets across 24 years
q_b2e307b2,Who won the most recent La Flèche Wallonne?,Tadej Pogačar,1,temporal_align_qa,2023,1,VOLATILE,"2000,2001,2002,2003,2004,2005,2006,2007,2008,2009,2010,2011,2012,2013,2014,2015,2016,2017,2018,2019,2020,2021,2022,2023",24,2023,3,16,0,1,1,tadej pogačar,,,,16 distinct answer sets across 24 years
q_b32eed02,Who trained the horse that won the last Preis der Diana?,Henk Grewe,1,temporal_align_qa,2023,1,VOLATILE,"2000,2001,2002,2003,2004,2005,2006,2007,2008,2009,2010,2011,2012,2013,2014,2015,2016,2017,2018,2019,2020,2021,2022,2023",24,2023,3,14,0,1,1,henk grewe,,,,14 distinct answer sets across 24 years
q_b37309f3,Which horse won the Kameko Futurity Trophy?,Ancient Wisdom,1,temporal_align_qa,2023,1,VOLATILE,"2000,2001,2002,2003,2004,2005,2006,2007,2008,2009,2010,2011,2012,2013,2014,2015,2016,2017,2018,2019,2020,2021,2022,2023",24,2023,3,24,0,1,1,ancient wisdom,,,,24 distinct answer sets across 24 years
q_b37330f1,Who is the current manager of the New York Mets?,Buck Showalter,1,temporal_align_qa,2023,2,VOLATILE,"2000,2001,2002,2003,2004,2005,2006,2007,2008,2009,2010,2011,2012,2013,2014,2015,2016,2017,2018,2019,2020,2021,2022,2023",24,2023,3,9,0,1,1,buck showalter,,,,9 distinct answer sets across 24 years
q_b38c44e9,In which city was the most recent NHL Entry Draft conducted?,"Nashville, Tennessee",1,temporal_align_qa,2023,1,VOLATILE,"2000,2001,2002,2003,2004,2005,2006,2007,2008,2009,2010,2011,2012,2013,2014,2015,2016,2017,2018,2019,2020,2021,2022,2023",24,2023,3,18,0,1,1,"nashville, tennessee",,,,18 distinct answer sets across 24 years
q_b38e651d,What air mattress genericized trademark is a portmanteau of its two-word description?,Lilo,6,triviaqa,,2,NOT_TIME_KEYED,,0,,,,,,,,,,,TriviaQA carries no year-keyed annotation
q_b3cd7717,Who is the champion of the latest Horizon Irish Open?,Vincent Norrman,1,temporal_align_qa,2023,1,VOLATILE,"2000,2001,2002,2003,2004,2005,2006,2007,2008,2009,2010,2011,2012,2013,2014,2015,2016,2017,2018,2019,2020,2021,2022,2023",24,2023,3,23,0,1,1,vincent norrman,,,,23 distinct answer sets across 24 years
q_b5910f81,What is the batting average (AVG) of the National League Silver Slugger Award winner at second base?,0.354,1,temporal_align_qa,2023,1,VOLATILE,"2000,2001,2002,2003,2004,2005,2006,2007,2008,2009,2010,2011,2012,2013,2014,2015,2016,2017,2018,2019,2020,2021,2022,2023",24,2023,3,23,0,1,1,0.354,,,,23 distinct answer sets across 24 years
q_b5bab848,What is the title of the work that won the most recent Latin Grammy Award for Best Salsa Album?,Niche Sinfónico,1,temporal_align_qa,2023,1,VOLATILE,"2000,2001,2002,2003,2004,2005,2006,2007,2008,2009,2010,2011,2012,2013,2014,2015,2016,2017,2018,2019,2020,2021,2022,2023",24,2023,3,24,0,1,1,niche sinfónico,,,,24 distinct answer sets across 24 years
q_b6529205,"Bort or boart refers to waste/inferior what, used for industrial purposes?",Diamonds,12,triviaqa,,1,NOT_TIME_KEYED,,0,,,,,,,,,,,TriviaQA carries no year-keyed annotation
q_b6e5a108,Which school won the NSW Union of Ex-Oarswomen Rose Evans trophy?,St Catherine's,1,temporal_align_qa,2023,1,VOLATILE,"2000,2001,2002,2003,2004,2005,2006,2007,2008,2009,2010,2011,2012,2013,2014,2015,2016,2017,2018,2019,2020,2021,2022,2023",24,2023,3,6,0,1,1,st catherine's,,,,6 distinct answer sets across 24 years
q_b8ddab89,What was the more common name for the German World War II dive bomber the Junkers Ju 87?,STUKA,12,triviaqa,,1,NOT_TIME_KEYED,,0,,,,,,,,,,,TriviaQA carries no year-keyed annotation
q_b9172601,Which work secured the Grammy Award for Best Jazz Performance?,Endangered Species,1,temporal_align_qa,2023,1,VOLATILE,"2000,2001,2002,2003,2004,2005,2006,2007,2008,2009,2010,2011,2012,2013,2014,2015,2016,2017,2018,2019,2020,2021,2022,2023",24,2023,3,24,0,1,1,endangered species,,,,24 distinct answer sets across 24 years
q_b91d68ca,Which jockey rode the winning horse in the most recent Belmont Derby?,José Ortiz,1,temporal_align_qa,2023,1,VOLATILE,"2000,2001,2002,2003,2004,2005,2006,2007,2008,2009,2010,2011,2012,2013,2014,2015,2016,2017,2018,2019,2020,2021,2022,2023",24,2023,3,16,0,1,1,josé ortiz,,,,16 distinct answer sets across 24 years
q_b96cebd8,In which season did the most recent USBWA National Freshman of the Year play?,2022–23,1,temporal_align_qa,2023,1,VOLATILE,"2000,2001,2002,2003,2004,2005,2006,2007,2008,2009,2010,2011,2012,2013,2014,2015,2016,2017,2018,2019,2020,2021,2022,2023",24,2023,3,24,0,1,1,2022–23,,,,24 distinct answer sets across 24 years
q_b9a64a4f,What is the theme of Sydney New Year's Eve celebration?,"One night, many ways to celebrate",1,temporal_align_qa,2023,1,VOLATILE,"2000,2001,2002,2003,2004,2005,2006,2007,2008,2009,2010,2011,2012,2013,2014,2015,2016,2017,2018,2019,2020,2021,2022,2023",24,2023,3,24,0,1,1,"one night, many ways to celebrate",,,,24 distinct answer sets across 24 years
q_b9a75c82,Which hockey team won the Men's England Hockey League?,Old Georgians,1,temporal_align_qa,2023,1,VOLATILE,"2000,2001,2002,2003,2004,2005,2006,2007,2008,2009,2010,2011,2012,2013,2014,2015,2016,2017,2018,2019,2020,2021,2022,2023",24,2023,3,17,0,1,1,old georgians,,,,17 distinct answer sets across 24 years
q_b9ad203c,What is the alcoholic strength of the most recently released batch of A'bunadh?,60.5%,3,temporal_align_qa,2023,1,VOLATILE,"2000,2001,2002,2003,2004,2005,2006,2007,2008,2009,2010,2011,2012,2013,2014,2015,2016,2017,2018,2019,2020,2021,2022,2023",24,2023,3,24,0,1,1,60.5% | 60.7% | 60.8%,,,,24 distinct answer sets across 24 years
q_b9e48bff,Which ownership currently holds the winning title for the Florida Derby?,Repole Stable & St. Elias Stable,1,temporal_align_qa,2023,1,VOLATILE,"2000,2001,2002,2003,2004,2005,2006,2007,2008,2009,2010,2011,2012,2013,2014,2015,2016,2017,2018,2019,2020,2021,2022,2023",24,2023,3,23,0,1,1,repole stable & st. elias stable,,,,23 distinct answer sets across 24 years
q_ba4e488d,How did the current representative for Indiana's 9th congressional district come into office?,Elected in 2016. Re-elected in 2018. Re-elected in 2020. Retired.,2,temporal_align_qa,2023,2,VOLATILE,"2000,2001,2002,2003,2004,2005,2006,2007,2008,2009,2010,2011,2012,2013,2014,2015,2016,2017,2018,2019,2020,2021,2022,2023",24,2023,3,9,0,1,1,elected in 2016. re-elected in 2018. re-elected in 2020. retired. | elected in 2022.,,,,9 distinct answer sets across 24 years
q_ba85b69b,Who is the current kit manufacturer of Al-Arabi SC (Qatar)?,Puma,1,temporal_align_qa,2023,1,VOLATILE,"2000,2001,2002,2003,2004,2005,2006,2007,2008,2009,2010,2011,2012,2013,2014,2015,2016,2017,2018,2019,2020,2021,2022,2023",24,2023,3,9,0,1,1,puma,,,,9 distinct answer sets across 24 years
q_bac0fe01,Which team is the current champion of the All-Ireland Junior Ladies' Football Championship?,Down,1,temporal_align_qa,2023,1,VOLATILE,"2000,2001,2002,2003,2004,2005,2006,2007,2008,2009,2010,2011,2012,2013,2014,2015,2016,2017,2018,2019,2020,2021,2022,2023",24,2023,3,17,0,1,1,down,,,,17 distinct answer sets across 24 years
q_bad81eda,"'Blurred Lines' was the biggest selling single record of 2013, who recorded it?",Robin Thicke,4,triviaqa,,1,NOT_TIME_KEYED,,0,,,,,,,,,,,TriviaQA carries no year-keyed annotation
q_badb7460,What is the title of the Spanish film submitted for the Academy Award for Best International Feature Film?,Society of the Snow,1,temporal_align_qa,2023,1,VOLATILE,"2000,2001,2002,2003,2004,2005,2006,2007,2008,2009,2010,2011,2012,2013,2014,2015,2016,2017,2018,2019,2020,2021,2022,2023",24,2023,3,24,0,1,1,society of the snow,,,,24 distinct answer sets across 24 years
q_baf11e36,Which party does the current second deputy speaker of the Parliament of Finland represent?,Finns Party,1,temporal_align_qa,2023,2,VOLATILE,"2000,2001,2002,2003,2004,2005,2006,2007,2008,2009,2010,2011,2012,2013,2014,2015,2016,2017,2018,2019,2020,2021,2022,2023",24,2023,3,7,0,1,1,finns party,,,,7 distinct answer sets across 24 years
q_bb9e40d6,Which team is the current champion of the Aruban Division di Honor?,RCA,1,temporal_align_qa,2023,1,VOLATILE,"2000,2001,2002,2003,2004,2005,2006,2007,2008,2009,2010,2011,2012,2013,2014,2015,2016,2017,2018,2019,2020,2021,2022,2023",24,2023,3,14,0,1,1,rca,,,,14 distinct answer sets across 24 years
q_bbdfff0f,What was the first operational image taken by the James Webb Space Telescope?,Webb's First Deep Field,1,freshqa,2022,1,SINGLE_YEAR,2022,1,2022,4,,,1,,,,never-changing,,"FreshQA carries a single effective_year, not a year series — volatility UNDETERMINED; next_review='', fact_type='never-changing'"
q_bc586d32,How many rings are on the Audi car logo?,Four,4,triviaqa,,1,NOT_TIME_KEYED,,0,,,,,,,,,,,TriviaQA carries no year-keyed annotation
q_bc9026c6,Who is the recipient of the WTA Most Improved Player award?,Zheng Qinwen,1,temporal_align_qa,2023,1,VOLATILE,"2000,2001,2002,2003,2004,2005,2006,2007,2008,2009,2010,2011,2012,2013,2014,2015,2016,2017,2018,2019,2020,2021,2022,2023",24,2023,3,23,0,1,1,zheng qinwen,,,,23 distinct answer sets across 24 years
q_bcbdf06e,"On which English motorway can you find services called Baldock, Wetherby and Washington?",M1,10,triviaqa,,1,NOT_TIME_KEYED,,0,,,,,,,,,,,TriviaQA carries no year-keyed annotation
q_bd3621d0,In which year was the Aberfan Disaster?,1966,3,triviaqa,,1,NOT_TIME_KEYED,,0,,,,,,,,,,,TriviaQA carries no year-keyed annotation
q_bd3daa9d,Which organization's Mars probe is currently en route to its destination?,NASA,1,temporal_align_qa,2023,1,VOLATILE,"2000,2001,2002,2003,2004,2005,2006,2007,2008,2009,2010,2011,2012,2013,2014,2015,2016,2017,2018,2019,2020,2021,2022,2023",24,2023,3,7,0,1,0,nasa,,,,7 distinct answer sets across 24 years
q_bd8d50a7,Which athlete holds the third position in the most recent women's snowboard cross FIS Snowboard World Cup standings?,Josie Baff,1,temporal_align_qa,2023,1,VOLATILE,"2000,2001,2002,2003,2004,2005,2006,2007,2008,2009,2010,2011,2012,2013,2014,2015,2016,2017,2018,2019,2020,2021,2022,2023",24,2023,3,21,0,1,1,josie baff,,,,21 distinct answer sets across 24 years
q_bd9e6870,"Which architect, President of the Royal Academy from 2004 to 2011, is responsible for the National Space Centre in Leicester and the Eden Project in Cornwall?",SIR NICHOLAS GRIMSHAW,6,triviaqa,,1,NOT_TIME_KEYED,,0,,,,,,,,,,,TriviaQA carries no year-keyed annotation
q_be7863cd,What is the title of a current American animated television series available on Netflix?,Nature Cat,1,temporal_align_qa,2023,1,VOLATILE,"2000,2001,2002,2003,2004,2005,2006,2007,2008,2009,2010,2011,2012,2013,2014,2015,2016,2017,2018,2019,2020,2021,2022,2023",24,2023,3,20,0,1,1,nature cat,,,,20 distinct answer sets across 24 years
q_bf2150c7,"Wroxeter, the site of the Roman city of Viroconium Cornoviorum, is in which English county?",Shropshire,12,triviaqa,,1,NOT_TIME_KEYED,,0,,,,,,,,,,,TriviaQA carries no year-keyed annotation
q_bff7ff01,In which country would you find budgerigars in their natural habitat?,Australia,12,triviaqa,,1,NOT_TIME_KEYED,,0,,,,,,,,,,,TriviaQA carries no year-keyed annotation
q_c06a0019,What is the full name of the person currently serving as the Member of the Legislative Assembly for Peace River?,Dan Williams,1,temporal_align_qa,2023,1,VOLATILE,"2000,2001,2002,2003,2004,2005,2006,2007,2008,2009,2010,2011,2012,2013,2014,2015,2016,2017,2018,2019,2020,2021,2022,2023",24,2023,3,7,0,1,1,dan williams,,,,7 distinct answer sets across 24 years
q_c06f1aba,Who is the current sideline reporter for the Cleveland Browns radio broadcast?,Je'Rod Cherry,1,temporal_align_qa,2023,1,VOLATILE,"2000,2001,2002,2003,2004,2005,2006,2007,2008,2009,2010,2011,2012,2013,2014,2015,2016,2017,2018,2019,2020,2021,2022,2023",24,2023,3,6,0,1,1,je'rod cherry,,,,6 distinct answer sets across 24 years
q_c0c0cc7f,What television series is Kevin Eldon a part of?,Danger Mouse,4,temporal_align_qa,2023,1,VOLATILE,"2000,2001,2002,2003,2004,2005,2006,2007,2008,2009,2010,2011,2012,2013,2014,2015,2016,2017,2018,2019,2020,2021,2022,2023",24,2023,3,24,0,1,1,danger mouse | death in paradise | hijack | sanditon,,,,24 distinct answer sets across 24 years
q_c1695ecb,Who were the Celtic-speaking peoples living in France and Belgium during Roman times?,Gauls,11,triviaqa,,1,NOT_TIME_KEYED,,0,,,,,,,,,,,TriviaQA carries no year-keyed annotation
q_c1c6c0b6,Who was the trainer of the winning horse in the most recent Tenno Sho Autumn?,Tetsuya Kimura,1,temporal_align_qa,2023,1,VOLATILE,"2000,2001,2002,2003,2004,2005,2006,2007,2008,2009,2010,2011,2012,2013,2014,2015,2016,2017,2018,2019,2020,2021,2022,2023",24,2023,3,17,0,1,1,tetsuya kimura,,,,17 distinct answer sets across 24 years
q_c241368e,Who is the most recent winner of the New York City Marathon in the Women's open division?,Hellen Obiri,1,temporal_align_qa,2023,1,VOLATILE,"2000,2001,2002,2003,2004,2005,2006,2007,2008,2009,2010,2011,2012,2013,2014,2015,2016,2017,2018,2019,2020,2021,2022,2023",24,2023,3,17,0,1,1,hellen obiri,,,,17 distinct answer sets across 24 years
q_c26c7630,Who trained the most recent winner of the Prix Robert Papin?,Christopher Head,1,temporal_align_qa,2023,1,VOLATILE,"2000,2001,2002,2003,2004,2005,2006,2007,2008,2009,2010,2011,2012,2013,2014,2015,2016,2017,2018,2019,2020,2021,2022,2023",24,2023,3,18,0,1,1,christopher head,,,,18 distinct answer sets across 24 years
q_c26ddee2,What position does the most recent Michigan Wolverines baseball MLB player play?,Second Baseman,3,temporal_align_qa,2023,1,VOLATILE,"2000,2001,2002,2003,2004,2005,2006,2007,2008,2009,2010,2011,2012,2013,2014,2015,2016,2017,2018,2019,2020,2021,2022,2023",24,2023,3,9,0,1,1,outfielder | pitcher | second baseman,,,,9 distinct answer sets across 24 years
q_c2bcbdff,Who won the most recent IndyCar race at Texas Motor Speedway?,Josef Newgarden,1,temporal_align_qa,2023,1,VOLATILE,"2000,2001,2002,2003,2004,2005,2006,2007,2008,2009,2010,2011,2012,2013,2014,2015,2016,2017,2018,2019,2020,2021,2022,2023",24,2023,3,16,0,1,1,josef newgarden,,,,16 distinct answer sets across 24 years
q_c3300be7,Who was appointed captain of Great Britain's Davis Cup team in 2006?,John Lloyd,8,triviaqa,,1,NOT_TIME_KEYED,,0,,,,,,,,,,,TriviaQA carries no year-keyed annotation
q_c354442b,Who currently holds the position of Minister of Foreign Affairs in Madagascar?,Léon Rakotonirina  Acting Minister,2,temporal_align_qa,2023,2,VOLATILE,"2000,2001,2002,2003,2004,2005,2006,2007,2008,2009,2010,2011,2012,2013,2014,2015,2016,2017,2018,2019,2020,2021,2022,2023",24,2023,3,18,0,1,1,léon rakotonirina acting minister | yvette sylla,,,,18 distinct answer sets across 24 years
q_c4cf23ca,What is the most populous city in Chile?,Santiago,3,freshqa,before 2022,1,SINGLE_YEAR,before 2022,1,before 2022,,,,1,,,,never-changing,,"FreshQA carries a single effective_year, not a year series — volatility UNDETERMINED; next_review='', fact_type='never-changing'"
q_c51c0b2b,Who is the United States Representative for Arkansas's 4th congressional district?,Bruce Westerman,1,temporal_align_qa,2023,1,VOLATILE,"2000,2001,2002,2003,2004,2005,2006,2007,2008,2009,2010,2011,2012,2013,2014,2015,2016,2017,2018,2019,2020,2021,2022,2023",24,2023,3,7,0,1,1,bruce westerman,,,,7 distinct answer sets across 24 years
q_c51c7290,The upcoming Microsoft's Patch Tuesday will come out on what date in North America?,"Oct 10, 2023",10,freshqa,2023,1,SINGLE_YEAR,2023,1,2023,3,,,1,,,11/07/2023,fast-changing,,"FreshQA carries a single effective_year, not a year series — volatility UNDETERMINED; next_review='11/07/2023', fact_type='fast-changing'"
q_c52c10db,Which jockey rode the winning horse in the most recent Tenno Sho Spring?,Christophe Lemaire,1,temporal_align_qa,2023,1,VOLATILE,"2000,2001,2002,2003,2004,2005,2006,2007,2008,2009,2010,2011,2012,2013,2014,2015,2016,2017,2018,2019,2020,2021,2022,2023",24,2023,3,15,0,1,1,christophe lemaire,,,,15 distinct answer sets across 24 years
q_c5946497,"Who are the engineers that received the most recent Grammy Award for Best Engineered Album, Classical?","Shawn Murphy, Charlie Post & Gary Rydstrom ; Michael Rowanowski",1,temporal_align_qa,2023,1,VOLATILE,"2000,2001,2002,2003,2004,2005,2006,2007,2008,2009,2010,2011,2012,2013,2014,2015,2016,2017,2018,2019,2020,2021,2022,2023",24,2023,3,23,0,1,1,"shawn murphy, charlie post & gary rydstrom ; michael rowanowski",,,,23 distinct answer sets across 24 years
q_c6088f4c,Which football club won the Kategoria e Parë championship title?,Skënderbeu,1,temporal_align_qa,2023,1,VOLATILE,"2000,2001,2002,2003,2004,2005,2006,2007,2008,2009,2010,2011,2012,2013,2014,2015,2016,2017,2018,2019,2020,2021,2022,2023",24,2023,3,21,0,1,1,skënderbeu,,,,21 distinct answer sets across 24 years
q_c60b122d,From which hometown is the current Miss Illinois Teen USA?,Chicago,1,temporal_align_qa,2023,1,VOLATILE,"2000,2001,2002,2003,2004,2005,2006,2007,2008,2009,2010,2011,2012,2013,2014,2015,2016,2017,2018,2019,2020,2021,2022,2023",24,2023,3,20,0,1,1,chicago,,,,20 distinct answer sets across 24 years
q_c64ac1d8,What is the name of the top year-end best selling Tropical Album?,Todavia Me Amas: Lo Mejor de Aventura,1,temporal_align_qa,2023,1,VOLATILE,"2000,2001,2002,2003,2004,2005,2006,2007,2008,2009,2010,2011,2012,2013,2014,2015,2016,2017,2018,2019,2020,2021,2022,2023",24,2023,3,16,0,1,1,todavia me amas: lo mejor de aventura,,,,16 distinct answer sets across 24 years
q_c66aa371,Which car received a special award for the most advanced technology in Japan?,BMW iX  Nissan X-Trail  Honda Civic e:HEV/Type R  Nissan Sakura/Mitsubishi eK X EV,1,temporal_align_qa,2023,1,VOLATILE,"2000,2001,2002,2003,2004,2005,2006,2007,2008,2009,2010,2011,2012,2013,2014,2015,2016,2017,2018,2019,2020,2021,2022,2023",24,2023,3,24,0,1,1,bmw ix nissan x-trail honda civic e:hev/type r nissan sakura/mitsubishi ek x ev,,,,24 distinct answer sets across 24 years
q_c685de49,Which company is currently sponsoring AC Milan's shirts?,The Emirates Group,1,temporal_align_qa,2023,1,VOLATILE,"2000,2001,2002,2003,2004,2005,2006,2007,2008,2009,2010,2011,2012,2013,2014,2015,2016,2017,2018,2019,2020,2021,2022,2023",24,2023,3,5,0,1,1,the emirates group,,,,5 distinct answer sets across 24 years
q_c6b40080,Which bird of the pigeon family was found in huge numbers in North America until the 19th century but then went into decline due to hunting and became extinct in 1914?,Passenger pigeon,12,triviaqa,,2,NOT_TIME_KEYED,,0,,,,,,,,,,,TriviaQA carries no year-keyed annotation
q_c76a7d5e,Which horse won the Royal Hunt Cup most recently?,Jimi Hendrix,1,temporal_align_qa,2023,1,VOLATILE,"2000,2001,2002,2003,2004,2005,2006,2007,2008,2009,2010,2011,2012,2013,2014,2015,2016,2017,2018,2019,2020,2021,2022,2023",24,2023,3,24,0,1,1,jimi hendrix,,,,24 distinct answer sets across 24 years
q_c7b2bccd,Who was the personal architect of Hitler and Minister of Armaments and War Production in Nazi Germany during the Second World War?,ALBERT SPEER,11,triviaqa,,1,NOT_TIME_KEYED,,0,,,,,,,,,,,TriviaQA carries no year-keyed annotation
q_c7e889d2,"Which artist or group performed the Grammy Award-winning Best Arrangement, Instrumental or A Cappella?","Magnus Lindgren, John Beasley & The SWR Big Band ft. Martin Auer",1,temporal_align_qa,2023,1,VOLATILE,"2000,2001,2002,2003,2004,2005,2006,2007,2008,2009,2010,2011,2012,2013,2014,2015,2016,2017,2018,2019,2020,2021,2022,2023",24,2023,3,19,0,1,1,"magnus lindgren, john beasley & the swr big band ft. martin auer",,,,19 distinct answer sets across 24 years
q_c83007d1,Which 13th century English philosopher and scientist was known as 'Doctor Mirabilis'?,ROGER BACON,11,triviaqa,,1,NOT_TIME_KEYED,,0,,,,,,,,,,,TriviaQA carries no year-keyed annotation
q_c8436957,In which ACB season did the most recent winner of the Most Valuable Player award play?,2022–23,1,temporal_align_qa,2023,1,VOLATILE,"2000,2001,2002,2003,2004,2005,2006,2007,2008,2009,2010,2011,2012,2013,2014,2015,2016,2017,2018,2019,2020,2021,2022,2023",24,2023,3,24,0,1,1,2022–23,,,,24 distinct answer sets across 24 years
q_c8d65331,From which hometown is the current Miss Kentucky USA?,Lexington,1,temporal_align_qa,2023,1,VOLATILE,"2000,2001,2002,2003,2004,2005,2006,2007,2008,2009,2010,2011,2012,2013,2014,2015,2016,2017,2018,2019,2020,2021,2022,2023",24,2023,3,13,0,1,1,lexington,,,,13 distinct answer sets across 24 years
q_c914875b,Which club finished third in the most recent season of the Belarusian Premier League?,Torpedo-BelAZ Zhodino,1,temporal_align_qa,2023,1,VOLATILE,"2000,2001,2002,2003,2004,2005,2006,2007,2008,2009,2010,2011,2012,2013,2014,2015,2016,2017,2018,2019,2020,2021,2022,2023",24,2023,3,8,0,1,1,torpedo-belaz zhodino,,,,8 distinct answer sets across 24 years
q_c96939e7,"In the 'Harry Potter' books, 'Hogwarts school' has four houses, 'Gryffindor', 'Slytherin' and 'Ravenclaw' are three, what is the fourth?",'HUFFLEPUFF',12,triviaqa,,1,NOT_TIME_KEYED,,0,,,,,,,,,,,TriviaQA carries no year-keyed annotation
q_c973e5b1,Who is the recipient of the most recent FWA Tribute Award?,Yaya Touré,1,temporal_align_qa,2023,1,VOLATILE,"2000,2001,2002,2003,2004,2005,2006,2007,2008,2009,2010,2011,2012,2013,2014,2015,2016,2017,2018,2019,2020,2021,2022,2023",24,2023,3,23,0,1,1,yaya touré,,,,23 distinct answer sets across 24 years
q_c988b01c,Which country hosted the latest World Junior Speed Skating Championships?,Germany,1,temporal_align_qa,2023,1,VOLATILE,"2000,2001,2002,2003,2004,2005,2006,2007,2008,2009,2010,2011,2012,2013,2014,2015,2016,2017,2018,2019,2020,2021,2022,2023",24,2023,3,11,0,1,1,germany,,,,11 distinct answer sets across 24 years
q_c9965b56,"During the 1900s, Olivetti, Olympia, Underwood, Smith Corona, and Remington were famous makers of?",Typewriters,12,triviaqa,,2,NOT_TIME_KEYED,,0,,,,,,,,,,,TriviaQA carries no year-keyed annotation
q_c997700b,Who is the president of the White House Correspondents' Association?,Kelly O'Donnell,1,temporal_align_qa,2023,1,VOLATILE,"2000,2001,2002,2003,2004,2005,2006,2007,2008,2009,2010,2011,2012,2013,2014,2015,2016,2017,2018,2019,2020,2021,2022,2023",24,2023,3,24,0,1,1,kelly o'donnell,,,,24 distinct answer sets across 24 years
q_caa2a1ae,"Hatha, Jnana, Bhakti and Karma are all branches of which activity?",Yoga,12,triviaqa,,1,NOT_TIME_KEYED,,0,,,,,,,,,,,TriviaQA carries no year-keyed annotation
q_cad562c6,Which network broadcasts the NBA Finals?,ESPN Deportes,2,temporal_align_qa,2023,1,VOLATILE,"2000,2001,2002,2003,2004,2005,2006,2007,2008,2009,2010,2011,2012,2013,2014,2015,2016,2017,2018,2019,2020,2021,2022,2023",24,2023,3,6,0,1,1,abc | espn deportes,,,,6 distinct answer sets across 24 years
q_caf45aad,How many Imperial gallons of beer are in a firkin?,Nine,4,triviaqa,,1,NOT_TIME_KEYED,,0,,,,,,,,,,,TriviaQA carries no year-keyed annotation
q_cb349d3b,In how many episodes does Chris Bauer appear in his most recent television role?,Main role,2,temporal_align_qa,2023,1,VOLATILE,"2000,2001,2002,2003,2004,2005,2006,2007,2008,2009,2010,2011,2012,2013,2014,2015,2016,2017,2018,2019,2020,2021,2022,2023",24,2023,3,22,0,1,1,main role | upcoming miniseries,,,,22 distinct answer sets across 24 years
q_cb9cc202,In what year was Alaska sold to the US?,1867,3,triviaqa,,1,NOT_TIME_KEYED,,0,,,,,,,,,,,TriviaQA carries no year-keyed annotation
q_cc0d02ca,What is the current state of the heaviest Earth observing satellite and Kessler syndrome threat?,In service,1,temporal_align_qa,2023,1,VOLATILE,"2000,2001,2002,2003,2004,2005,2006,2007,2008,2009,2010,2011,2012,2013,2014,2015,2016,2017,2018,2019,2020,2021,2022,2023",24,2023,3,14,0,1,0,in service,,,,14 distinct answer sets across 24 years
q_cc86e7a2,"Who directed the latest theater production of ""Piège pour un homme seul""?",Michel Fau,1,temporal_align_qa,2023,1,VOLATILE,"2000,2001,2002,2003,2004,2005,2006,2007,2008,2009,2010,2011,2012,2013,2014,2015,2016,2017,2018,2019,2020,2021,2022,2023",24,2023,3,14,0,1,1,michel fau,,,,14 distinct answer sets across 24 years
q_ccd63b11,Who is the recent winner of the Miles Franklin Award?,Shankari Chandran,1,temporal_align_qa,2023,1,VOLATILE,"2000,2001,2002,2003,2004,2005,2006,2007,2008,2009,2010,2011,2012,2013,2014,2015,2016,2017,2018,2019,2020,2021,2022,2023",24,2023,3,22,0,1,1,shankari chandran,,,,22 distinct answer sets across 24 years
q_cd2a5fda,How many years did it take for the population of the world to reach 8 billion from 7 billion?,11 years,1,freshqa,2022,1,SINGLE_YEAR,2022,1,2022,4,,,1,,,,never-changing,,"FreshQA carries a single effective_year, not a year series — volatility UNDETERMINED; next_review='', fact_type='never-changing'"
q_cd6b4ea7,"""In 1985 the Greenpeace protest ship """"Rainbow Warrior"""" was bombed and sunk by French agents in which harbour?""","Auckland, New Zealand",12,triviaqa,,1,NOT_TIME_KEYED,,0,,,,,,,,,,,TriviaQA carries no year-keyed annotation
q_ce3247b9,What is the name of the most recent horse to win the Gran Premio Carlos Pellegrini?,Argentina El Encinal,1,temporal_align_qa,2023,1,VOLATILE,"2000,2001,2002,2003,2004,2005,2006,2007,2008,2009,2010,2011,2012,2013,2014,2015,2016,2017,2018,2019,2020,2021,2022,2023",24,2023,3,23,0,1,1,argentina el encinal,,,,23 distinct answer sets across 24 years
q_cf26826b,Which team won the most recent NCAA Women's Division I Swimming and Diving Championship?,Virginia,1,temporal_align_qa,2023,1,VOLATILE,"2000,2001,2002,2003,2004,2005,2006,2007,2008,2009,2010,2011,2012,2013,2014,2015,2016,2017,2018,2019,2020,2021,2022,2023",24,2023,3,8,0,1,1,virginia,,,,8 distinct answer sets across 24 years
q_cf72c65f,Who won the latest NBA championship?,Denver Nuggets,1,freshqa,2023,1,SINGLE_YEAR,2023,1,2023,3,,,1,,,frequently,fast-changing,,"FreshQA carries a single effective_year, not a year series — volatility UNDETERMINED; next_review='frequently', fact_type='fast-changing'"
q_cfb65856,What model of motorcycle did the winning manufacturer of the Superbike World Championship use?,Panigale V4 R,1,temporal_align_qa,2023,1,VOLATILE,"2000,2001,2002,2003,2004,2005,2006,2007,2008,2009,2010,2011,2012,2013,2014,2015,2016,2017,2018,2019,2020,2021,2022,2023",24,2023,3,15,0,1,1,panigale v4 r,,,,15 distinct answer sets across 24 years
q_cfdd4441,Which school has the most recent Pop-Tarts Bowl MVP hailed from?,Kansas State,1,temporal_align_qa,2023,2,VOLATILE,"2000,2001,2002,2003,2004,2005,2006,2007,2008,2009,2010,2011,2012,2013,2014,2015,2016,2017,2018,2019,2020,2021,2022,2023",24,2023,3,17,0,1,1,kansas state,,,,17 distinct answer sets across 24 years
q_cff65f30,The babirusa is a wild variety of which domesticated animal?,Pig,9,triviaqa,,1,NOT_TIME_KEYED,,0,,,,,,,,,,,TriviaQA carries no year-keyed annotation
q_d02a1da9,Who did California cast its electoral votes for in the recent presidential election?,Biden/ Harris  Y,1,temporal_align_qa,2023,1,VOLATILE,"2000,2001,2002,2003,2004,2005,2006,2007,2008,2009,2010,2011,2012,2013,2014,2015,2016,2017,2018,2019,2020,2021,2022,2023",24,2023,3,5,0,1,1,biden/ harris y,,,,5 distinct answer sets across 24 years
q_d0506c00,Where was the most recent Bridges conference held?,"Dalhousie University, Halifax, Nova Scotia, Canada",1,temporal_align_qa,2023,1,VOLATILE,"2000,2001,2002,2003,2004,2005,2006,2007,2008,2009,2010,2011,2012,2013,2014,2015,2016,2017,2018,2019,2020,2021,2022,2023",24,2023,3,19,0,1,1,"dalhousie university, halifax, nova scotia, canada",,,,19 distinct answer sets across 24 years
q_d093f991,Which owner's horse won the Breeders' Cup Filly & Mare Turf?,Cheveley Park Stud,1,temporal_align_qa,2023,1,VOLATILE,"2000,2001,2002,2003,2004,2005,2006,2007,2008,2009,2010,2011,2012,2013,2014,2015,2016,2017,2018,2019,2020,2021,2022,2023",24,2023,3,20,0,1,1,cheveley park stud,,,,20 distinct answer sets across 24 years
q_d0a493c9,Who is the current head coach of KK MZT Skopje?,Aleksandar Petrović  Dragan Nikolić  Vasko Atanasov,1,temporal_align_qa,2023,1,VOLATILE,"2000,2001,2002,2003,2004,2005,2006,2007,2008,2009,2010,2011,2012,2013,2014,2015,2016,2017,2018,2019,2020,2021,2022,2023",24,2023,3,20,0,1,1,aleksandar petrović dragan nikolić vasko atanasov,,,,20 distinct answer sets across 24 years
q_d0a5e0b6,Who is the current provincial representative for Keewatinook?,Ian Bushie,1,temporal_align_qa,2023,1,VOLATILE,"2000,2001,2002,2003,2004,2005,2006,2007,2008,2009,2010,2011,2012,2013,2014,2015,2016,2017,2018,2019,2020,2021,2022,2023",24,2023,3,5,0,1,1,ian bushie,,,,5 distinct answer sets across 24 years
q_d1fc1f80,Where is the hometown of the current Miss Hawaii?,Honolulu,1,temporal_align_qa,2023,1,VOLATILE,"2000,2001,2002,2003,2004,2005,2006,2007,2008,2009,2010,2011,2012,2013,2014,2015,2016,2017,2018,2019,2020,2021,2022,2023",24,2023,3,15,0,1,1,honolulu,,,,15 distinct answer sets across 24 years
q_d23799e5,What was the last number one by The Jam,Beat Surrender,3,triviaqa,,1,NOT_TIME_KEYED,,0,,,,,,,,,,,TriviaQA carries no year-keyed annotation
q_d23ca3b3,What is the current overall record of Tiger Park's team?,27-9,1,temporal_align_qa,2023,1,VOLATILE,"2000,2001,2002,2003,2004,2005,2006,2007,2008,2009,2010,2011,2012,2013,2014,2015,2016,2017,2018,2019,2020,2021,2022,2023",24,2023,3,24,0,1,1,27-9,,,,24 distinct answer sets across 24 years
q_d26e3359,What is the name of the trainer who trained the Bahrain Trophy's winning horse most recently?,Charlie Appleby,1,temporal_align_qa,2023,1,VOLATILE,"2000,2001,2002,2003,2004,2005,2006,2007,2008,2009,2010,2011,2012,2013,2014,2015,2016,2017,2018,2019,2020,2021,2022,2023",24,2023,3,19,0,1,1,charlie appleby,,,,19 distinct answer sets across 24 years
q_d3e5ec72,In which city was the most recent Texas State Open played?,Tyler,1,temporal_align_qa,2023,1,VOLATILE,"2000,2001,2002,2003,2004,2005,2006,2007,2008,2009,2010,2011,2012,2013,2014,2015,2016,2017,2018,2019,2020,2021,2022,2023",24,2023,3,7,0,1,1,tyler,,,,7 distinct answer sets across 24 years
q_d4f726dc,Which pair won the L'Open 35 de Saint-Malo doubles final most recently?,Greet Minnen Bibiane Schoofs,1,temporal_align_qa,2023,1,VOLATILE,"2000,2001,2002,2003,2004,2005,2006,2007,2008,2009,2010,2011,2012,2013,2014,2015,2016,2017,2018,2019,2020,2021,2022,2023",24,2023,3,24,0,1,1,greet minnen bibiane schoofs,,,,24 distinct answer sets across 24 years
q_d529bed8,Who is the current Speaker of the Saeima?,Edvards Smiltēns,1,temporal_align_qa,2023,1,VOLATILE,"2000,2001,2002,2003,2004,2005,2006,2007,2008,2009,2010,2011,2012,2013,2014,2015,2016,2017,2018,2019,2020,2021,2022,2023",24,2023,3,12,0,1,1,edvards smiltēns,,,,12 distinct answer sets across 24 years
q_d6104cc3,Samantha Murray won GB's final medal of the 2012 Olympics in which sport?,(WOMEN'S) MODERN PENTATHLON,2,triviaqa,,1,NOT_TIME_KEYED,,0,,,,,,,,,,,TriviaQA carries no year-keyed annotation
q_d62648af,What is the source or reference for the circumstances surrounding the most recent death of a journalist in Bangladesh?,IFJ,2,temporal_align_qa,2023,2,VOLATILE,"2000,2001,2002,2003,2004,2005,2006,2007,2008,2009,2010,2011,2012,2013,2014,2015,2016,2017,2018,2019,2020,2021,2022,2023",24,2023,3,8,0,1,1,ifj | rsf,,,,8 distinct answer sets across 24 years
q_d63bf68a,What is kitchen tin foil made from?,Aluminium,12,triviaqa,,1,NOT_TIME_KEYED,,0,,,,,,,,,,,TriviaQA carries no year-keyed annotation
q_d665e7a3,Who was the jockey riding the winning horse in the most recent Mile Championship?,Kota Fujioka,1,temporal_align_qa,2023,1,VOLATILE,"2000,2001,2002,2003,2004,2005,2006,2007,2008,2009,2010,2011,2012,2013,2014,2015,2016,2017,2018,2019,2020,2021,2022,2023",24,2023,3,16,0,1,1,kota fujioka,,,,16 distinct answer sets across 24 years
q_d78d0eec,Who is the serving U.S. Representative for Virginia's 1st congressional district?,Rob Wittman,1,temporal_align_qa,2023,1,VOLATILE,"2000,2001,2002,2003,2004,2005,2006,2007,2008,2009,2010,2011,2012,2013,2014,2015,2016,2017,2018,2019,2020,2021,2022,2023",24,2023,3,5,0,1,1,rob wittman,,,,5 distinct answer sets across 24 years
q_d8b1d102,What is another name for a wildebeest?,Gnu,12,triviaqa,,1,NOT_TIME_KEYED,,0,,,,,,,,,,,TriviaQA carries no year-keyed annotation
q_d9d96160,Who delivered The MacTaggart Lecture at the Edinburgh International Television Festival most recently?,Louis Theroux,1,temporal_align_qa,2023,1,VOLATILE,"2000,2001,2002,2003,2004,2005,2006,2007,2008,2009,2010,2011,2012,2013,2014,2015,2016,2017,2018,2019,2020,2021,2022,2023",24,2023,3,23,0,1,1,louis theroux,,,,23 distinct answer sets across 24 years
q_da1c81d6,"Who was Archbishop of Canterbury during the reigns of Henry VIII and Edward VI, was then imprisoned for over two years and burnt at the stake for heresy?",Thomas Cranmer,10,triviaqa,,1,NOT_TIME_KEYED,,0,,,,,,,,,,,TriviaQA carries no year-keyed annotation
q_dafccfb8,Who is serving as the current president of the New Democratic Party?,Mary Shortall,2,temporal_align_qa,2023,1,VOLATILE,"2000,2001,2002,2003,2004,2005,2006,2007,2008,2009,2010,2011,2012,2013,2014,2015,2016,2017,2018,2019,2020,2021,2022,2023",24,2023,3,15,0,1,1,dhananjai kohli | mary shortall,,,,15 distinct answer sets across 24 years
q_db354b10,Which four-letter word means ‘the prong of a fork’?,TINE,12,triviaqa,,1,NOT_TIME_KEYED,,0,,,,,,,,,,,TriviaQA carries no year-keyed annotation
q_dbb1cb5d,Who is the leading goalkicker for Fremantle Football Club?,Jye Amiss,1,temporal_align_qa,2023,1,VOLATILE,"2000,2001,2002,2003,2004,2005,2006,2007,2008,2009,2010,2011,2012,2013,2014,2015,2016,2017,2018,2019,2020,2021,2022,2023",24,2023,3,12,0,1,1,jye amiss,,,,12 distinct answer sets across 24 years
q_dbf0307d,A 'Chorkie' is a dog hybrid obtained by crossing a Yorkshire Terrier with which other breed?,CHIHUAHUA,11,triviaqa,,1,NOT_TIME_KEYED,,0,,,,,,,,,,,TriviaQA carries no year-keyed annotation
q_dcc6b248,Who is the latest WNBA player to win the Rookie of the Year Award?,Aliyah Boston,1,temporal_align_qa,2023,1,VOLATILE,"2000,2001,2002,2003,2004,2005,2006,2007,2008,2009,2010,2011,2012,2013,2014,2015,2016,2017,2018,2019,2020,2021,2022,2023",24,2023,3,24,0,1,1,aliyah boston,,,,24 distinct answer sets across 24 years
q_dcf1f4d4,The Briish Airways subsidiary BA Connect was sold to which other airline?,Flybe.,11,triviaqa,,1,NOT_TIME_KEYED,,0,,,,,,,,,,,TriviaQA carries no year-keyed annotation
q_dd7cbef3,"In what month and year was the price of Bitcoin last above $40,000?",April 2022,3,freshqa,2022,1,SINGLE_YEAR,2022,1,2022,4,,,1,,,frequently,fast-changing,,"FreshQA carries a single effective_year, not a year series — volatility UNDETERMINED; next_review='frequently', fact_type='fast-changing'"
q_dd9fd589,How many tornadoes were classified as F3/EF3?,"≥ 2,701",2,temporal_align_qa,2023,1,VOLATILE,"2000,2001,2002,2003,2004,2005,2006,2007,2008,2009,2010,2011,2012,2013,2014,2015,2016,2017,2018,2019,2020,2021,2022,2023",24,2023,3,16,0,1,0,"28 | ≥ 2,701",,,,16 distinct answer sets across 24 years
q_ddf45443,Which North Sea port lies at the mouth of the Riyer Esk?,WHITBY,3,triviaqa,,2,NOT_TIME_KEYED,,0,,,,,,,,,,,TriviaQA carries no year-keyed annotation
q_df05880a,Which team won the third-place match in the most recent Bulgarian Basketball Cup?,Chernomorets and Balkan Botevgrad,1,temporal_align_qa,2023,1,VOLATILE,"2000,2001,2002,2003,2004,2005,2006,2007,2008,2009,2010,2011,2012,2013,2014,2015,2016,2017,2018,2019,2020,2021,2022,2023",24,2023,3,14,0,1,1,chernomorets and balkan botevgrad,,,,14 distinct answer sets across 24 years
q_df1576bb,Which former Big Brother contestant who was famous for quotes such as what is the opposite of opposite? and do fish get thirsty? and later went on to present Braniac: Science Abuse on Sky television?,Jon Tickle,3,triviaqa,,1,NOT_TIME_KEYED,,0,,,,,,,,,,,TriviaQA carries no year-keyed annotation
q_df76af12,Two shipping forecast areas touch the coast of Denmark: German Bight and which other?,Fisher,4,triviaqa,,2,NOT_TIME_KEYED,,0,,,,,,,,,,,TriviaQA carries no year-keyed annotation
q_dfefb294,Which team's driver won the latest Macau Grand Prix?,Hitech Pulse-Eight,1,temporal_align_qa,2023,1,VOLATILE,"2000,2001,2002,2003,2004,2005,2006,2007,2008,2009,2010,2011,2012,2013,2014,2015,2016,2017,2018,2019,2020,2021,2022,2023",24,2023,3,18,0,1,1,hitech pulse-eight,,,,18 distinct answer sets across 24 years
q_e192f364,"Who is the individual known for cosplay, especially of the Joker character, that was incarcerated at the United States Penitentiary, Atlanta?","Alan Li, MD",4,temporal_align_qa,2023,1,VOLATILE,"2000,2001,2002,2003,2004,2005,2006,2007,2008,2009,2010,2011,2012,2013,2014,2015,2016,2017,2018,2019,2020,2021,2022,2023",24,2023,3,5,0,1,1,"alan li, md | christopher ""b.g."" dorsey | larry lawton | paul nicholas miller",,,,5 distinct answer sets across 24 years
q_e2133b50,Which Argentinean became conductor of the New York Philharmonic in 1970?,Daniel Barenboim,4,triviaqa,,1,NOT_TIME_KEYED,,0,,,,,,,,,,,TriviaQA carries no year-keyed annotation
q_e2e6d6d8,"Which Russian city reverted to its former name, Nizhniy Novgorod, in 1990?",Gorky,4,triviaqa,,1,NOT_TIME_KEYED,,0,,,,,,,,,,,TriviaQA carries no year-keyed annotation
q_e2f9f525,Who is currently representing the 3rd congressional district of Nebraska in the U.S. House of Representatives?,Adrian Smith,1,temporal_align_qa,2023,1,VOLATILE,"2000,2001,2002,2003,2004,2005,2006,2007,2008,2009,2010,2011,2012,2013,2014,2015,2016,2017,2018,2019,2020,2021,2022,2023",24,2023,3,5,0,1,1,adrian smith,,,,5 distinct answer sets across 24 years
q_e32d9c63,What is the name of the US river which flows between St. Paul and Minneapolis?,Mississippi,12,triviaqa,,1,NOT_TIME_KEYED,,0,,,,,,,,,,,TriviaQA carries no year-keyed annotation
q_e3c14282,Which tendon joins the calf muscle to the heel bone,Achilles,12,triviaqa,,2,NOT_TIME_KEYED,,0,,,,,,,,,,,TriviaQA carries no year-keyed annotation
q_e4b76a30,Who is recognized as the year-by-year playoff free throw scoring leader in the National Basketball Association?,Jimmy Butler^000MIA,1,temporal_align_qa,2023,1,VOLATILE,"2000,2001,2002,2003,2004,2005,2006,2007,2008,2009,2010,2011,2012,2013,2014,2015,2016,2017,2018,2019,2020,2021,2022,2023",24,2023,3,22,0,1,1,jimmy butler^000mia,,,,22 distinct answer sets across 24 years
q_e4dd7c4d,What team secured the British Basketball League Trophy?,Caledonia Gladiators,1,temporal_align_qa,2023,1,VOLATILE,"2000,2001,2002,2003,2004,2005,2006,2007,2008,2009,2010,2011,2012,2013,2014,2015,2016,2017,2018,2019,2020,2021,2022,2023",24,2023,3,19,0,1,1,caledonia gladiators,,,,19 distinct answer sets across 24 years
q_e52c4939,Which horse won the Los Alamitos Futurity most recently?,Wynstock,1,temporal_align_qa,2023,2,VOLATILE,"2000,2001,2002,2003,2004,2005,2006,2007,2008,2009,2010,2011,2012,2013,2014,2015,2016,2017,2018,2019,2020,2021,2022,2023",24,2023,3,24,0,1,1,wynstock,,,,24 distinct answer sets across 24 years
q_e5616ef7,Which club is currently associated with one of the AFL players from South Australia?,West Coast,1,temporal_align_qa,2023,1,VOLATILE,"2000,2001,2002,2003,2004,2005,2006,2007,2008,2009,2010,2011,2012,2013,2014,2015,2016,2017,2018,2019,2020,2021,2022,2023",24,2023,3,10,0,1,1,west coast,,,,10 distinct answer sets across 24 years
q_e5cbddda,Which horse won the Risen Star Stakes most recently?,Angel of Empire,1,temporal_align_qa,2023,1,VOLATILE,"2000,2001,2002,2003,2004,2005,2006,2007,2008,2009,2010,2011,2012,2013,2014,2015,2016,2017,2018,2019,2020,2021,2022,2023",24,2023,3,24,0,1,1,angel of empire,,,,24 distinct answer sets across 24 years
q_e5fcdad4,Who is the current kit manufacturer for Dundee United F.C.?,Macron,1,temporal_align_qa,2023,1,VOLATILE,"2000,2001,2002,2003,2004,2005,2006,2007,2008,2009,2010,2011,2012,2013,2014,2015,2016,2017,2018,2019,2020,2021,2022,2023",24,2023,3,8,0,1,1,macron,,,,8 distinct answer sets across 24 years
q_e5feb4c8,You get nothing for a pair was a Bruce Forsyth catchphrase in which programme,Play Your Cards Right,4,triviaqa,,1,NOT_TIME_KEYED,,0,,,,,,,,,,,TriviaQA carries no year-keyed annotation
q_e619abe5,Which famous soccer player of Brazil passed away recently?,Pelé,3,freshqa,2022,1,SINGLE_YEAR,2022,1,2022,4,,,1,,,occasionally,slow-changing,,"FreshQA carries a single effective_year, not a year series — volatility UNDETERMINED; next_review='occasionally', fact_type='slow-changing'"
q_e63f6e9e,Which football club won the KNVB Women's Cup most recently?,FC Twente,1,temporal_align_qa,2023,1,VOLATILE,"2000,2001,2002,2003,2004,2005,2006,2007,2008,2009,2010,2011,2012,2013,2014,2015,2016,2017,2018,2019,2020,2021,2022,2023",24,2023,3,20,0,1,1,fc twente,,,,20 distinct answer sets across 24 years
q_e6bc0a36,What is the title of the most recent Christina Stead Prize for Fiction winning book?,Women I Know,1,temporal_align_qa,2023,1,VOLATILE,"2000,2001,2002,2003,2004,2005,2006,2007,2008,2009,2010,2011,2012,2013,2014,2015,2016,2017,2018,2019,2020,2021,2022,2023",24,2023,3,24,0,1,1,women i know,,,,24 distinct answer sets across 24 years
q_e7073d58,How many countries have recognized same-sex marriage?,34 countries,2,freshqa,2022,1,SINGLE_YEAR,2022,1,2022,4,,,1,,,frequently,fast-changing,,"FreshQA carries a single effective_year, not a year series — volatility UNDETERMINED; next_review='frequently', fact_type='fast-changing'"
q_e78970aa,Who is the latest recipient of the Jack Oatey Medal?,Lachlan Hosie,1,temporal_align_qa,2023,1,VOLATILE,"2000,2001,2002,2003,2004,2005,2006,2007,2008,2009,2010,2011,2012,2013,2014,2015,2016,2017,2018,2019,2020,2021,2022,2023",24,2023,3,23,0,1,1,lachlan hosie,,,,23 distinct answer sets across 24 years
q_e7deca78,"""When Johnny Weissmuller left a championship career in sport to star in """"Tarzan"""" films, what sport did he leave?""",Swimming,5,triviaqa,,1,NOT_TIME_KEYED,,0,,,,,,,,,,,TriviaQA carries no year-keyed annotation
q_e811a942,Who is the current kit manufacturer of St Helens R.F.C.?,O'Neills,1,temporal_align_qa,2023,1,VOLATILE,"2000,2001,2002,2003,2004,2005,2006,2007,2008,2009,2010,2011,2012,2013,2014,2015,2016,2017,2018,2019,2020,2021,2022,2023",24,2023,3,5,0,1,1,o'neills,,,,5 distinct answer sets across 24 years
q_e9470503,Who is the current skip of the men's champion team in the CurlON Championships?,Bryan Cochrane,1,temporal_align_qa,2023,1,VOLATILE,"2000,2001,2002,2003,2004,2005,2006,2007,2008,2009,2010,2011,2012,2013,2014,2015,2016,2017,2018,2019,2020,2021,2022,2023",24,2023,3,13,0,1,1,bryan cochrane,,,,13 distinct answer sets across 24 years
q_e9a277e7,Which hometown is the current Miss New Mexico from?,Las Cruces,1,temporal_align_qa,2023,1,VOLATILE,"2000,2001,2002,2003,2004,2005,2006,2007,2008,2009,2010,2011,2012,2013,2014,2015,2016,2017,2018,2019,2020,2021,2022,2023",24,2023,3,9,0,1,1,las cruces,,,,9 distinct answer sets across 24 years
q_e9fd2fb4,"""""""The Blockheads"""" released a new album in 2009 after nine years' silence. Who used to be their frontman?""",Ian Drury,5,triviaqa,,1,NOT_TIME_KEYED,,0,,,,,,,,,,,TriviaQA carries no year-keyed annotation
q_ea668263,Who is the translator that won the Oxford-Weidenfeld Translation Prize most recently?,Monica Cure,1,temporal_align_qa,2023,1,VOLATILE,"2000,2001,2002,2003,2004,2005,2006,2007,2008,2009,2010,2011,2012,2013,2014,2015,2016,2017,2018,2019,2020,2021,2022,2023",24,2023,3,21,0,1,1,monica cure,,,,21 distinct answer sets across 24 years
q_ea6dfe5b,Who won the National Board of Review Award for Best Actor most recently?,Paul Giamatti,1,temporal_align_qa,2023,1,VOLATILE,"2000,2001,2002,2003,2004,2005,2006,2007,2008,2009,2010,2011,2012,2013,2014,2015,2016,2017,2018,2019,2020,2021,2022,2023",24,2023,3,23,0,1,1,paul giamatti,,,,23 distinct answer sets across 24 years
q_eb3db942,Which company developed Overwatch?,Blizzard Entertainment,2,freshqa,before 2022,1,SINGLE_YEAR,before 2022,1,before 2022,,,,1,,,,never-changing,,"FreshQA carries a single effective_year, not a year series — volatility UNDETERMINED; next_review='', fact_type='never-changing'"
q_eb7ff4b6,Which team was the runner-up in the latest NCAA Men's Water Polo Championship?,UCLA,1,temporal_align_qa,2023,1,VOLATILE,"2000,2001,2002,2003,2004,2005,2006,2007,2008,2009,2010,2011,2012,2013,2014,2015,2016,2017,2018,2019,2020,2021,2022,2023",24,2023,3,6,0,1,1,ucla,,,,6 distinct answer sets across 24 years
q_ebb15c73,What geometry type has a WKB integer code that includes M dimensions?,SpiralCurve,1,temporal_align_qa,2023,1,VOLATILE,"2000,2001,2002,2003,2004,2005,2006,2007,2008,2009,2010,2011,2012,2013,2014,2015,2016,2017,2018,2019,2020,2021,2022,2023",24,2023,3,24,0,1,1,spiralcurve,,,,24 distinct answer sets across 24 years
q_ebb666ba,Who is the current Gatorade Player of the Year in volleyball?,Harper Murray,1,temporal_align_qa,2023,2,VOLATILE,"2000,2001,2002,2003,2004,2005,2006,2007,2008,2009,2010,2011,2012,2013,2014,2015,2016,2017,2018,2019,2020,2021,2022,2023",24,2023,3,23,0,1,1,harper murray,,,,23 distinct answer sets across 24 years
q_ec0efdba,What character does Lyriq Bent portray on television?,Pastor Mike Butler,2,temporal_align_qa,2023,1,VOLATILE,"2000,2001,2002,2003,2004,2005,2006,2007,2008,2009,2010,2011,2012,2013,2014,2015,2016,2017,2018,2019,2020,2021,2022,2023",24,2023,3,22,0,1,1,congressman damien roberts | pastor mike butler,,,,22 distinct answer sets across 24 years
q_ec7fa565,Logophobia is the abnormal fear of what?,Words,8,triviaqa,,1,NOT_TIME_KEYED,,0,,,,,,,,,,,TriviaQA carries no year-keyed annotation
q_ecea34ae,Which team was the runner-up in the latest North Kerry Senior Football Championship final?,St. Senan's,1,temporal_align_qa,2023,2,VOLATILE,"2000,2001,2002,2003,2004,2005,2006,2007,2008,2009,2010,2011,2012,2013,2014,2015,2016,2017,2018,2019,2020,2021,2022,2023",24,2023,3,9,0,1,1,st. senan's,,,,9 distinct answer sets across 24 years
q_ed789c0a,Who is the latest winner of the Spanish Grand Prix?,Max Verstappen,1,temporal_align_qa,2023,1,VOLATILE,"2000,2001,2002,2003,2004,2005,2006,2007,2008,2009,2010,2011,2012,2013,2014,2015,2016,2017,2018,2019,2020,2021,2022,2023",24,2023,3,12,0,1,1,max verstappen,,,,12 distinct answer sets across 24 years
q_eead7ef7,Who is the trainer of the Racking Horse that claimed the World Grand Champion title at the last Racking Horse World Celebration?,Chris Zahnd,1,temporal_align_qa,2023,1,VOLATILE,"2000,2001,2002,2003,2004,2005,2006,2007,2008,2009,2010,2011,2012,2013,2014,2015,2016,2017,2018,2019,2020,2021,2022,2023",24,2023,3,15,0,1,1,chris zahnd,,,,15 distinct answer sets across 24 years
q_eed8ece1,Where was the most recent UK Championship final played?,"Barbican Centre, York",1,temporal_align_qa,2023,1,VOLATILE,"2000,2001,2002,2003,2004,2005,2006,2007,2008,2009,2010,2011,2012,2013,2014,2015,2016,2017,2018,2019,2020,2021,2022,2023",24,2023,3,6,0,1,1,"barbican centre, york",,,,6 distinct answer sets across 24 years
q_ef0e26fc,Who was the jockey riding the winning horse in the most recent Prix de l'Abbaye de Longchamp?,Jason Hart,1,temporal_align_qa,2023,1,VOLATILE,"2000,2001,2002,2003,2004,2005,2006,2007,2008,2009,2010,2011,2012,2013,2014,2015,2016,2017,2018,2019,2020,2021,2022,2023",24,2023,3,19,0,1,1,jason hart,,,,19 distinct answer sets across 24 years
q_efbe3181,Who is the current chair of the Democratic Governors Association?,Phil Murphy,1,temporal_align_qa,2023,1,VOLATILE,"2000,2001,2002,2003,2004,2005,2006,2007,2008,2009,2010,2011,2012,2013,2014,2015,2016,2017,2018,2019,2020,2021,2022,2023",24,2023,3,19,0,1,1,phil murphy,,,,19 distinct answer sets across 24 years
q_efe174f0,What is the cabinet number currently in office in Turkey?,66,2,temporal_align_qa,2023,1,VOLATILE,"2000,2001,2002,2003,2004,2005,2006,2007,2008,2009,2010,2011,2012,2013,2014,2015,2016,2017,2018,2019,2020,2021,2022,2023",24,2023,3,15,0,1,1,66 | 67,,,,15 distinct answer sets across 24 years
q_f0345793,What television series is Leo Martinez recently in with a recurring role?,Senior High,2,temporal_align_qa,2023,1,VOLATILE,"2000,2001,2002,2003,2004,2005,2006,2007,2008,2009,2010,2011,2012,2013,2014,2015,2016,2017,2018,2019,2020,2021,2022,2023",24,2023,3,22,0,1,1,maynila | senior high,,,,22 distinct answer sets across 24 years
q_f070a7a3,Who is the first studio analyst on the NFL Today show?,Phil Simms,1,temporal_align_qa,2023,1,VOLATILE,"2000,2001,2002,2003,2004,2005,2006,2007,2008,2009,2010,2011,2012,2013,2014,2015,2016,2017,2018,2019,2020,2021,2022,2023",24,2023,3,5,0,1,1,phil simms,,,,5 distinct answer sets across 24 years
q_f09060c5,When is the next U.S. federal holiday?,Columbus Day,10,freshqa,2023,1,SINGLE_YEAR,2023,1,2023,3,,,1,,,10/09/2023,fast-changing,,"FreshQA carries a single effective_year, not a year series — volatility UNDETERMINED; next_review='10/09/2023', fact_type='fast-changing'"
q_f0b3ece2,Which team was the runner-up in the latest WSE Cup Finals?,HC Braga,1,temporal_align_qa,2023,2,VOLATILE,"2000,2001,2002,2003,2004,2005,2006,2007,2008,2009,2010,2011,2012,2013,2014,2015,2016,2017,2018,2019,2020,2021,2022,2023",24,2023,3,23,0,1,1,hc braga,,,,23 distinct answer sets across 24 years
q_f0b7eef3,Who is the most recent recipient of the Nancy Lieberman Award?,Caitlin Clark,1,temporal_align_qa,2023,1,VOLATILE,"2000,2001,2002,2003,2004,2005,2006,2007,2008,2009,2010,2011,2012,2013,2014,2015,2016,2017,2018,2019,2020,2021,2022,2023",24,2023,3,21,0,1,1,caitlin clark,,,,21 distinct answer sets across 24 years
q_f1176491,Who is the current member of the Legislative Assembly for Subang Jaya constituency?,Michelle Ng Mei Sze,1,temporal_align_qa,2023,1,VOLATILE,"2000,2001,2002,2003,2004,2005,2006,2007,2008,2009,2010,2011,2012,2013,2014,2015,2016,2017,2018,2019,2020,2021,2022,2023",24,2023,3,5,0,1,1,michelle ng mei sze,,,,5 distinct answer sets across 24 years
q_f1839167,Who wrote 'She' and 'King Solomon's Mines'?,H Rider Haggard,10,triviaqa,,1,NOT_TIME_KEYED,,0,,,,,,,,,,,TriviaQA carries no year-keyed annotation
q_f1b1aa68,Which common wildflowers belong to the Galanthus family?,Snowdrop,8,triviaqa,,1,NOT_TIME_KEYED,,0,,,,,,,,,,,TriviaQA carries no year-keyed annotation
q_f1c6af26,What is the name of the tallest building in Bangalore?,CNTC Presidential Tower,2,temporal_align_qa,2023,1,VOLATILE,"2000,2001,2002,2003,2004,2005,2006,2007,2008,2009,2010,2011,2012,2013,2014,2015,2016,2017,2018,2019,2020,2021,2022,2023",24,2023,3,8,0,1,1,cntc presidential tower | mantri dsk pinnacle,,,,8 distinct answer sets across 24 years
q_f1d321db,Which player is batting third for the Miami Marlins in their most recent opening day game?,Garrett Cooper 1B,1,temporal_align_qa,2023,1,VOLATILE,"2000,2001,2002,2003,2004,2005,2006,2007,2008,2009,2010,2011,2012,2013,2014,2015,2016,2017,2018,2019,2020,2021,2022,2023",24,2023,3,16,0,1,1,garrett cooper 1b,,,,16 distinct answer sets across 24 years
q_f3175126,Who is the current shirt sponsor of Derby County F.C.?,NSPCC,1,temporal_align_qa,2023,1,VOLATILE,"2000,2001,2002,2003,2004,2005,2006,2007,2008,2009,2010,2011,2012,2013,2014,2015,2016,2017,2018,2019,2020,2021,2022,2023",24,2023,3,16,0,1,1,nspcc,,,,16 distinct answer sets across 24 years
q_f331a4d9,Which area does California's 12th congressional district currently cover?,2023–present 300px northwestern portion of Alameda County,2,temporal_align_qa,2023,1,VOLATILE,"2000,2001,2002,2003,2004,2005,2006,2007,2008,2009,2010,2011,2012,2013,2014,2015,2016,2017,2018,2019,2020,2021,2022,2023",24,2023,3,5,0,1,1,2013–2023: 300px most of san francisco | 2023–present 300px northwestern portion of alameda county,,,,5 distinct answer sets across 24 years
q_f3e7fb13,"Hazel, filbert, and kola are all types of what?",Nuts,8,triviaqa,,1,NOT_TIME_KEYED,,0,,,,,,,,,,,TriviaQA carries no year-keyed annotation
q_f46d91c5,Who is the most recent recipient of the Betty Roland Prize for Script Writing in the New South Wales Premier's Literary Awards?,Del Kathryn Barton and Huna Amweero,1,temporal_align_qa,2023,1,VOLATILE,"2000,2001,2002,2003,2004,2005,2006,2007,2008,2009,2010,2011,2012,2013,2014,2015,2016,2017,2018,2019,2020,2021,2022,2023",24,2023,3,24,0,1,1,del kathryn barton and huna amweero,,,,24 distinct answer sets across 24 years
q_f49c2f47,What is the name of the Adidas ball currently used in the UEFA Champions League final?,Adidas Finale 22,1,temporal_align_qa,2023,1,VOLATILE,"2000,2001,2002,2003,2004,2005,2006,2007,2008,2009,2010,2011,2012,2013,2014,2015,2016,2017,2018,2019,2020,2021,2022,2023",24,2023,3,20,0,1,1,adidas finale 22,,,,20 distinct answer sets across 24 years
q_f5380c95,What launch vehicle will be used for the upcoming Intelsat satellite launches?,Falcon 9 Block 5,1,temporal_align_qa,2023,1,VOLATILE,"2000,2001,2002,2003,2004,2005,2006,2007,2008,2009,2010,2011,2012,2013,2014,2015,2016,2017,2018,2019,2020,2021,2022,2023",24,2023,3,13,0,1,1,falcon 9 block 5,,,,13 distinct answer sets across 24 years
q_f54d3aa2,Who is the current head coach of Galatasaray S.K. men's basketball team?,Greece Andreas Pistiolis,1,temporal_align_qa,2023,1,VOLATILE,"2000,2001,2002,2003,2004,2005,2006,2007,2008,2009,2010,2011,2012,2013,2014,2015,2016,2017,2018,2019,2020,2021,2022,2023",24,2023,3,19,0,1,1,greece andreas pistiolis,,,,19 distinct answer sets across 24 years
q_f61856a1,What division is FSV Zwickau currently playing in?,3. Liga,1,temporal_align_qa,2023,1,VOLATILE,"2000,2001,2002,2003,2004,2005,2006,2007,2008,2009,2010,2011,2012,2013,2014,2015,2016,2017,2018,2019,2020,2021,2022,2023",24,2023,3,6,0,1,1,3. liga,,,,6 distinct answer sets across 24 years
q_f618e806,In which US city is the National Air and Space Museum?,Washington,12,triviaqa,,2,NOT_TIME_KEYED,,0,,,,,,,,,,,TriviaQA carries no year-keyed annotation
q_f63307b3,Who invented the ferris wheel?,George Washington Ferris,9,triviaqa,,1,NOT_TIME_KEYED,,0,,,,,,,,,,,TriviaQA carries no year-keyed annotation
q_f6645f8f,Who won the gold medal in the women's category of the latest Finnish Junior Figure Skating Championship?,Iida Karhunen,1,temporal_align_qa,2023,1,VOLATILE,"2000,2001,2002,2003,2004,2005,2006,2007,2008,2009,2010,2011,2012,2013,2014,2015,2016,2017,2018,2019,2020,2021,2022,2023",24,2023,3,23,0,1,1,iida karhunen,,,,23 distinct answer sets across 24 years
q_f7446447,Who is the most recent recipient of the RSA Award for Excellence in Mathematics?,Paul Carl Kocher,1,temporal_align_qa,2023,1,VOLATILE,"2000,2001,2002,2003,2004,2005,2006,2007,2008,2009,2010,2011,2012,2013,2014,2015,2016,2017,2018,2019,2020,2021,2022,2023",24,2023,3,24,0,1,1,paul carl kocher,,,,24 distinct answer sets across 24 years
q_f7bf87d7,Which club did the top goalscorer in Ekstraklasa play for?,Jagiellonia Białystok,1,temporal_align_qa,2023,1,VOLATILE,"2000,2001,2002,2003,2004,2005,2006,2007,2008,2009,2010,2011,2012,2013,2014,2015,2016,2017,2018,2019,2020,2021,2022,2023",24,2023,3,12,0,1,1,jagiellonia białystok,,,,12 distinct answer sets across 24 years
q_f7de9f4e,Which Formula One Grand Prix Circuit has corners named Anthony Noghes and La Rascasse?,Monaco,12,triviaqa,,1,NOT_TIME_KEYED,,0,,,,,,,,,,,TriviaQA carries no year-keyed annotation
q_f861b3a0,Who is the current representative for Oklahoma's 2nd congressional district?,100px Josh Brecheen,2,temporal_align_qa,2023,1,VOLATILE,"2000,2001,2002,2003,2004,2005,2006,2007,2008,2009,2010,2011,2012,2013,2014,2015,2016,2017,2018,2019,2020,2021,2022,2023",24,2023,3,8,0,1,1,100px josh brecheen | 100px markwayne mullin,,,,8 distinct answer sets across 24 years
q_f8c707c8,Where was the International Political Science Association World Congress held?,Seoul,2,temporal_align_qa,2023,1,VOLATILE,"2000,2001,2002,2003,2004,2005,2006,2007,2008,2009,2010,2011,2012,2013,2014,2015,2016,2017,2018,2019,2020,2021,2022,2023",24,2023,3,19,0,1,1,buenos aires | seoul,,,,19 distinct answer sets across 24 years
q_f93213af,What racing series is Sébastien Loeb currently participating in?,Dakar Rally,6,temporal_align_qa,2023,1,VOLATILE,"2000,2001,2002,2003,2004,2005,2006,2007,2008,2009,2010,2011,2012,2013,2014,2015,2016,2017,2018,2019,2020,2021,2022,2023",24,2023,3,14,0,1,1,andros trophy - elite pro class | dakar rally | extreme e | fia world rallycross championship | ultimate cup series endurance gt touring challenge - 3a | world rally-raid championship,,,,14 distinct answer sets across 24 years
q_f9667c6d,Which jockey rode the winning horse in the most recent Coronation Stakes?,Chris Hayes,1,temporal_align_qa,2023,1,VOLATILE,"2000,2001,2002,2003,2004,2005,2006,2007,2008,2009,2010,2011,2012,2013,2014,2015,2016,2017,2018,2019,2020,2021,2022,2023",24,2023,3,21,0,1,1,chris hayes,,,,21 distinct answer sets across 24 years
q_fa771a57,Which owner's horse won the latest Kikuka-shō?,U Carrot Farm,1,temporal_align_qa,2023,2,VOLATILE,"2000,2001,2002,2003,2004,2005,2006,2007,2008,2009,2010,2011,2012,2013,2014,2015,2016,2017,2018,2019,2020,2021,2022,2023",24,2023,3,22,0,1,1,u carrot farm,,,,22 distinct answer sets across 24 years
q_fae0b0bb,Which team finished second in the National League East?,Philadelphia,1,temporal_align_qa,2023,1,VOLATILE,"2000,2001,2002,2003,2004,2005,2006,2007,2008,2009,2010,2011,2012,2013,2014,2015,2016,2017,2018,2019,2020,2021,2022,2023",24,2023,3,9,0,1,1,philadelphia,,,,9 distinct answer sets across 24 years
q_fbc7a20d,Who won the gold medal in the women’s category at the most recent Swiss Figure Skating Championships?,Livia Kaiser,1,temporal_align_qa,2023,1,VOLATILE,"2000,2001,2002,2003,2004,2005,2006,2007,2008,2009,2010,2011,2012,2013,2014,2015,2016,2017,2018,2019,2020,2021,2022,2023",24,2023,3,16,0,1,1,livia kaiser,,,,16 distinct answer sets across 24 years
q_fc04cade,Which team does the most recent Lady Byng Memorial Trophy winner belong to?,Los Angeles Kings,1,temporal_align_qa,2023,1,VOLATILE,"2000,2001,2002,2003,2004,2005,2006,2007,2008,2009,2010,2011,2012,2013,2014,2015,2016,2017,2018,2019,2020,2021,2022,2023",24,2023,3,17,0,1,1,los angeles kings,,,,17 distinct answer sets across 24 years
q_fc47ce8e,On what date did the Berlin Wall fall?,"Nov 9, 1989",10,freshqa,before 2022,2,SINGLE_YEAR,before 2022,1,before 2022,,,,1,,,,never-changing,,"FreshQA carries a single effective_year, not a year series — volatility UNDETERMINED; next_review='', fact_type='never-changing'"
q_fc92fe13,Which football team was the runner-up in the 2. Liga in Slovakia?,Tatran Prešov,1,temporal_align_qa,2023,1,VOLATILE,"2000,2001,2002,2003,2004,2005,2006,2007,2008,2009,2010,2011,2012,2013,2014,2015,2016,2017,2018,2019,2020,2021,2022,2023",24,2023,3,21,0,1,1,tatran prešov,,,,21 distinct answer sets across 24 years
q_fcc76705,Who is the most recent recipient of the Hannes Alfvén Prize?,Chandrashekhar Janardan Joshi,3,temporal_align_qa,2023,1,VOLATILE,"2000,2001,2002,2003,2004,2005,2006,2007,2008,2009,2010,2011,2012,2013,2014,2015,2016,2017,2018,2019,2020,2021,2022,2023",24,2023,3,24,0,1,1,chandrashekhar janardan joshi | james benjamin rosenzweig | pisin chen,,,,24 distinct answer sets across 24 years
q_fd2b644e,"Batting, Cornerstones, Sashing and Layer Cake are all terms used in which handicraft?",Quilting,9,triviaqa,,1,NOT_TIME_KEYED,,0,,,,,,,,,,,TriviaQA carries no year-keyed annotation
q_fdca6dd5,What colour are post/mail boxes in Morocco?,Yellow,12,triviaqa,,1,NOT_TIME_KEYED,,0,,,,,,,,,,,TriviaQA carries no year-keyed annotation
q_fddc380c,Which club does the current Grogan Medal winner play for?,Broadbeach,1,temporal_align_qa,2023,1,VOLATILE,"2000,2001,2002,2003,2004,2005,2006,2007,2008,2009,2010,2011,2012,2013,2014,2015,2016,2017,2018,2019,2020,2021,2022,2023",24,2023,3,14,0,1,1,broadbeach,,,,14 distinct answer sets across 24 years
q_feab2243,What role did John Noble play in his most recent television appearance?,Falco,1,temporal_align_qa,2023,1,VOLATILE,"2000,2001,2002,2003,2004,2005,2006,2007,2008,2009,2010,2011,2012,2013,2014,2015,2016,2017,2018,2019,2020,2021,2022,2023",24,2023,3,22,0,1,1,falco,,,,22 distinct answer sets across 24 years
q_ff13db06,Who are the presenters of the Eurovision Song Contest?,"Alesha Dixon, Hannah Waddingham, Julia Sanina  and Graham Norton",1,temporal_align_qa,2023,1,VOLATILE,"2000,2001,2002,2003,2004,2005,2006,2007,2008,2009,2010,2011,2012,2013,2014,2015,2016,2017,2018,2019,2020,2021,2022,2023",24,2023,3,24,0,1,1,"alesha dixon, hannah waddingham, julia sanina and graham norton",,,,24 distinct answer sets across 24 years
q_ff48fd09,In language the term ellipsis refers to missing/omitted what?,Words,8,triviaqa,,1,NOT_TIME_KEYED,,0,,,,,,,,,,,TriviaQA carries no year-keyed annotation
q_ff4e04a5,What conference is the Penn Quakers men's ice hockey team competing in?,CSCHC,1,temporal_align_qa,2023,1,VOLATILE,"2000,2001,2002,2003,2004,2005,2006,2007,2008,2009,2010,2011,2012,2013,2014,2015,2016,2017,2018,2019,2020,2021,2022,2023",24,2023,3,6,0,1,1,cschc,,,,6 distinct answer sets across 24 years
q_ffbdb73d,Who is the winner of the men's category in the Warsaw Marathon?,Levente Szemerei,1,temporal_align_qa,2023,1,VOLATILE,"2000,2001,2002,2003,2004,2005,2006,2007,2008,2009,2010,2011,2012,2013,2014,2015,2016,2017,2018,2019,2020,2021,2022,2023",24,2023,3,22,0,1,1,levente szemerei,,,,22 distinct answer sets across 24 years
q_ffc74be2,Who is the current Director of the Indian Association for the Cultivation of Science?,Ranjan Sen,2,temporal_align_qa,2023,1,VOLATILE,"2000,2001,2002,2003,2004,2005,2006,2007,2008,2009,2010,2011,2012,2013,2014,2015,2016,2017,2018,2019,2020,2021,2022,2023",24,2023,3,10,0,1,1,ranjan sen | tapas chakraborty,,,,10 distinct answer sets across 24 years
