query_id,audits,base_query_id,base_query,paraphrase,gold_source,gold_year,freshness_class,label_llama8b,label_qwen7b,judges_agree,reused_existing,existing_verdict,final_label
p_q_c26c7630_2,mixed_age_400,q_c26c7630,Who trained the most recent winner of the Prix Robert Papin?,"The poster for Prix Robert Papin who was previously adchieve, from whom?",temporal_align_qa,2023,FAST,SAME,DIFFERENT,0,0,,JUDGE_DISAGREEMENT
p_q_b01295a7_2,mixed_age_400,q_b01295a7,Who trained the winning horse in the most recent Champions Cup (horse race)?,Which team gave the carrot and which horse chased out the winner of this season's Champions Cup?,temporal_align_qa,2023,FAST,SAME,DIFFERENT,0,0,,JUDGE_DISAGREEMENT
p_q_84993503_1,mixed_age_400|heldout_400,q_84993503,Who was the third crew member to join the most recent spaceflight involving Russian cosmonauts to the International Space Station?,Russian cosmonauts have revealed who was the third male member to journey from Deep House. Can you provide information on their names and location?,temporal_align_qa,2023,FAST,UNCLEAR,DIFFERENT,0,0,,JUDGE_DISAGREEMENT
p_q_3568ac16_2,mixed_age_400,q_3568ac16,Which entity owned the winning horse in the most recent Fourstardave Handicap?,Who held the highest stock in Fridaydave Handicap?,temporal_align_qa,2023,FAST,DIFFERENT,DIFFERENT,1,0,,DIFFERENT
p_q_32bb1cf2_2,mixed_age_400,q_32bb1cf2,What is the regular-season winning percentage of the St. Paul Saints?,What RPR is the St. Paul Saints team known for?,temporal_align_qa,2023,FAST,SAME,DIFFERENT,0,0,,JUDGE_DISAGREEMENT
p_q_811a9dea_2,mixed_age_400,q_811a9dea,Who is the reigning junior women's champion of the U.S. Classic?,Who has been the top female athlete in all of American fémininos?,temporal_align_qa,2023,FAST,DIFFERENT,DIFFERENT,1,0,,DIFFERENT
p_q_06267d08_1,mixed_age_400,q_06267d08,Who were the editors of the 'Varsity' (Cambridge) publication in the Michaelmas term most recently?,"The New Year's publication for ""Varsity"" (in the name of Michaelmas) had their editors pre-receiving many articles, anyone?",temporal_align_qa,2023,FAST,SAME,SAME,1,0,,SAME
p_q_76be48a4_3,mixed_age_400,q_76be48a4,Which thoroughbred won the Coronation Stakes most recently?,What is the named horse that bagged first in the Coronation Stakes?,temporal_align_qa,2023,FAST,SAME,SAME,1,0,,SAME
p_q_26393420_3,mixed_age_400,q_26393420,Which trainer prepared the winning horse of the latest Queen Elizabeth II Challenge Cup Stakes?,"PART II: Pupée de paye dans 2/1 at Mc’s outpost is $1,995 the trainer of today's Queen Elizabeth I II Challenge Cup Stakes?",temporal_align_qa,2023,FAST,DIFFERENT,DIFFERENT,1,0,,DIFFERENT
p_q_6757b6a9_0,mixed_age_400,q_6757b6a9,Who is the most recent recipient of the Los Angeles Film Critics Association Award for Best Director?,Who was the most recent Los Angeles Film Critics Association Award Winner in 1953 and best director of 1957?,temporal_align_qa,2023,FAST,SAME,DIFFERENT,0,0,,JUDGE_DISAGREEMENT
p_q_84993503_3,mixed_age_400,q_84993503,Who was the third crew member to join the most recent spaceflight involving Russian cosmonauts to the International Space Station?,"Among the three Russian cosmonauts who joined the International Space Station, which one will remain off board?",temporal_align_qa,2023,FAST,DIFFERENT,DIFFERENT,1,0,,DIFFERENT
p_q_2b37471e_0,mixed_age_400|heldout_400,q_2b37471e,What was the outcome of Judson High School's final game?,Judson High School Football: What was the outcome of Thursday at City College?,temporal_align_qa,2023,FAST,SAME,SAME,1,0,,SAME
p_q_4d8a4de4_1,mixed_age_400,q_4d8a4de4,Which artist(s) performed on the most recent winner of the Grammy Award for Best Historical Album?,Who are all the cast members of the CD that won a Grammy Award for Best Historical Album at this point in time?,temporal_align_qa,2023,FAST,SAME,SAME,1,0,,SAME
p_q_056f7935_3,mixed_age_400,q_056f7935,Which city is the home of the most recent champion of the Campeonato Paulista Série A3?,Which of the seven cities that made it to the finals of Juventus Championship was still undefeated in the championship round of 16.1 last year?,temporal_align_qa,2023,FAST,DIFFERENT,DIFFERENT,1,0,,DIFFERENT
p_q_8b83e11f_0,mixed_age_400|heldout_400,q_8b83e11f,Who is the chair of the latest OOPSLA conference?,Have you heard any update on the OOPSLA committee's meeting?,temporal_align_qa,2023,FAST,SAME,DIFFERENT,0,0,,JUDGE_DISAGREEMENT
p_q_28911a13_1,mixed_age_400,q_28911a13,Who is the current Australian of the Year?,Which Australian is achieving to win the title of President this year?,temporal_align_qa,2023,FAST,DIFFERENT,DIFFERENT,1,0,,DIFFERENT
p_q_665a6704_2,mixed_age_400,q_665a6704,Who is the most recent champion of the Chubb Classic?,Who was ousted from contention at the Chubb Classic?,temporal_align_qa,2023,FAST,DIFFERENT,DIFFERENT,1,0,,DIFFERENT
p_q_0da13098_2,mixed_age_400,q_0da13098,What is the motto of the current Frankfurt Book Fair?,Could you inform me of the message that will be shared at Frankfurt Book Fair?,temporal_align_qa,2023,FAST,SAME,DIFFERENT,0,0,,JUDGE_DISAGREEMENT
p_q_a06c234c_3,mixed_age_400,q_a06c234c,Who were the songwriters of the winning song in the latest Melodifestivalen?,What songs ended up being the most outstanding during this year's Melodifestivalen?,temporal_align_qa,2023,FAST,SAME,DIFFERENT,0,0,,JUDGE_DISAGREEMENT
p_q_60502f3b_1,mixed_age_400,q_60502f3b,Which team won the BBC Sports Personality Team of the Year Award?,Who was recognized as the 2017 BBC Sports Personality Team of the Year Award Driver?,temporal_align_qa,2023,FAST,SAME,DIFFERENT,0,0,,JUDGE_DISAGREEMENT
p_q_297334f5_3,mixed_age_400|heldout_400,q_297334f5,Who was the replay official in the most recent Super Bowl?,Which Super Bowl video game replay professional was the main figure?,temporal_align_qa,2023,FAST,SAME,SAME,1,0,,SAME
p_q_c76a7d5e_3,mixed_age_400,q_c76a7d5e,Which horse won the Royal Hunt Cup most recently?,Who topped the previous Royal Hunt Cup Standings with their performance?,temporal_align_qa,2023,FAST,SAME,DIFFERENT,0,0,,JUDGE_DISAGREEMENT
p_q_b9a64a4f_1,mixed_age_400,q_b9a64a4f,What is the theme of Sydney New Year's Eve celebration?,What does the symbolism behind Sydney's New Year'event command be?,temporal_align_qa,2023,FAST,SAME,SAME,1,0,,SAME
p_q_b96cebd8_2,mixed_age_400,q_b96cebd8,In which season did the most recent USBWA National Freshman of the Year play?,Which team Last supported with USBWA National Freshman of the Year (2017) most recently?,temporal_align_qa,2023,FAST,SAME,DIFFERENT,0,0,,JUDGE_DISAGREEMENT
p_q_b5bab848_2,mixed_age_400,q_b5bab848,What is the title of the work that won the most recent Latin Grammy Award for Best Salsa Album?,Which piece of music received the best Salsa award at this years dernière LAMS?,temporal_align_qa,2023,FAST,SAME,SAME,1,0,,SAME
p_q_6a6b8494_3,mixed_age_400,q_6a6b8494,Who posted the most-liked tweet last year?,"In the last one we published, which individual put up the most follower tweets?",freshqa,2023,FAST,DIFFERENT,DIFFERENT,1,0,,DIFFERENT
p_q_77b08615_0,mixed_age_400,q_77b08615,Who was the owner of the horse that won the latest Black-Eyed Susan Stakes?,"In the Black-Eyed Susan Stakes, who was the winner?",temporal_align_qa,2023,FAST,SAME,DIFFERENT,0,0,,JUDGE_DISAGREEMENT
p_q_531f875a_2,mixed_age_400,q_531f875a,What is the name of the horse that won the most recent Avondale Cup at Avondale Racecourse?,Which horse won the latest Avondale Cup at Avogh Hall on 22nd February 2006?,temporal_align_qa,2023,FAST,SAME,DIFFERENT,0,0,,JUDGE_DISAGREEMENT
p_q_1dc7b96e_3,mixed_age_400,q_1dc7b96e,Who is the most recent winner of the Turf Classic Stakes?,Do you happen to know who will win the Turf Classic Stakes just this week?,temporal_align_qa,2023,FAST,SAME,DIFFERENT,0,0,,JUDGE_DISAGREEMENT
p_q_69646c02_0,mixed_age_400,q_69646c02,How old is the most-followed user on TikTok?,Could you determine the age of the TikTok user with a stream’s largest following?,freshqa,2023,FAST,SAME,SAME,1,0,,SAME
p_q_747bbca1_3,mixed_age_400,q_747bbca1,What country does the Wimbledon women's champion play for?,What is the name of the tennis player who becomes Wimbledon women's champion?,freshqa,2023,FAST,SAME,DIFFERENT,0,0,,JUDGE_DISAGREEMENT
p_q_6dce83d8_2,mixed_age_400,q_6dce83d8,How many field goals did the Women's National Basketball Association season scoring leader make?,What is the maximum number of field goals scored by one team in a Women's National Basketball Association season?,temporal_align_qa,2023,FAST,SAME,DIFFERENT,0,0,,JUDGE_DISAGREEMENT
p_q_2d3da894_1,mixed_age_400,q_2d3da894,Who held the cleanup spot for the Miami Marlins in their latest opening day lineup?,What team actually took back the clean slate on Opening Day @ Miami Marlins?,temporal_align_qa,2023,FAST,SAME,SAME,1,0,,SAME
p_q_32bb1cf2_0,mixed_age_400,q_32bb1cf2,What is the regular-season winning percentage of the St. Paul Saints?,How much percentage (RSS) of the Saints winning is this year?,temporal_align_qa,2023,FAST,SAME,DIFFERENT,0,0,,JUDGE_DISAGREEMENT
p_q_5e68b428_2,mixed_age_400,q_5e68b428,From which city is the latest winner of the Bulwer-Lytton Fiction Contest?,Who ranked first in the Bulwer-Lytton Fiction Contest among city residents?,temporal_align_qa,2023,FAST,SAME,DIFFERENT,0,0,,JUDGE_DISAGREEMENT
p_q_e5cbddda_1,mixed_age_400,q_e5cbddda,Which horse won the Risen Star Stakes most recently?,Which animal performs the exceptionally good duty of winning the Risen Star Stakes at this point?,temporal_align_qa,2023,FAST,SAME,SAME,1,0,,SAME
p_q_2ca95d4e_3,mixed_age_400,q_2ca95d4e,Who claimed the Points classification victory in the Vuelta a Burgos men's race?,Who was awarded the Points ranking on August 9th in Vuelta a Burgos men's racing?,temporal_align_qa,2023,FAST,SAME,SAME,1,0,,SAME
p_q_785fdb1b_0,mixed_age_400,q_785fdb1b,Which trainer prepared the winning horse in the last Cambridgeshire Handicap?,Which trainer served as the extra trainer in convincing story for Cambridgeshire Handicap last year?,temporal_align_qa,2023,FAST,SAME,SAME,1,0,,SAME
p_q_ffbdb73d_0,mixed_age_400,q_ffbdb73d,Who is the winner of the men's category in the Warsaw Marathon?,Who has been awarded the Warsaw Marathon star prize?,temporal_align_qa,2023,FAST,SAME,SAME,1,0,,SAME
p_q_75b15e04_3,mixed_age_400,q_75b15e04,Which artist won the APRA Music Awards (Australia) Song of the Year lately?,Who has been recognized as the newly-released APRA Music Award Song of the Year?,temporal_align_qa,2023,FAST,SAME,SAME,1,0,,SAME
p_q_1387f241_3,mixed_age_400,q_1387f241,What is the hometown of the reigning Miss Iowa Teen USA?,In what region is the younger Miss Iowa Teen USA from?,temporal_align_qa,2023,FAST,SAME,DIFFERENT,0,0,,JUDGE_DISAGREEMENT
p_q_a5b50e32_0,mixed_age_400,q_a5b50e32,Do the Toronto Raptors have a winning record in the latest NBA season?,Do the Toronto Raptors continue to dominate in the NBA standings?,freshqa,2023,FAST,SAME,DIFFERENT,0,0,,JUDGE_DISAGREEMENT
p_q_ab431fd9_0,mixed_age_400,q_ab431fd9,Which institution is represented by the NPDA National Champions team?,From which organization does the NPDA National Champions team hail?,temporal_align_qa,2023,FAST,SAME,SAME,1,0,,SAME
p_q_2efc3bf0_2,mixed_age_400,q_2efc3bf0,Who is the winner of the most recent NASCAR Xfinity Series at Homestead-Miami?,"In the latest NASCAR Xfinity Series competition at Homestead-Miami, which horse is crowned champion?",temporal_align_qa,2023,FAST,DIFFERENT,DIFFERENT,1,0,,DIFFERENT
p_q_28b0bd9f_3,mixed_age_400,q_28b0bd9f,Which film won the Grand Prize at the most recent Baeksang Arts Award?,What was the title scooped up in Best Film category at its latest Baeksang Arts Award?,temporal_align_qa,2023,FAST,SAME,DIFFERENT,0,0,,JUDGE_DISAGREEMENT
p_q_b3cd7717_2,mixed_age_400,q_b3cd7717,Who is the champion of the latest Horizon Irish Open?,Who clinches the flag for victory in the recent Horizon Irish Open?,temporal_align_qa,2023,FAST,SAME,SAME,1,0,,SAME
p_q_04bb5dc1_2,mixed_age_400,q_04bb5dc1,Which horse won the Chesham Stakes most recently?,Which horse emerged as the winner of the Chesham Stakes?,temporal_align_qa,2023,FAST,SAME,SAME,1,0,,SAME
p_q_ebb15c73_3,mixed_age_400,q_ebb15c73,What geometry type has a WKB integer code that includes M dimensions?,In what geometry (of sizes) does the WKB integer decoder have M dimension?,temporal_align_qa,2023,FAST,SAME,SAME,1,0,,SAME
p_q_4e6d28cb_0,mixed_age_400,q_4e6d28cb,Who is one of the players currently leading as top scorer in the UEFA Europa League?,Who currently holds the top spot in scoring on multiple occasions in the UEFA Europa League table?,temporal_align_qa,2023,FAST,SAME,SAME,1,0,,SAME
p_q_295700b1_0,mixed_age_400,q_295700b1,Which horse won the most recent Vincent O'Brien National Stakes?,Who is pictured winning the latest course in this years Vincent O'Brien National Stakes?,temporal_align_qa,2023,FAST,SAME,SAME,1,0,,SAME
p_q_a720c2de_2,mixed_age_400,q_a720c2de,What were the latest Australian Swimming Championships a selection trial for?,What was selected as the selection try at this year's Australian Swimming Championship?,temporal_align_qa,2023,FAST,SAME,SAME,1,0,,SAME
p_q_19312ca9_3,mixed_age_400,q_19312ca9,What's the latest project Victor Webster has worked on?,What's Victor Webster up to these days?,temporal_align_qa,2023,FAST,SAME,SAME,1,0,,SAME
p_q_59076011_1,mixed_age_400,q_59076011,Who is the most recent recipient of the Doak Walker Award?,Which warrior was honoured with the Doak Walker Award last time?,temporal_align_qa,2023,FAST,SAME,SAME,1,0,,SAME
p_q_d4f726dc_3,mixed_age_400,q_d4f726dc,Which pair won the L'Open 35 de Saint-Malo doubles final most recently?,Which contender claimed victory in the most recent doubles match at L'Open 35 de Saint-Malo?,temporal_align_qa,2023,FAST,SAME,SAME,1,0,,SAME
p_q_5ac8d92d_3,mixed_age_400,q_5ac8d92d,When does this year's Passover start?,What is the commencement date for Passover this year?,freshqa,2023,FAST,SAME,SAME,1,0,,SAME
p_q_697c0008_3,mixed_age_400,q_697c0008,Which pitcher gave up the most recent home run that landed in McCovey Cove?,Who had the most recent home run loss in over 35 plate appearances at McCovey Cove?,temporal_align_qa,2023,FAST,SAME,DIFFERENT,0,0,,JUDGE_DISAGREEMENT
p_q_3c890437_3,mixed_age_400,q_3c890437,Who was the owner of the winning horse in the most recent Woodbine Oaks?,Who had the rightful owner of the horse that won the latest Woodbine Oaks?,temporal_align_qa,2023,FAST,SAME,SAME,1,0,,SAME
p_q_dfefb294_2,mixed_age_400,q_dfefb294,Which team's driver won the latest Macau Grand Prix?,Which individual claimed triumph in the latest Macau Grand Prix?,temporal_align_qa,2023,FAST,SAME,SAME,1,0,,SAME
p_q_c5946497_1,mixed_age_400,q_c5946497,"Who are the engineers that received the most recent Grammy Award for Best Engineered Album, Classical?","In the category of Best Engineered Album, which engineers were named as winner in the recent Grammy Award wins for classical music?",temporal_align_qa,2023,FAST,SAME,SAME,1,0,,SAME
p_q_5284772a_1,mixed_age_400,q_5284772a,Who is the most recent recipient of the Babe Ruth Award?,Who wins the Babe Ruth Award recently?,temporal_align_qa,2023,FAST,SAME,SAME,1,0,,SAME
p_q_0d1a4b7c_0,mixed_age_400,q_0d1a4b7c,Who was the jockey riding the horse that recently won the Portland Handicap?,"The horse riding the winner of the Portland Handicap, who was it?",temporal_align_qa,2023,FAST,SAME,SAME,1,0,,SAME
p_q_6a82c062_1,mixed_age_400,q_6a82c062,Who is the latest first-place winner of the Klein Competition?,Who is at the top of the Klein Competition this year?,temporal_align_qa,2023,FAST,SAME,SAME,1,0,,SAME
p_q_4241a3d3_1,mixed_age_400,q_4241a3d3,Who is the most recent recipient of the Norm Smith Medal?,Who is the current holder of the Norm Smith Medal?,temporal_align_qa,2023,FAST,SAME,SAME,1,0,,SAME
p_q_9ad3d8f7_1,mixed_age_400,q_9ad3d8f7,Who was the winner of the individual championship in the latest NCAA Women's Division I Cross Country Championship and what team does she represent?,Can you tell me who is recognized as the individual champion in yesterday's NCAA Women'S Division I Cross Country Championship and what were the competitors?,temporal_align_qa,2023,FAST,SAME,SAME,1,0,,SAME
p_q_9d61a241_0,mixed_age_400|heldout_400,q_9d61a241,Which trainer trained the winning horse in the King George V Stakes?,What type of trainer steered the King George V Stakes champion?,temporal_align_qa,2023,FAST,SAME,DIFFERENT,0,0,,JUDGE_DISAGREEMENT
p_q_bc9026c6_1,mixed_age_400,q_bc9026c6,Who is the recipient of the WTA Most Improved Player award?,Who holds the title of WTA Most Improved Player?,temporal_align_qa,2023,FAST,SAME,SAME,1,0,,SAME
p_q_c60b122d_1,mixed_age_400,q_c60b122d,From which hometown is the current Miss Illinois Teen USA?,Do you know the name of Miss Illinois Teen USA's native city?,temporal_align_qa,2023,FAST,SAME,SAME,1,0,,SAME
p_q_c51c7290_0,mixed_age_400,q_c51c7290,The upcoming Microsoft's Patch Tuesday will come out on what date in North America?,"In North America, when will Microsoft start on Patch Tuesday?",freshqa,2023,FAST,SAME,SAME,1,0,,SAME
p_q_9e4f27be_0,mixed_age_400,q_9e4f27be,Who is the winner of the National Book Award for Young People's Literature?,Which author has won Best Book in the National Award for Young People's Literature?,temporal_align_qa,2023,FAST,SAME,SAME,1,0,,SAME
p_q_94cb7c4a_1,mixed_age_400,q_94cb7c4a,Where was the USA Gymnastics National Championships held last?,Which country hosted the last USA Gymnastics National Championships?,temporal_align_qa,2023,FAST,SAME,SAME,1,0,,SAME
p_q_091915f0_0,mixed_age_400,q_091915f0,Which horse won the Persian War Novices' Hurdle recently?,What is the particular horse that won the recent Persian War Novices' Hurdle?,temporal_align_qa,2023,FAST,SAME,SAME,1,0,,SAME
p_q_f7446447_1,mixed_age_400,q_f7446447,Who is the most recent recipient of the RSA Award for Excellence in Mathematics?,Which individual has recently been awarded the RSA Award for Excellence in Mathematics?,temporal_align_qa,2023,FAST,SAME,SAME,1,0,,SAME
p_q_f46d91c5_1,mixed_age_400,q_f46d91c5,Who is the most recent recipient of the Betty Roland Prize for Script Writing in the New South Wales Premier's Literary Awards?,Which writing talent is receiving the Betty Roland Prize for Script Writing in the New South Wales Premier's Literary Awards at this moment?,temporal_align_qa,2023,FAST,SAME,SAME,1,0,,SAME
p_q_ce3247b9_3,mixed_age_400,q_ce3247b9,What is the name of the most recent horse to win the Gran Premio Carlos Pellegrini?,Which horse has won the Gran Premio Carlos Pellegrini most recently?,temporal_align_qa,2023,FAST,SAME,SAME,1,0,,SAME
p_q_134739ad_2,mixed_age_400,q_134739ad,Who were the drivers of the winning four-wheeler team in the most recent Baja 1000?,Which four-wheeler team members won the title in the most recent Baja 1000 race?,temporal_align_qa,2023,FAST,SAME,SAME,1,0,,SAME
p_q_ccd63b11_3,mixed_age_400,q_ccd63b11,Who is the recent winner of the Miles Franklin Award?,What is the name of the Miles Franklin Award recipient who was recently awarded?,temporal_align_qa,2023,FAST,SAME,SAME,1,0,,SAME
p_q_8af46f37_3,mixed_age_400,q_8af46f37,Who was the recipient of the Eddie Robinson Award?,Which individual was the recipient of the Eddie Robinson Award?,temporal_align_qa,2023,FAST,SAME,SAME,1,0,,SAME
p_q_1719b6dd_2,mixed_age_400,q_1719b6dd,Who is the director of the film that won the most recent Sonje Award at the Busan International Film Festival?,Which director took home the Sonje Award at the latest Busan International Film Festival?,temporal_align_qa,2023,FAST,SAME,SAME,1,0,,SAME
p_q_9a92a9cc_2,mixed_age_400,q_9a92a9cc,At which venue was the most recent Japan Women's Open Golf Championship held?,What was the specific spot where the latest Japan Women's Open Golf Championship took place?,temporal_align_qa,2023,FAST,SAME,SAME,1,0,,SAME
p_q_5aac65b6_1,mixed_age_400,q_5aac65b6,Which film won the Toronto International Film Festival People's Choice Award most recently?,What was the recent winning Toronto International Film Festival People's Choice Award movie?,temporal_align_qa,2023,FAST,SAME,SAME,1,0,,SAME
p_q_3141e273_1,mixed_age_400,q_3141e273,Which jockey rode the winning horse in the latest Mehl-Mülhens-Rennen?,The winner of the latest Mehl-Mülhens-Rennen was who? Which jockey did it on?,temporal_align_qa,2023,FAST,SAME,SAME,1,0,,SAME
p_q_60e402de_3,mixed_age_400|heldout_400,q_60e402de,Which book won the Orbis Pictus Award for the most recent year awarded?,Which book won the Orbis Pictus Award last year?,temporal_align_qa,2023,FAST,SAME,SAME,1,0,,SAME
p_q_28b0bd9f_0,mixed_age_400,q_28b0bd9f,Which film won the Grand Prize at the most recent Baeksang Arts Award?,Which film was the winner of the most recent Baeksang Arts Award's Grand Prize?,temporal_align_qa,2023,FAST,SAME,SAME,1,0,,SAME
p_q_2f991c6e_1,mixed_age_400,q_2f991c6e,Who is the most recent recipient of the European Association for Theoretical Computer Science EATCS Award?,Which individual has won the European Association for Theoretical Computer Science EATCS Award recently?,temporal_align_qa,2023,FAST,SAME,SAME,1,0,,SAME
p_q_51ad3d0a_0,mixed_age_400,q_51ad3d0a,Which athlete placed third in the latest Iceland's Strongest Man event?,"Who is the worst looking athlete on Iceland's list, as they come in 3rd place for most of their fans?",temporal_align_qa,2023,MEDIUM,SAME,DIFFERENT,0,0,,JUDGE_DISAGREEMENT
p_q_9e9cc170_3,mixed_age_400,q_9e9cc170,Who was the runner-up in the most recent Bar billiards World Championship?,"Which member of the bar team made it to the last World Championship in Bar billiards, winning only six out of 47?",temporal_align_qa,2023,MEDIUM,SAME,DIFFERENT,0,0,,JUDGE_DISAGREEMENT
p_q_41afd862_3,mixed_age_400,q_41afd862,Which team did the Los Angeles Angels face in their most recent Opening Day game?,What season did the Los Angeles Angels play?,temporal_align_qa,2023,MEDIUM,DIFFERENT,DIFFERENT,1,0,,DIFFERENT
p_q_cfb65856_2,mixed_age_400,q_cfb65856,What model of motorcycle did the winning manufacturer of the Superbike World Championship use?,Which one was the winner of superbike world championship in 1999?,temporal_align_qa,2023,MEDIUM,SAME,DIFFERENT,0,0,,JUDGE_DISAGREEMENT
p_q_6875d955_0,mixed_age_400,q_6875d955,Who was the runner-up in the last Honinbo competition?,Who emerged as the runner-up in the most recent Olympic Games?,temporal_align_qa,2023,MEDIUM,DIFFERENT,DIFFERENT,1,0,,DIFFERENT
p_q_827117d8_2,mixed_age_400,q_827117d8,Who trained the winning horse in the most recent United Nations Stakes?,Who received the most impressive score in the pen during Sunday's United Nations Stakes?,temporal_align_qa,2023,MEDIUM,SAME,DIFFERENT,0,0,,JUDGE_DISAGREEMENT
p_q_d665e7a3_2,mixed_age_400,q_d665e7a3,Who was the jockey riding the winning horse in the most recent Mile Championship?,Who won the record of a horse in romp racing over 100m last (mile distance)?,temporal_align_qa,2023,MEDIUM,SAME,DIFFERENT,0,0,,JUDGE_DISAGREEMENT
p_q_c64ac1d8_3,mixed_age_400,q_c64ac1d8,What is the name of the top year-end best selling Tropical Album?,"Could you identify the Tropical album that is still being sold out but will improve in 2010 or 2011, keeping things in mind?",temporal_align_qa,2023,MEDIUM,SAME,DIFFERENT,0,0,,JUDGE_DISAGREEMENT
p_q_3a9da6a0_3,mixed_age_400,q_3a9da6a0,Which team secured the runner-up position in the recent Kyrgyz Premier League season?,"In the recent Ryrgyz Premier League season, who was crowned as the final team's opposite player?",temporal_align_qa,2023,MEDIUM,SAME,DIFFERENT,0,0,,JUDGE_DISAGREEMENT
p_q_58db0825_0,mixed_age_400|heldout_400,q_58db0825,Which jockey rode the winning horse in the Southwest Stakes with a time of 1,"Who was the jockey that powered the Swemphalysing Derby horse to home victory in 6: 153 feet, setting a record for fastest time since 1600 last year?",temporal_align_qa,2023,MEDIUM,SAME,DIFFERENT,0,0,,JUDGE_DISAGREEMENT
p_q_15c4dc42_3,mixed_age_400,q_15c4dc42,Who is the winner of the most recent Sierre-Zinal race?,A. Was they last strong at Sierre-Zinal?,temporal_align_qa,2023,MEDIUM,SAME,DIFFERENT,0,0,,JUDGE_DISAGREEMENT
p_q_0a6fd0c3_1,mixed_age_400,q_0a6fd0c3,Who is the jockey that rode the latest winning horse in the Prix Jean-Luc Lagardère?,"At the upcoming Prix Jean-Luc Lagardère, who is usually selected as one of the contenders in retrieving victory?",temporal_align_qa,2023,MEDIUM,SAME,DIFFERENT,0,0,,JUDGE_DISAGREEMENT
p_q_54467ccf_3,mixed_age_400,q_54467ccf,Who is one of the outfielders in the National League who has won a Gold Glove Award?,"Which hitter has earned a spot in the National League with kicking offense at home plate, and what percentage of fans share that knowledge?",temporal_align_qa,2023,MEDIUM,DIFFERENT,DIFFERENT,1,0,,DIFFERENT
p_q_0e39d599_1,mixed_age_400,q_0e39d599,What role did Larry Joe Campbell play in his most recent television series appearance?,"in the most recent TV series you watched), how important was Larry Joe Campbell? When eve all shows are about themes, please include comment form or notes to make participants informed of every prize available: free dictionary entry for two.",temporal_align_qa,2023,MEDIUM,SAME,DIFFERENT,0,1,DIFFERENT,DIFFERENT
p_q_3f8c84fb_1,mixed_age_400,q_3f8c84fb,Which school holds the championship title for Class 2A in the Iowa Girls High School Athletic Union Softball?,Host Class 2A Champions/Weir Girls High School Athletic Union Softball team?(we won not agree...),temporal_align_qa,2023,MEDIUM,SAME,SAME,1,0,,SAME
p_q_15c687de_0,mixed_age_400,q_15c687de,Who was the victorious driver in the Daytona 300 race?,Which motorbike racer proven to be the competition at Daytona 300?,temporal_align_qa,2023,MEDIUM,SAME,SAME,1,0,,SAME
p_q_2d8fe2cc_3,mixed_age_400,q_2d8fe2cc,Who rode the winning horse in the most recent Prix Robert Papin?,On whom was the winner of last year’s Prix Robert Papin?,temporal_align_qa,2023,MEDIUM,SAME,SAME,1,0,,SAME
p_q_5a80cc0d_2,mixed_age_400,q_5a80cc0d,Who is the champion of the men’s category in the Walt Disney World Marathon?,Who triumphed in the race against their male counterparts for entry into the Walt Disney World Marathon?,temporal_align_qa,2023,MEDIUM,SAME,SAME,1,0,,SAME
p_q_ac1b24c0_3,mixed_age_400,q_ac1b24c0,Who is the current Downing Street Press Secretary?,"Who holds the title of Press Secretary at present, and can you provide an update on their role?",temporal_align_qa,2023,MEDIUM,SAME,SAME,1,0,,SAME
p_q_794f635d_3,mixed_age_400,q_794f635d,Who was the jockey that rode the winning horse in the most recent Gordon Stakes race?,Who was responsible for placing the pen to victory in the Gordon Stakes earlier this month?,temporal_align_qa,2023,MEDIUM,SAME,SAME,1,0,,SAME
p_q_2520c5d9_0,mixed_age_400,q_2520c5d9,Which duo won the gold medal in the European Beach Volleyball Championship most recently?,Who made it to the elite team’s list of winners after their victory in last year's European Beach Volleyball Championship with a golden crown?,temporal_align_qa,2023,MEDIUM,SAME,SAME,1,0,,SAME
p_q_0a3d5709_3,mixed_age_400,q_0a3d5709,Which football club is the current champion of the NIFL Championship?,Who is presently the leader in terms of wins for National Football League (NFL) Championship?,temporal_align_qa,2023,MEDIUM,DIFFERENT,DIFFERENT,1,0,,DIFFERENT
p_q_3e28f963_1,mixed_age_400,q_3e28f963,What's the current Tomatometer score of The Lord of the Rings: The Rings of Power on Rotten Tomatoes?,What is the current reading on Tomatometer that allows us to see The Lord of the Rings: The Ring of Power in its entirety?,freshqa,2022,MEDIUM,SAME,SAME,1,0,,SAME
p_q_0a6fd0c3_0,mixed_age_400,q_0a6fd0c3,Who is the jockey that rode the latest winning horse in the Prix Jean-Luc Lagardère?,What team is currently leading the winner of this year's Prix Jean-Luc Lagardère?,temporal_align_qa,2023,MEDIUM,DIFFERENT,DIFFERENT,1,0,,DIFFERENT
p_q_02fa4ec7_1,mixed_age_400,q_02fa4ec7,Who was the top league scorer for Everton F.C.?,Who was most outstanding goalkeeper of Everton F.C. in Ligue 1?,temporal_align_qa,2023,MEDIUM,DIFFERENT,DIFFERENT,1,0,,DIFFERENT
p_q_43f2a8a0_3,mixed_age_400,q_43f2a8a0,What team ended up thirteenth in the standings of the Western Conference most recently?,Who won the thirteenth game in the Western Conference's history?,temporal_align_qa,2023,MEDIUM,SAME,DIFFERENT,0,0,,JUDGE_DISAGREEMENT
p_q_60131439_3,mixed_age_400,q_60131439,Which team won the American Basketball Association championship most recently?,What was the most recent team to win an ALBA championship?,temporal_align_qa,2023,MEDIUM,SAME,DIFFERENT,0,0,,JUDGE_DISAGREEMENT
p_q_f8c707c8_3,mixed_age_400,q_f8c707c8,Where was the International Political Science Association World Congress held?,What was the page number for the International Political Science Association World Congress?,temporal_align_qa,2023,MEDIUM,DIFFERENT,DIFFERENT,1,0,,DIFFERENT
p_q_f49c2f47_3,mixed_age_400,q_f49c2f47,What is the name of the Adidas ball currently used in the UEFA Champions League final?,Which portion of the UEFA Champions League final is actually where my Adidas ball was changed to?,temporal_align_qa,2023,MEDIUM,SAME,DIFFERENT,0,0,,JUDGE_DISAGREEMENT
p_q_4ddbae0c_0,mixed_age_400,q_4ddbae0c,Who is the current Master of the Worshipful Company of Security Professionals?,Who is currently serving as the Master of a highly professional security certification firm?,temporal_align_qa,2023,MEDIUM,SAME,SAME,1,0,,SAME
p_q_f6645f8f_0,mixed_age_400,q_f6645f8f,Who won the gold medal in the women's category of the latest Finnish Junior Figure Skating Championship?,Which male skater achieved the highest gold medal position at the latest Finnish Junior Figure Skating Championship?,temporal_align_qa,2023,MEDIUM,DIFFERENT,DIFFERENT,1,0,,DIFFERENT
p_q_801947bd_0,mixed_age_400,q_801947bd,Which driver claimed victory at the latest Sno*Drift rally?,Who took home the top pitch at the Sno*Drift rally they organized recently?,temporal_align_qa,2023,MEDIUM,SAME,DIFFERENT,0,0,,JUDGE_DISAGREEMENT
p_q_2a49e766_3,mixed_age_400,q_2a49e766,Who currently holds the position of manager for Beijing Guoan F.C.?,Can you provide me with the current rank of Ping Guoan F.C. manager?,temporal_align_qa,2023,MEDIUM,SAME,SAME,1,0,,SAME
p_q_b9ad203c_3,mixed_age_400,q_b9ad203c,What is the alcoholic strength of the most recently released batch of A'bunadh?,What is the specific wine strength of A'bunadh in this newly launched recipe?,temporal_align_qa,2023,MEDIUM,SAME,SAME,1,0,,SAME
p_q_36c62536_1,mixed_age_400,q_36c62536,Which team is the most recent winner of the Suomi-sarja gold medal?,Who was the last entity to come out on top and claim gold in Suomi-sarja?,temporal_align_qa,2023,MEDIUM,SAME,SAME,1,0,,SAME
p_q_71c4d6a7_2,mixed_age_400,q_71c4d6a7,Which institution's athlete won the NABC Player of the Year in NCAA Division III most recently?,Who is the recent 2017 NABC Player of the Year winner and College Gymnastics All-NBA Division III?,temporal_align_qa,2023,MEDIUM,SAME,DIFFERENT,0,0,,JUDGE_DISAGREEMENT
p_q_935fff1b_0,mixed_age_400,q_935fff1b,Who was the trainer of the winning horse in the latest edition of the Coronation Stakes?,Which commercial/steered trainer won the winning Coronation Stakes last night?,temporal_align_qa,2023,MEDIUM,SAME,SAME,1,0,,SAME
p_q_645572d1_1,mixed_age_400,q_645572d1,Which team was the runner-up in the Korvpalli Meistriliiga championship?,Which club secured the lower part of its title in the Korvpalli Meistriliiga?,temporal_align_qa,2023,MEDIUM,SAME,SAME,1,0,,SAME
p_q_5329f934_3,mixed_age_400,q_5329f934,Who is the leading goalkicker for the Brisbane Lions Australian Football League team?,"On the Brisbane Lions Melbourne Cup, who is recognized as the most outstanding scorer?",temporal_align_qa,2023,MEDIUM,SAME,DIFFERENT,0,0,,JUDGE_DISAGREEMENT
p_q_48e27a79_2,mixed_age_400,q_48e27a79,Which pair earned the silver medal in the Pairs category at the last European Figure Skating Championships?,Figure Skating Championships: Who won the silver medal (prior to this event) in Pairs with 3 Gold Medalist awards?,temporal_align_qa,2023,MEDIUM,SAME,DIFFERENT,0,0,,JUDGE_DISAGREEMENT
p_q_8853a8be_2,mixed_age_400,q_8853a8be,Which team was the runner-up in the latest Ranji Trophy final?,Lakota: Who was the Last team to win this years Ranji Trophy?,temporal_align_qa,2023,MEDIUM,SAME,SAME,1,0,,SAME
p_q_8ac2e944_2,mixed_age_400,q_8ac2e944,What was the probability of the most recent NBA draft lottery winner to get the first pick?,When did the youngest lottery winner of this particular NBA draft become the first pick in rankings?,temporal_align_qa,2023,MEDIUM,SAME,DIFFERENT,0,0,,JUDGE_DISAGREEMENT
p_q_b220eed5_0,mixed_age_400|heldout_400,q_b220eed5,Which driver won the latest HighPoint.com 400 race?,Who claimed the top position in yesterday's HighPoint.com 400?,temporal_align_qa,2023,MEDIUM,SAME,SAME,1,0,,SAME
p_q_14607683_0,mixed_age_400,q_14607683,Which trainer prepared the winning horse of the latest Norfolk Stakes (Great Britain)?,Who trained the successful stallion in the latest Norfolk Stakes (Great Britain)?,temporal_align_qa,2023,MEDIUM,SAME,SAME,1,0,,SAME
p_q_67c87177_1,mixed_age_400,q_67c87177,Who was the most recent recipient of the Ron McAuliffe Medal?,"Before anyone else, what is the name of the individual who received the Ron McAuliffe Medal?",temporal_align_qa,2023,MEDIUM,SAME,SAME,1,0,,SAME
p_q_16f7110e_1,mixed_age_400,q_16f7110e,Which football club was the runner-up in the last KNVB Women's Cup final?,What team came in second place to contest the KNVB Women's Cup?,temporal_align_qa,2023,MEDIUM,SAME,SAME,1,0,,SAME
p_q_c52c10db_1,mixed_age_400,q_c52c10db,Which jockey rode the winning horse in the most recent Tenno Sho Spring?,Who steered the victorious horse in this year's Tenno Sho Spring during Jockey?,temporal_align_qa,2023,MEDIUM,SAME,SAME,1,0,,SAME
p_q_c973e5b1_0,mixed_age_400,q_c973e5b1,Who is the recipient of the most recent FWA Tribute Award?,Who has given the FWA Tribute Award after its previous presentation?,temporal_align_qa,2023,MEDIUM,SAME,DIFFERENT,0,0,,JUDGE_DISAGREEMENT
p_q_6a754bab_0,mixed_age_400,q_6a754bab,Who is the current President of the Institute of Physics and Engineering in Medicine?,I'm curious to know the identity of who is heading the Institute of Physics and Engineering in Medicine.,temporal_align_qa,2023,MEDIUM,SAME,SAME,1,0,,SAME
p_q_9aa8fdeb_0,mixed_age_400,q_9aa8fdeb,What is John Carroll Lynch's character in his most recent television appearance?,What is the character explained by John Carroll Lynch in his recent TV series?,temporal_align_qa,2023,MEDIUM,SAME,SAME,1,0,,SAME
p_q_b32eed02_0,mixed_age_400,q_b32eed02,Who trained the horse that won the last Preis der Diana?,Who provided the training for the horse that just won the Prix der Diana competition?,temporal_align_qa,2023,MEDIUM,SAME,SAME,1,0,,SAME
p_q_9e9cc170_2,mixed_age_400,q_9e9cc170,Who was the runner-up in the most recent Bar billiards World Championship?,Who was declared the winner of the most recent Bar billiards World Championship?,temporal_align_qa,2023,MEDIUM,SAME,DIFFERENT,0,0,,JUDGE_DISAGREEMENT
p_q_90bb4e98_0,mixed_age_400,q_90bb4e98,Who holds the position of director at TG1 right now?,Who is condense director at TG1?,temporal_align_qa,2023,MEDIUM,SAME,SAME,1,0,,SAME
p_q_4dfb357f_0,mixed_age_400,q_4dfb357f,What was the winning score at the latest Price Cutter Charity Championship?,What was the highest bid in the Price Cutter Charity Championship's previous occasion?,temporal_align_qa,2023,MEDIUM,SAME,DIFFERENT,0,0,,JUDGE_DISAGREEMENT
p_q_85ab1b76_1,mixed_age_400,q_85ab1b76,Who was the trainer of the winning horse in the most recent Prix Ganay race?,Who tipped the finishing horse in the latest Prix Ganay?,temporal_align_qa,2023,MEDIUM,SAME,DIFFERENT,0,0,,JUDGE_DISAGREEMENT
p_q_0899721b_0,mixed_age_400,q_0899721b,Who is the University of California student regent?,Who a the regent of University of California?,temporal_align_qa,2023,MEDIUM,SAME,SAME,1,0,,SAME
p_q_86e95f29_0,mixed_age_400,q_86e95f29,Where was the awards night of the most recent Metro Manila Film Festival held?,In what location did the recent awards ceremony at the Metro Manila Film Festival occur?,temporal_align_qa,2023,MEDIUM,SAME,SAME,1,0,,SAME
p_q_14607683_1,mixed_age_400,q_14607683,Which trainer prepared the winning horse of the latest Norfolk Stakes (Great Britain)?,Which jockey trained the winner of this year's Norfolk Stakes (Great Britain)?,temporal_align_qa,2023,MEDIUM,SAME,DIFFERENT,0,0,,JUDGE_DISAGREEMENT
p_q_9b44b067_0,mixed_age_400,q_9b44b067,Who is the current manager of the Thailand national football team?,Can you tell me the name of the football coach who serves as Thailand's national team leader?,temporal_align_qa,2023,MEDIUM,SAME,SAME,1,0,,SAME
p_q_67c87177_3,mixed_age_400,q_67c87177,Who was the most recent recipient of the Ron McAuliffe Medal?,Which person was awarded the Ron McAuliffe Medal?,temporal_align_qa,2023,MEDIUM,SAME,SAME,1,0,,SAME
p_q_c66aa371_2,mixed_age_400,q_c66aa371,Which car received a special award for the most advanced technology in Japan?,What car was recognized as the most advanced in Japan?,temporal_align_qa,2023,MEDIUM,SAME,SAME,1,0,,SAME
p_q_0c61ace3_3,mixed_age_400|heldout_400,q_0c61ace3,Which athlete won the Giant Slalom Men's World Cup?,What individual was declared the winner of the Giant Slalom Men's World Cup?,temporal_align_qa,2023,MEDIUM,SAME,SAME,1,0,,SAME
p_q_c2bcbdff_2,mixed_age_400,q_c2bcbdff,Who won the most recent IndyCar race at Texas Motor Speedway?,Who was the triumphant record-stealing participant in the most recent IndyCar race held at Texas Motor Speedway?,temporal_align_qa,2023,MEDIUM,SAME,SAME,1,0,,SAME
p_q_75e28045_2,mixed_age_400,q_75e28045,Which university’s team won the Design/Build/Fly competition?,"Who was declared the winner of the Design/Build/Fly competition, specifically from a university?",temporal_align_qa,2023,MEDIUM,SAME,SAME,1,0,,SAME
p_q_8e1c3bc4_1,mixed_age_400,q_8e1c3bc4,Which player won the Calder Memorial Trophy as the rookie of the year in the National Hockey League?,National Hockey League: Who is now rookie of the year who lifted the Calder Memorial Trophy?,temporal_align_qa,2023,MEDIUM,SAME,SAME,1,0,,SAME
p_q_bac0fe01_3,mixed_age_400,q_bac0fe01,Which team is the current champion of the All-Ireland Junior Ladies' Football Championship?,"Who, if any, is at the top spot in this year's All-Ireland Junior Ladies' Football Championship?",temporal_align_qa,2023,MEDIUM,SAME,SAME,1,0,,SAME
p_q_fbc7a20d_2,mixed_age_400,q_fbc7a20d,Who won the gold medal in the women’s category at the most recent Swiss Figure Skating Championships?,Who was the champion of women's figure skating at the latest Swiss Figure Skating Championships?,temporal_align_qa,2023,MEDIUM,SAME,SAME,1,0,,SAME
p_q_02895ac6_0,mixed_age_400,q_02895ac6,Who was the trainer of the horse that won the latest Galway Hurdle?,Who trained the horse involved in last Saturday's Galway Hurdle?,temporal_align_qa,2023,MEDIUM,SAME,SAME,1,0,,SAME
p_q_1fe5242d_3,mixed_age_400,q_1fe5242d,Who was the jockey that rode the winning horse in the latest Hong Kong Sprint?,Which jockey rode out the winner horse in recent Hong Kong Sprint?,temporal_align_qa,2023,MEDIUM,SAME,SAME,1,0,,SAME
p_q_47ba6dcb_1,mixed_age_400,q_47ba6dcb,What company is displayed as the current shirt sponsor on Hapoel Haifa F.C.'s jerseys?,Do you know the current shirt sponsor of Hapoel Haifa F.C.?,temporal_align_qa,2023,MEDIUM,SAME,SAME,1,0,,SAME
p_q_99dcb85c_0,mixed_age_400,q_99dcb85c,Which team won the Wayne County Athletic League boys football championship most recently?,Who was the team that took home the latest Wayne County Athletic League boys football championship title?,temporal_align_qa,2023,MEDIUM,SAME,SAME,1,0,,SAME
p_q_3b332e4e_2,mixed_age_400,q_3b332e4e,Who are the current champions in the Luge World Cup Men's doubles?,Who are the reigning champions in doubles competition at Luge World Cup Men?,temporal_align_qa,2023,MEDIUM,SAME,SAME,1,0,,SAME
p_q_c354442b_1,mixed_age_400,q_c354442b,Who currently holds the position of Minister of Foreign Affairs in Madagascar?,Who is presently serving as the Foreign Affairs Minister of Madagascar?,temporal_align_qa,2023,MEDIUM,SAME,SAME,1,0,,SAME
p_q_33ca27e1_2,mixed_age_400,q_33ca27e1,Who was the jockey for the winning horse at the Musidora Stakes?,Who was the jockey that steered his horse to win the Musidora Stakes?,temporal_align_qa,2023,MEDIUM,SAME,SAME,1,0,,SAME
p_q_9b57150e_1,mixed_age_400,q_9b57150e,Where did the Seattle Mariners play their most recent Opening Day game?,Where was the last Opening Day game for the Seattle Mariners?,temporal_align_qa,2023,MEDIUM,SAME,SAME,1,0,,SAME
p_q_df05880a_1,mixed_age_400,q_df05880a,Which team won the third-place match in the most recent Bulgarian Basketball Cup?,Who claimed the third spot in the newest Bulgarian Basketball Cup tournament?,temporal_align_qa,2023,MEDIUM,SAME,SAME,1,0,,SAME
p_q_33f8046d_2,mixed_age_400,q_33f8046d,Who is the current Individual Speedway World Championship winner?,Who holds the Individual Speedway World Championship title at present?,temporal_align_qa,2023,MEDIUM,SAME,SAME,1,0,,SAME
p_q_fddc380c_2,mixed_age_400,q_fddc380c,Which club does the current Grogan Medal winner play for?,What is the current club affiliation of the Grogan Medal winner?,temporal_align_qa,2023,MEDIUM,SAME,SAME,1,0,,SAME
p_q_f54d3aa2_1,mixed_age_400|heldout_400,q_f54d3aa2,Who is the current head coach of Galatasaray S.K. men's basketball team?,Who is the appointed head coach of Galatasaray S.K. men's basketball team?,temporal_align_qa,2023,MEDIUM,SAME,SAME,1,0,,SAME
p_q_75e28045_3,mixed_age_400,q_75e28045,Which university’s team won the Design/Build/Fly competition?,What university was the winner of the Design/Build/Fly competition?,temporal_align_qa,2023,MEDIUM,SAME,SAME,1,0,,SAME
p_q_b9a75c82_1,mixed_age_400,q_b9a75c82,Which hockey team won the Men's England Hockey League?,Which team triumphed in the Men's England Hockey League?,temporal_align_qa,2023,MEDIUM,SAME,SAME,1,0,,SAME
p_q_39cd95a7_1,mixed_age_400,q_39cd95a7,Where will NeurIPS be located this year?,In what location is NeurIPS scheduled to take place this year?,freshqa,2023,MEDIUM,SAME,SAME,1,0,,SAME
p_q_78251db1_0,mixed_age_400,q_78251db1,What is the location of the football stadium for the Azerbaijan Cup Final match?,What is the identity of the football stadium where the Azerbaijan Cup Final game takes place?,temporal_align_qa,2023,MEDIUM,SAME,SAME,1,0,,SAME
p_q_5431673a_3,mixed_age_400,q_5431673a,Where was the Rugby Europe Under-18 Championship final held?,What was the venue of the finals for the Rugby Europe Under-18 Championship?,temporal_align_qa,2023,MEDIUM,SAME,SAME,1,0,,SAME
p_q_40d3878e_3,mixed_age_400,q_40d3878e,Who was the runner-up in the Veikkausliiga?,Who got rid of the lag in our series Veikkausliiga?,temporal_align_qa,2023,SLOW,SAME,DIFFERENT,0,0,,JUDGE_DISAGREEMENT
p_q_d78d0eec_3,mixed_age_400,q_d78d0eec,Who is the serving U.S. Representative for Virginia's 1st congressional district?,What is the location of Virginia's primary congressional district in comparison to other regions?,temporal_align_qa,2023,SLOW,DIFFERENT,DIFFERENT,1,0,,DIFFERENT
p_q_c06f1aba_3,mixed_age_400,q_c06f1aba,Who is the current sideline reporter for the Cleveland Browns radio broadcast?,Is Mark Alvarado the current person on team leader for Cleveland Browns radio?,temporal_align_qa,2023,SLOW,SAME,DIFFERENT,0,0,,JUDGE_DISAGREEMENT
p_q_9bf08ec9_1,mixed_age_400,q_9bf08ec9,Who is currently considered the pound for pound #1 fighter by The Ring magazine?,The Ring magazine believes that the heavyweight champion currently at last minute is Kevin Durbin.,temporal_align_qa,2023,SLOW,SAME,DIFFERENT,0,0,,JUDGE_DISAGREEMENT
p_q_807cdee5_0,mixed_age_400,q_807cdee5,Where is Cambridge City F.C.'s home ground?,Where could playing/sodding happen if I wanted to start with Cambridge City F.C. at the Oval?,temporal_align_qa,2023,SLOW,SAME,SAME,1,1,DIFFERENT,DIFFERENT
p_q_2b61b711_2,mixed_age_400,q_2b61b711,Which team was the runner-up in the last Lietuvos krepšinio lyga season?,Who won Trondi Kogna renos loggior season?,temporal_align_qa,2023,SLOW,UNCLEAR,DIFFERENT,0,0,,JUDGE_DISAGREEMENT
p_q_8dc147d0_2,mixed_age_400,q_8dc147d0,In what country was the most recent winner of the Nobel Prize for Literature born?,When was the Nobel Prize for literature born in Greece?,freshqa,2023,SLOW,UNCLEAR,DIFFERENT,0,0,,JUDGE_DISAGREEMENT
p_q_874ffcdd_0,mixed_age_400,q_874ffcdd,Who is the current skip of the team Ben Hebert plays for?,Who is the individual behind Ben Hebert's skilful procedure?,temporal_align_qa,2023,SLOW,SAME,DIFFERENT,0,0,,JUDGE_DISAGREEMENT
p_q_c914875b_3,mixed_age_400,q_c914875b,Which club finished third in the most recent season of the Belarusian Premier League?,Who was the loser in terms of results-adjusted 2p matches to troisième place (Belarusian Premier League) this season?,temporal_align_qa,2023,SLOW,SAME,SAME,1,0,,SAME
p_q_9a3d3ff9_2,mixed_age_400,q_9a3d3ff9,What position does the latest Roberto Clemente Award winner play?,Which staff member is awarded the highest rank in the program?,temporal_align_qa,2023,SLOW,DIFFERENT,DIFFERENT,1,0,,DIFFERENT
p_q_cc0d02ca_1,mixed_age_400,q_cc0d02ca,What is the current state of the heaviest Earth observing satellite and Kessler syndrome threat?,Could you disclose circumstances that prefigured the most dominant phenomenon on Earth at Kessler syndrome and an important observation satellite speed?,temporal_align_qa,2023,SLOW,SAME,DIFFERENT,0,0,,JUDGE_DISAGREEMENT
p_q_f61856a1_0,mixed_age_400,q_f61856a1,What division is FSV Zwickau currently playing in?,Fsv wickau?,temporal_align_qa,2023,SLOW,DIFFERENT,DIFFERENT,1,0,,DIFFERENT
p_q_2c3456d3_3,mixed_age_400|heldout_400,q_2c3456d3,Who is the skip of Colin Hufman's curling team?,Who also sails the first flag for Colin Hufman on her curling outboard?,temporal_align_qa,2023,SLOW,SAME,DIFFERENT,0,0,,JUDGE_DISAGREEMENT
p_q_b37330f1_0,mixed_age_400,q_b37330f1,Who is the current manager of the New York Mets?,Who led the New York Mets into a dangerous end?,temporal_align_qa,2023,SLOW,SAME,DIFFERENT,0,0,,JUDGE_DISAGREEMENT
p_q_d529bed8_1,mixed_age_400,q_d529bed8,Who is the current Speaker of the Saeima?,Could you enlighten me on the individual who reigns over the Saeima in its presidency?,temporal_align_qa,2023,SLOW,SAME,SAME,1,0,,SAME
p_q_7ed2a6d6_1,mixed_age_400,q_7ed2a6d6,Which institution's representative is serving as the current chair of the Russell Group?,Is there a nominee available for the position of chair at the Russell Group?,temporal_align_qa,2023,SLOW,SAME,DIFFERENT,0,0,,JUDGE_DISAGREEMENT
p_q_68d60970_2,mixed_age_400,q_68d60970,Who is the current title holder of the Kisei tournament in Go?,What was Kisei champion at the last Go meeting?,temporal_align_qa,2023,SLOW,SAME,SAME,1,0,,SAME
p_q_17f33f25_1,mixed_age_400,q_17f33f25,Which language has the third largest population by total number of speakers?,"Among all different types of English languages, which one has the highest number of speakers? That is a third-world language.",freshqa,before 2022,SLOW,SAME,DIFFERENT,0,0,,JUDGE_DISAGREEMENT
p_q_1c20f8ba_0,mixed_age_400,q_1c20f8ba,What slogan is featured on a current specialty license plate in Wisconsin?,What language is employed to receptive the slogan of an Minnesota specialty license plate?,temporal_align_qa,2023,SLOW,SAME,DIFFERENT,0,0,,JUDGE_DISAGREEMENT
p_q_96dff6da_0,mixed_age_400,q_96dff6da,What month and year did Bitcoin reach its peak value?,Which day and month represented the lowest value for Bitcoin?,freshqa,2021,SLOW,DIFFERENT,DIFFERENT,1,0,,DIFFERENT
p_q_887b8e3c_0,mixed_age_400,q_887b8e3c,Which player received the most votes for the NBA All-Star game?,Who was the unanimous choice over every other player for the NBA All-Star qualifier?,temporal_align_qa,2023,SLOW,SAME,SAME,1,0,,SAME
p_q_4209c718_2,mixed_age_400,q_4209c718,Who is serving as the U.S. House representative for South Carolina's 4th congressional district?,"Who represent in s.cr (9th pace) U.S U-house represents 4rd district, South Carolina?",temporal_align_qa,2023,SLOW,SAME,SAME,1,0,,SAME
p_q_d02a1da9_0,mixed_age_400,q_d02a1da9,Who did California cast its electoral votes for in the recent presidential election?,Which candidate ran for President in California?,temporal_align_qa,2023,SLOW,SAME,SAME,1,0,,SAME
p_q_3c4c45fe_1,mixed_age_400,q_3c4c45fe,Who is the current captain of the West Indies ODI cricket team?,Who's got the captain’s share of an I'm conducting west indies ODI final?,temporal_align_qa,2023,SLOW,SAME,SAME,1,0,,SAME
p_q_79daac81_3,mixed_age_400,q_79daac81,How many flights of the Space Launch System have been successfully launched?,"Could you provide the count of air, land and ground flights achieved by our Space Launch System?",freshqa,2022,SLOW,SAME,SAME,1,1,SAME,SAME
p_q_1b42ed48_2,mixed_age_400,q_1b42ed48,Which professional wrestling promotion hosted the latest event at the Tokyo Dome?,The current organizing force of the promotion was held at the Tokyo Dome for professional wrestling; name it and location.,temporal_align_qa,2023,SLOW,SAME,SAME,1,0,,SAME
p_q_18f5cfa8_0,mixed_age_400,q_18f5cfa8,Who is the current elected representative of the Electoral district of Pittwater?,"I am curious to know the pick for the electoral seat in Pittwater, what is your knowledge on this election?",temporal_align_qa,2023,SLOW,SAME,SAME,1,0,,SAME
p_q_83607c5d_1,mixed_age_400,q_83607c5d,In which series did Jenson Button most recently compete?,What Was Jenson Button's Last Rally TV Series?,temporal_align_qa,2023,SLOW,SAME,DIFFERENT,0,0,,JUDGE_DISAGREEMENT
p_q_c06a0019_3,mixed_age_400,q_c06a0019,What is the full name of the person currently serving as the Member of the Legislative Assembly for Peace River?,What is the detailed title of the Member for Peace River in this position?,temporal_align_qa,2023,SLOW,SAME,SAME,1,0,,SAME
p_q_a6c1b4ce_2,mixed_age_400,q_a6c1b4ce,Who is playing as the third on Glenn Howard's curling team?,Which individual exists between Glenn Howard and the third member of his curling family?,temporal_align_qa,2023,SLOW,SAME,SAME,1,0,,SAME
p_q_6a7dc28e_2,mixed_age_400,q_6a7dc28e,What is the second highest-grossing Kannada movie of all time?,"Among all the Kannada movies, which one holds it's biggest customer base?",freshqa,2022,SLOW,DIFFERENT,DIFFERENT,1,0,,DIFFERENT
p_q_d0a5e0b6_2,mixed_age_400,q_d0a5e0b6,Who is the current provincial representative for Keewatinook?,Who holds the position of Senator for Keewatinook?,temporal_align_qa,2023,SLOW,SAME,DIFFERENT,0,0,,JUDGE_DISAGREEMENT
p_q_8fb47752_1,mixed_age_400,q_8fb47752,In what city was the person currently acting as the U.S. speaker of house born?,Which city represented by the speaker of house in real life is the u.s?,freshqa,2023,SLOW,SAME,DIFFERENT,0,0,,JUDGE_DISAGREEMENT
p_q_84e159d5_0,mixed_age_400,q_84e159d5,Who is the head coach for the team playing at Autzen Stadium?,What is the title of squad chairman at Autzen Stadium?,temporal_align_qa,2023,SLOW,SAME,DIFFERENT,0,0,,JUDGE_DISAGREEMENT
p_q_4bc25294_0,mixed_age_400,q_4bc25294,Who plays the position of third on Colin Hufman's current curling team?,Who is second on Colin Hufman now at curling?,temporal_align_qa,2023,SLOW,SAME,DIFFERENT,0,0,,JUDGE_DISAGREEMENT
p_q_196f0aca_2,mixed_age_400,q_196f0aca,When did the current manager of Stoke City F.C. begin their term?,What year was the previous president of Stoke City F.C.?,temporal_align_qa,2023,SLOW,DIFFERENT,DIFFERENT,1,0,,DIFFERENT
p_q_ba4e488d_3,mixed_age_400,q_ba4e488d,How did the current representative for Indiana's 9th congressional district come into office?,Could you explain the process of electing the new governor for Indiana's 9th congressional district?,temporal_align_qa,2023,SLOW,SAME,DIFFERENT,0,0,,JUDGE_DISAGREEMENT
p_q_d62648af_0,mixed_age_400,q_d62648af,What is the source or reference for the circumstances surrounding the most recent death of a journalist in Bangladesh?,Could you point us in the direction of supplementary information regarding the recent passing out of an American journalist in Bangladesh?,temporal_align_qa,2023,SLOW,SAME,DIFFERENT,0,0,,JUDGE_DISAGREEMENT
p_q_091c3460_2,mixed_age_400,q_091c3460,Which basketball team is the most recent runner-up in the Georgian Superliga?,What team was likely to finish as the runner-up in the Georgian Superliga?,temporal_align_qa,2023,SLOW,SAME,SAME,1,0,,SAME
p_q_e192f364_1,mixed_age_400,q_e192f364,"Who is the individual known for cosplay, especially of the Joker character, that was incarcerated at the United States Penitentiary, Atlanta?","Among the aforementioned individuals, who is considered the person most of fart in this cosplay made by Joker, nonetheless in his jail cell at Atlanta's United States Penitentiary?",temporal_align_qa,2023,SLOW,SAME,DIFFERENT,0,0,,JUDGE_DISAGREEMENT
p_q_bb9e40d6_0,mixed_age_400,q_bb9e40d6,Which team is the current champion of the Aruban Division di Honor?,Which squad is known for their speed in the Aruban Division di Honor?,temporal_align_qa,2023,SLOW,SAME,DIFFERENT,0,0,,JUDGE_DISAGREEMENT
p_q_6f1acb10_3,mixed_age_400,q_6f1acb10,What is the playoffs result for the Western Conference regular season champion?,What is the league leader's selection criteria in the Western Conference playoffs?,temporal_align_qa,2023,SLOW,DIFFERENT,DIFFERENT,1,0,,DIFFERENT
p_q_53b66262_0,mixed_age_400,q_53b66262,Where is Tesla's headquarters?,To which location does Tesla devote their offices?,freshqa,before 2022,SLOW,SAME,SAME,1,0,,SAME
p_q_a21594ce_0,mixed_age_400,q_a21594ce,Who is the lead in Colin Hufman's curling team?,Which player has the highest rank on Colin Hufman's team (curling)?,temporal_align_qa,2023,SLOW,SAME,SAME,1,0,,SAME
p_q_e5fcdad4_1,mixed_age_400,q_e5fcdad4,Who is the current kit manufacturer for Dundee United F.C.?,Who finally manufactures the outfit for Dundee United F.C.?,temporal_align_qa,2023,SLOW,SAME,SAME,1,0,,SAME
p_q_594b8e7a_3,mixed_age_400,q_594b8e7a,What was the venue of the most recent game between the Brisbane Broncos and the North Queensland Cowboys?,Where was last year's Brisbane Broncos (North qbi) Cowboys rugby game played at?,temporal_align_qa,2023,SLOW,SAME,SAME,1,0,,SAME
p_q_7946d4f3_0,mixed_age_400,q_7946d4f3,Who is the lead designer of the latest machine released by Stern Pinball?,Who is the consultant behind Stern Pinball's new product line?,temporal_align_qa,2023,SLOW,SAME,DIFFERENT,0,0,,JUDGE_DISAGREEMENT
p_q_8ec920df_1,mixed_age_400,q_8ec920df,Which team is placed third in the American League West standings?,Who has secured the third spot in the American League West among fans?,temporal_align_qa,2023,SLOW,SAME,DIFFERENT,0,0,,JUDGE_DISAGREEMENT
p_q_83607c5d_3,mixed_age_400,q_83607c5d,In which series did Jenson Button most recently compete?,What is the date of last appearing Jenson Button in a series?,temporal_align_qa,2023,SLOW,SAME,DIFFERENT,0,0,,JUDGE_DISAGREEMENT
p_q_51b242c2_3,mixed_age_400,q_51b242c2,Which cricket team won the Nottinghamshire Cricket Board Premier League most recently?,Nottinghamshire Cricket Board Premier League: Which team won?,temporal_align_qa,2023,SLOW,SAME,SAME,1,0,,SAME
p_q_624c6c50_2,mixed_age_400,q_624c6c50,Who received the Country Music Association Award for Male Vocalist of the Year?,What male singer was the recipient of this years Country Music Association Award?,temporal_align_qa,2023,SLOW,SAME,SAME,1,0,,SAME
p_q_99c9cb7f_2,mixed_age_400,q_99c9cb7f,What is the name of the trainer who trained the most recent winner of the Christmas Hurdle?,Who was the instructor that steered last year's Christmas Hurdle ribbon?,temporal_align_qa,2023,SLOW,SAME,SAME,1,0,,SAME
p_q_486683c8_3,mixed_age_400,q_486683c8,Which areas are included in the California's 10th congressional district as of now?,"Today, what cities are parts of the 10th congressional district in California?",temporal_align_qa,2023,SLOW,SAME,SAME,1,0,,SAME
p_q_f331a4d9_1,mixed_age_400,q_f331a4d9,Which area does California's 12th congressional district currently cover?,What is the current size of California's 12th congressional district?,temporal_align_qa,2023,SLOW,DIFFERENT,DIFFERENT,1,0,,DIFFERENT
p_q_27293a94_1,mixed_age_400,q_27293a94,Who is the current President of Nigeria?,Do you know the name of the president who is running Nigeria?,temporal_align_qa,2023,SLOW,SAME,SAME,1,0,,SAME
p_q_e9a277e7_0,mixed_age_400,q_e9a277e7,Which hometown is the current Miss New Mexico from?,What is the location of Mrs. New Mexico's current hometown?,temporal_align_qa,2023,SLOW,SAME,SAME,1,0,,SAME
p_q_94939cea_0,mixed_age_400,q_94939cea,Where was the final match of the Macedonian Football Cup held?,What was the site of last minute matches in Macedonian Football Cup?,temporal_align_qa,2023,SLOW,SAME,SAME,1,0,,SAME
p_q_3ac69f62_0,mixed_age_400,q_3ac69f62,Who is the current representative serving as the member of the legislative assembly for Pelabuhan Klang?,Who currently holds the seat in Assembly of Pelabuhan Klang?,temporal_align_qa,2023,SLOW,SAME,SAME,1,0,,SAME
p_q_70ab2a41_3,mixed_age_400,q_70ab2a41,Who is the current champion of the Italian National Time Trial Championships in the women's category?,Can you tell me the name of the women's champion in Italy during the National Time Trial Championships?,temporal_align_qa,2023,SLOW,SAME,SAME,1,1,SAME,SAME
p_q_1ed44863_1,mixed_age_400,q_1ed44863,Who is the current representative for Louisiana's 4th congressional district?,Which individual holds the 4th congressional district in Louisiana?,temporal_align_qa,2023,SLOW,SAME,SAME,1,0,,SAME
p_q_97b198d0_3,mixed_age_400,q_97b198d0,In which European Cup competition is Gloucester Rugby participating?,At which sporting event is Gloucester Rugby scheduled to compete in the European Cup?,temporal_align_qa,2023,SLOW,SAME,SAME,1,0,,SAME
p_q_c26ddee2_1,mixed_age_400,q_c26ddee2,What position does the most recent Michigan Wolverines baseball MLB player play?,What is the present position of the Michigan Wolverines baseball player?,temporal_align_qa,2023,SLOW,SAME,SAME,1,0,,SAME
p_q_baf11e36_1,mixed_age_400,q_baf11e36,Which party does the current second deputy speaker of the Parliament of Finland represent?,The same party who currently appoints the second deputy speaker of Finland's Parliament?,temporal_align_qa,2023,SLOW,SAME,SAME,1,0,,SAME
p_q_19e1347b_1,mixed_age_400,q_19e1347b,Where was the most recent Opening Day game for the Los Angeles Angels held?,Where did the last Los Angeles Angels Opening Day game take place?,temporal_align_qa,2023,SLOW,SAME,SAME,1,0,,SAME
p_q_18279081_1,mixed_age_400,q_18279081,Who currently serves as the speaker of the Alaska House of Representatives?,Can you provide information about the speaker of the Alaska House of Representatives?,temporal_align_qa,2023,SLOW,SAME,SAME,1,0,,SAME
p_q_79daac81_2,mixed_age_400,q_79daac81,How many flights of the Space Launch System have been successfully launched?,How many launches have been made by the Space Launch System?,freshqa,2022,SLOW,SAME,SAME,1,0,,SAME
p_q_9654e28e_3,mixed_age_400,q_9654e28e,In which city was the latest BBL Championship Playoff final played?,What was the case scenario for the BBL Championship PlayOff final in which city?,temporal_align_qa,2023,SLOW,SAME,SAME,1,0,,SAME
p_q_82fe96e1_2,mixed_age_400,q_82fe96e1,What is the best ever result by an African team at a FIFA World Cup?,"As far as an African team is concerned, which squad had the best finish in a global FIFA World Cup?",freshqa,2022,SLOW,SAME,SAME,1,0,,SAME
p_q_aa6288cd_3,mixed_age_400,q_aa6288cd,Who is currently supplying kits for Bristol City F.C.?,Which organisations are furnishing the kits for Bristol City F.C. today?,temporal_align_qa,2023,SLOW,SAME,SAME,1,0,,SAME
p_q_57bc7dc8_2,mixed_age_400,q_57bc7dc8,Which brand and model of motorcycle won the Baja 500?,What is the title held by which motorcycle to win the Baja 500?,temporal_align_qa,2023,SLOW,SAME,SAME,1,0,,SAME
p_q_ff4e04a5_0,mixed_age_400,q_ff4e04a5,What conference is the Penn Quakers men's ice hockey team competing in?,At which conference does the Penn Quakers men's ice hockey team take part?,temporal_align_qa,2023,SLOW,SAME,SAME,1,0,,SAME
p_q_e811a942_0,mixed_age_400,q_e811a942,Who is the current kit manufacturer of St Helens R.F.C.?,"The current producer of kits for St Helens R.F.C. is known, who?",temporal_align_qa,2023,SLOW,SAME,SAME,1,0,,SAME
p_q_13dd3bf9_1,mixed_age_400,q_13dd3bf9,Who is the current British champion in triple jump for men?,What individual is the current British triple jump winner for men?,temporal_align_qa,2023,SLOW,SAME,SAME,1,0,,SAME
p_q_f1176491_2,mixed_age_400,q_f1176491,Who is the current member of the Legislative Assembly for Subang Jaya constituency?,Who has become the Legislative Assembly member for the Subang Jaya constituency?,temporal_align_qa,2023,SLOW,SAME,SAME,1,0,,SAME
p_q_9679dc80_2,mixed_age_400,q_9679dc80,Who is the current cabinet minister in the Ministry of Medical Education (Maharashtra)?,"In the Ministry of Medical Education (Maharashtra), who is serving as the minister in cabinet?",temporal_align_qa,2023,SLOW,SAME,SAME,1,0,,SAME
p_q_3f541a35_3,mixed_age_400,q_3f541a35,Which university is hosting the ongoing UAAP season?,Which university is putting on the current UAAP season?,temporal_align_qa,2023,SLOW,SAME,SAME,1,0,,SAME
p_q_9edf5bd2_1,mixed_age_400,q_9edf5bd2,Who is the Treasurer of the Commonwealth of Pennsylvania?,Who officially serves as the Treasurer of the Commonwealth of Pennsylvania?,temporal_align_qa,2023,SLOW,SAME,SAME,1,0,,SAME
p_q_88f50274_0,mixed_age_400,q_88f50274,Which team currently occupies fourth place in the American League Central?,Which team is currently in 4th place at the American League Central level?,temporal_align_qa,2023,SLOW,SAME,SAME,1,0,,SAME
p_q_a84da252_0,mixed_age_400,q_a84da252,Which event was won most recently at Silverstone in the Formula One World Championship?,What event was last won in the Formula One World Championship at Silverstone?,temporal_align_qa,2023,SLOW,SAME,SAME,1,0,,SAME
p_q_3ee7411d_0,mixed_age_400,q_3ee7411d,Who is the current bench coach for the St. Louis Cardinals?,Who is the bench coach for the St. Louis Cardinals?,temporal_align_qa,2023,SLOW,SAME,SAME,1,0,,SAME
p_q_9713cc4c_3,mixed_age_400,q_9713cc4c,What club does Lewandowski play for?,In which football club does Lewandowski currently serve as a player?,freshqa,2022,SLOW,SAME,SAME,1,0,,SAME
p_q_b37330f1_1,mixed_age_400,q_b37330f1,Who is the current manager of the New York Mets?,The manager of the New York Mets is who?,temporal_align_qa,2023,SLOW,SAME,SAME,1,0,,SAME
p_q_226ccc1f_3,mixed_age_400,q_226ccc1f,What is the latest release by Soulfly?,What is the newest song released by Soulfly?,temporal_align_qa,2023,SLOW,SAME,DIFFERENT,0,0,,JUDGE_DISAGREEMENT
p_q_3c3ee393_2,mixed_age_400,q_3c3ee393,Who is the current member of the Legislative Assembly for Lesser Slave Lake?,Who is currently serving in the Legislative Assembly of Lesser Slave Lake?,temporal_align_qa,2023,SLOW,SAME,SAME,1,0,,SAME
p_q_acfe9269_0,mixed_age_400,q_acfe9269,"If you have insomnia, what can't you do?",What are the odds of getting dormant sleep?,triviaqa,,TIMELESS,UNCLEAR,DIFFERENT,0,0,,JUDGE_DISAGREEMENT
p_q_0c3fca22_0,mixed_age_400,q_0c3fca22,What is the name of the index of average daily prices on the New York Stock Exchange?,Which ip sees the estimates of average wages on New York Stock Exchange?,triviaqa,,TIMELESS,DIFFERENT,DIFFERENT,1,0,,DIFFERENT
p_q_49493ec6_0,mixed_age_400,q_49493ec6,What is the SI unit of resistance?,How is resistance measured in the standard instrument?,triviaqa,,TIMELESS,SAME,DIFFERENT,0,0,,JUDGE_DISAGREEMENT
p_q_ae57c718_2,mixed_age_400,q_ae57c718,Which composer wrote the operas 'The Flying Dutchman' and 'Parsifal'?,"What is the name of sybil whom you was inspired to pen both ‘The Flying Dutchman’ and, others are called simply 'Parsifal?‘ They respectively employ jazz singer Fionca Richie on trumpet, but were writing solo parts?",triviaqa,,TIMELESS,SAME,DIFFERENT,0,0,,JUDGE_DISAGREEMENT
p_q_b38e651d_0,mixed_age_400,q_b38e651d,What air mattress genericized trademark is a portmanteau of its two-word description?,I notice there's this generic air mattress which doubles as a two worded word mark for the system being advertised. Which of it is actually actualy Air quality?,triviaqa,,TIMELESS,SAME,DIFFERENT,0,0,,JUDGE_DISAGREEMENT
p_q_18c91502_2,mixed_age_400,q_18c91502,"""What is a synonym for """"irritable""""?""","What a counterpart to """"sour cursory skills'?""",triviaqa,,TIMELESS,DIFFERENT,DIFFERENT,1,0,,DIFFERENT
p_q_a05e5c8b_2,mixed_age_400,q_a05e5c8b,"In nature, what are active, dormant and extinct?","Which kinds of creatures can be found in the wild, dormant or eumorphic state?",triviaqa,,TIMELESS,SAME,DIFFERENT,0,0,,JUDGE_DISAGREEMENT
p_q_86cb82cf_1,mixed_age_400,q_86cb82cf,Into which other war did the War of Jenkins Ear merge?,What was the alternative combat mission that had conflicting claims in other Korean conflicts like the War of Jenkins Ear?,triviaqa,,TIMELESS,SAME,DIFFERENT,0,0,,JUDGE_DISAGREEMENT
p_q_50e17bb5_0,mixed_age_400,q_50e17bb5,"Lee Marvin had a number one hit record with 'Wanderin' Star' in 1970, but which actor had a minor hit with the flipside - 'I Talk To The Trees'?","Who was the candidate behind Lee Marvin's 1980 smash hit called 'Wanderin' Star' which was shortly succeeded by FIBO-SI, Later World War?",triviaqa,,TIMELESS,SAME,DIFFERENT,0,0,,JUDGE_DISAGREEMENT
p_q_93aa5399_1,mixed_age_400,q_93aa5399,"Which French writer published the collection of fairy tales `Contes de ma mere l'Oye', better known as Mother Goose?",From whom does the series Contes de ma mere l'Oye 'Reinventor' de Nancy Patrick Shipley publish?,triviaqa,,TIMELESS,SAME,DIFFERENT,0,0,,JUDGE_DISAGREEMENT
p_q_f1839167_1,mixed_age_400,q_f1839167,Who wrote 'She' and 'King Solomon's Mines'?,Who penned the literary works of 'She' and a famous poem named recitations for gold?,triviaqa,,TIMELESS,SAME,DIFFERENT,0,0,,JUDGE_DISAGREEMENT
p_q_caf45aad_2,mixed_age_400,q_caf45aad,How many Imperial gallons of beer are in a firkin?,What is the refrigerated capacity of a pint of beer in US dollars?,triviaqa,,TIMELESS,DIFFERENT,DIFFERENT,1,0,,DIFFERENT
p_q_9432e97c_2,mixed_age_400,q_9432e97c,"Whose likeness did Republicans propose putting on the dime, in 2003?","In 2003, which man with the likeness was proposed to Republicans as a billboard in 2013.",triviaqa,,TIMELESS,SAME,DIFFERENT,0,0,,JUDGE_DISAGREEMENT
p_q_2d02fb45_3,mixed_age_400,q_2d02fb45,The Tyrol is a region in which mountain range?,In what physical structure does the Tyrol consist of as walls?,triviaqa,,TIMELESS,SAME,DIFFERENT,0,0,,JUDGE_DISAGREEMENT
p_q_a867a828_3,mixed_age_400,q_a867a828,How many points would you get for the word Scrabble in a game of Scrabble?,"In a Scrabble tournament, what would be the total points awarded for incorporating an element of SCRAGBAG?",triviaqa,,TIMELESS,SAME,DIFFERENT,0,0,,JUDGE_DISAGREEMENT
p_q_2b247cc4_0,mixed_age_400,q_2b247cc4,"Commissioned by Queen Victoria in memory of her husband, in which Royal park would you find the Albert Memorial?","Where is the specific location of the Albert Memorial, inaugurated by Queen Victoria as a tribute to her husband (deembolismus)?",triviaqa,,TIMELESS,SAME,SAME,1,0,,SAME
p_q_e5feb4c8_0,mixed_age_400|heldout_400,q_e5feb4c8,You get nothing for a pair was a Bruce Forsyth catchphrase in which programme,"The programmer Bruce Forsyth had been writing, ""You get nothing for a pair.",triviaqa,,TIMELESS,SAME,DIFFERENT,0,0,,JUDGE_DISAGREEMENT
p_q_92bed87f_2,mixed_age_400,q_92bed87f,"Deluded by a legend, Francisco Orellana and Gonzalo Pizarro departed from Ecuador in 1541 in a disastrous expedition towards the Amazon Basin; they did not find any gold or lost cities but Orellana became the first person to navigate the entire Amazon River. What were they seeking?","In quest for a new vessel during their epic journey from Ecuador to the Amazon Basin, Francisco Orellana and Gonzalo Pizarro set out on an unlikely expedition under mysterious circumstances. Without abundant gold or deserted cities, how did these characters become so familiar with life that even Tom Partridge was seen passing through the pond?",triviaqa,,TIMELESS,SAME,DIFFERENT,0,0,,JUDGE_DISAGREEMENT
p_q_10c25152_1,mixed_age_400,q_10c25152,Who was appointed the first woman cabinet minister in the UK?,Which is the first female member set to become a woman cabinet minister in an ALL-IreLAND Cabinet?,triviaqa,,TIMELESS,SAME,DIFFERENT,0,0,,JUDGE_DISAGREEMENT
p_q_0e3fb3ca_0,mixed_age_400,q_0e3fb3ca,"What famous event for daredevils happens in Pamplona, Spain?","Which salacious occasion is usually linked to those who adore violence in Pamplona, Spain?",triviaqa,,TIMELESS,SAME,SAME,1,0,,SAME
p_q_a05e5c8b_0,mixed_age_400,q_a05e5c8b,"In nature, what are active, dormant and extinct?","Which types of living organisms exist in the wild, dormant and non-living natural forces?",triviaqa,,TIMELESS,SAME,DIFFERENT,0,0,,JUDGE_DISAGREEMENT
p_q_dcf1f4d4_0,mixed_age_400,q_dcf1f4d4,The Briish Airways subsidiary BA Connect was sold to which other airline?,"Is BA Connect, which brand of British Airways shares have been sold to?",triviaqa,,TIMELESS,SAME,SAME,1,0,,SAME
p_q_c7b2bccd_3,mixed_age_400,q_c7b2bccd,Who was the personal architect of Hitler and Minister of Armaments and War Production in Nazi Germany during the Second World War?,"President Hitler's personal builder, who was the PM of Nazi Germany for twelve years (1952–Now)?",triviaqa,,TIMELESS,SAME,DIFFERENT,0,0,,JUDGE_DISAGREEMENT
p_q_ec7fa565_2,mixed_age_400,q_ec7fa565,Logophobia is the abnormal fear of what?,If Logophobia are fear and logophobic what am I?,triviaqa,,TIMELESS,SAME,DIFFERENT,0,0,,JUDGE_DISAGREEMENT
p_q_5f279acb_2,mixed_age_400,q_5f279acb,Which city was the capital of California the year it became a state?,Name a capital during California's statehood.,freshqa,before 2022,TIMELESS,SAME,SAME,1,0,,SAME
p_q_c96939e7_1,mixed_age_400,q_c96939e7,"In the 'Harry Potter' books, 'Hogwarts school' has four houses, 'Gryffindor', 'Slytherin' and 'Ravenclaw' are three, what is the fourth?","Q.1. What is the house in question? In 'Harry Potter' book HWU's: 2 are houses 1 and 2, respectively there were four Hogwart girls with Gryffindor, Slytherin&Ravenclaw... 4.",triviaqa,,TIMELESS,SAME,SAME,1,0,,SAME
p_q_ff48fd09_1,mixed_age_400,q_ff48fd09,In language the term ellipsis refers to missing/omitted what?,Which point does the ellipse indicate in terms of missing or eliminating?,triviaqa,,TIMELESS,SAME,SAME,1,0,,SAME
p_q_97cbd451_1,mixed_age_400,q_97cbd451,Loves Rental Styles is an anagram of which famous actor?,Which famous actor holds an AE or HITS of Loves Rental Styles?,triviaqa,,TIMELESS,SAME,SAME,1,0,,SAME
p_q_34965476_1,mixed_age_400,q_34965476,When did Elon Musk officially become Twitter's owner?,"When did Elon Musk acquis, in the momentous incident that acquired Twitter?",freshqa,2022,TIMELESS,SAME,SAME,1,0,,SAME
p_q_01db3ce8_0,mixed_age_400,q_01db3ce8,Who partnered Robert Palmer as lead vocalist in the 1970'sband 'Vinegar Joe'?,Who was the guitar leading expert of 'Vinegar Joe' during their 1970 reunion with Robert Palmer?,triviaqa,,TIMELESS,SAME,DIFFERENT,0,0,,JUDGE_DISAGREEMENT
p_q_ddf45443_2,mixed_age_400,q_ddf45443,Which North Sea port lies at the mouth of the Riyer Esk?,What is the name of the port located at the Riyer Esk-Midpoint?,triviaqa,,TIMELESS,SAME,DIFFERENT,0,0,,JUDGE_DISAGREEMENT
p_q_62a24122_1,mixed_age_400,q_62a24122,Who won the 2020 Formula 1 world driver's championship?,Which participant was declared the first-ever winner of the 2020 F1.,freshqa,before 2022,TIMELESS,SAME,SAME,1,0,,SAME
p_q_d23799e5_0,mixed_age_400,q_d23799e5,What was the last number one by The Jam,What was the final tenth peak number of The Jam?,triviaqa,,TIMELESS,SAME,SAME,1,0,,SAME
p_q_2dc6d84a_3,mixed_age_400,q_2dc6d84a,Horatio Nelson lost his arm in an abortive attack on which island?,Which island lost its arm in an afghanistan attack carried out by Horatio Nelson?,triviaqa,,TIMELESS,DIFFERENT,DIFFERENT,1,0,,DIFFERENT
p_q_5026a65e_2,mixed_age_400,q_5026a65e,"Appointed in 2012, who is the President of the Fifth French Republic?",The year 2012 saw the appointment of the President of France. Who was it?,triviaqa,,TIMELESS,SAME,SAME,1,0,,SAME
p_q_16e427cd_0,mixed_age_400,q_16e427cd,In which capital city is the Tivoli amusement park?,What is the name of the national capital that includes Tivoli?,triviaqa,,TIMELESS,SAME,SAME,1,0,,SAME
p_q_9acafca8_1,mixed_age_400,q_9acafca8,"""What is the media nickname of Viktor Bout, a Russian arms dealer who was said to be the inspiration for Nicolas Cage's character in the 2005 film """"Lord of War""""?""","""In the movie ""Lord of War"" in 2005, Viktor Bout portrays himself as a Russian arms dealer' what is his media collure?""",triviaqa,,TIMELESS,SAME,SAME,1,0,,SAME
p_q_e2e6d6d8_3,mixed_age_400,q_e2e6d6d8,"Which Russian city reverted to its former name, Nizhniy Novgorod, in 1990?",What is the name of the Russian city that was officially renamed Nizhniy Novgorod in 1991?,triviaqa,,TIMELESS,SAME,SAME,1,0,,SAME
p_q_0c4788f0_0,mixed_age_400,q_0c4788f0,Welsh singer Michael Barratt is better known by which name?,"Borrowing credit only, what is Welsh singer Michael Barratt nicknamed?",triviaqa,,TIMELESS,SAME,SAME,1,0,,SAME
p_q_80aa22e7_3,mixed_age_400,q_80aa22e7,"What time of day on August 15, 1947 did India become an independent nation?","During which hour on August 15, 1947 did India set up its political system?",freshqa,before 2022,TIMELESS,SAME,SAME,1,0,,SAME
p_q_56e02d43_1,mixed_age_400,q_56e02d43,Along what tectonic plate boundary were yeti crabs first discovered?,At what place did the first yeti crabs originate?,freshqa,before 2022,TIMELESS,SAME,DIFFERENT,0,0,,JUDGE_DISAGREEMENT
p_q_6a00b156_3,mixed_age_400,q_6a00b156,"Of these sedimentary rocks, which one is not organic, being instead 'clastic'?","Identify the particular rock species that is classified as ""clastic"" rather than organic and sedimentary.",triviaqa,,TIMELESS,SAME,SAME,1,0,,SAME
p_q_29032ea3_1,mixed_age_400,q_29032ea3,"In which city would you find the following; Aventine, Caelian, Capitoline, Esquiline, Palatine, Quirinal and Viminal?","Among Aventine, Caelian, Capitoline; Esquiline, Palatine (Paris), Quirinal, and Viminal (Cannery) is there the final city. Which one of them will you describe?",triviaqa,,TIMELESS,SAME,DIFFERENT,0,0,,JUDGE_DISAGREEMENT
p_q_3d46fcdf_1,mixed_age_400,q_3d46fcdf,Which artistic movement was founded around 1920 in Russia and was associated with Naum Gabo and Antoine Pevsner?,What artist/stitcher group was associated with Naum Gabo and Antoine Pevsner circa 1920 in Russia?,triviaqa,,TIMELESS,SAME,SAME,1,0,,SAME
p_q_9d2666a3_1,mixed_age_400,q_9d2666a3,On which river does Derby stand?,Which river serves as the road to Derby?,triviaqa,,TIMELESS,SAME,SAME,1,0,,SAME
p_q_e9fd2fb4_0,mixed_age_400,q_e9fd2fb4,"""""""The Blockheads"""" released a new album in 2009 after nine years' silence. Who used to be their frontman?""","The blockheads, who was their frontman for nine years, made a fresh album in 2009.",triviaqa,,TIMELESS,SAME,SAME,1,0,,SAME
p_q_579c926b_1,mixed_age_400,q_579c926b,Which American invented the computer mouse whilst working at the Stamford Research Institute in 1964?,"During the time when Steve Jobs developed his computer mouse in 1964 at the Stamford Research Institute, who was the mastermind behind it?",triviaqa,,TIMELESS,SAME,DIFFERENT,0,0,,JUDGE_DISAGREEMENT
p_q_0b649394_1,mixed_age_400,q_0b649394,The War of Jenkins' Ear was part of which bigger war?,Which offensive was part of the War of Jenkins' Ear?,triviaqa,,TIMELESS,SAME,DIFFERENT,0,0,,JUDGE_DISAGREEMENT
p_q_3e5fda75_0,mixed_age_400,q_3e5fda75,What is the capital of Cambodia?,What is the name of the city that governs in Cambodia?,triviaqa,,TIMELESS,SAME,SAME,1,0,,SAME
p_q_80bc432e_2,mixed_age_400,q_80bc432e,"The ‘Delta Works’ is a series of construction projects in which European country, to protect large areas of land from the sea?","Among European countries, which nation had its own set of initiatives known as the 'Delta Works' in order to preserve vast areas of land from rough seas.",triviaqa,,TIMELESS,SAME,SAME,1,0,,SAME
p_q_df76af12_1,mixed_age_400,q_df76af12,Two shipping forecast areas touch the coast of Denmark: German Bight and which other?,Is the CoastRest of Denmark included in any pre-arrival shipping forecast two different areas: German Bight and which other?,triviaqa,,TIMELESS,SAME,SAME,1,0,,SAME
p_q_389476c5_1,mixed_age_400,q_389476c5,How often are the Oberammergau Passion Plays held?,What is the timing of viewing the Oberammergau Passion Plays?,triviaqa,,TIMELESS,SAME,SAME,1,0,,SAME
p_q_4ee9519a_1,mixed_age_400,q_4ee9519a,Although it can come in colourless varieties what is the usual colour of the drink Absinthe?,"Although Absinthe doesn't have any particular colour, what is the representative color of any given drink?",triviaqa,,TIMELESS,SAME,DIFFERENT,0,0,,JUDGE_DISAGREEMENT
p_q_4987dd97_3,mixed_age_400,q_4987dd97,"French mariner, Jacques Cartier, left home in 1534 to sail across the Atlantic, to explore which river?","What was the purpose of Jacques Cartier's journey across America in 1534, as he made leave to travel eastward to learn about a particular river on The Atlantic?",triviaqa,,TIMELESS,SAME,SAME,1,0,,SAME
p_q_d6104cc3_1,mixed_age_400,q_d6104cc3,Samantha Murray won GB's final medal of the 2012 Olympics in which sport?,Which sport in 2012 was the target of GB's most recent medal win: Samantha Murray?,triviaqa,,TIMELESS,SAME,SAME,1,0,,SAME
p_q_0c4788f0_1,mixed_age_400,q_0c4788f0,Welsh singer Michael Barratt is better known by which name?,Welsh Singer: Michael Barratt's most popular nickname is what?,triviaqa,,TIMELESS,SAME,SAME,1,0,,SAME
p_q_3237dda9_3,mixed_age_400,q_3237dda9,What is the heraldic term for right?,"In a heraldic expression, what is the appropriate term for right?",triviaqa,,TIMELESS,SAME,SAME,1,0,,SAME
p_q_5f279acb_0,mixed_age_400,q_5f279acb,Which city was the capital of California the year it became a state?,"When California was made a state, which city became its capital?",freshqa,before 2022,TIMELESS,SAME,SAME,1,0,,SAME
p_q_d8b1d102_2,mixed_age_400,q_d8b1d102,What is another name for a wildebeest?,What is a name for . another wildebeest?,triviaqa,,TIMELESS,SAME,SAME,1,0,,SAME
p_q_fc47ce8e_0,mixed_age_400,q_fc47ce8e,On what date did the Berlin Wall fall?,What's the time period when the Berlin Wall fell?,freshqa,before 2022,TIMELESS,SAME,DIFFERENT,0,0,,JUDGE_DISAGREEMENT
p_q_c1695ecb_0,mixed_age_400,q_c1695ecb,Who were the Celtic-speaking peoples living in France and Belgium during Roman times?,Who were the tribal people utilizing Celtic language during the Roman era in France and Belgium?,triviaqa,,TIMELESS,SAME,SAME,1,0,,SAME
p_q_65d75670_0,mixed_age_400,q_65d75670,"""What is the occupation of the title character in """"Finnegan's Wake"""" by James Joyce?""","What is the role played by a title character to James Joyce in ""Finnegan's Wake?""",triviaqa,,TIMELESS,SAME,SAME,1,0,,SAME
p_q_da1c81d6_0,mixed_age_400,q_da1c81d6,"Who was Archbishop of Canterbury during the reigns of Henry VIII and Edward VI, was then imprisoned for over two years and burnt at the stake for heresy?","Which individual, who held the position of Archbishop of Canterbury at the crossroads between Henry VIII and Edward VI and was later imprisoned for heresy and burned alive?",triviaqa,,TIMELESS,SAME,SAME,1,0,,SAME
p_q_79d94239_2,mixed_age_400,q_79d94239,Where in the body would you find rod cells and cone cells,In which area of the body can rod cells exist and on which line a cone cell could exist?,triviaqa,,TIMELESS,SAME,SAME,1,0,,SAME
p_q_87ca114c_0,mixed_age_400,q_87ca114c,For which daily newspaper does Frederick Forsyth write?,Which daily newspaper is the editorial vehicle for Frederick Forsyth's style and content?,triviaqa,,TIMELESS,SAME,SAME,1,0,,SAME
p_q_876bdd3b_3,mixed_age_400,q_876bdd3b,Most of the state of Nevada is in which time zone?,Which central time zone does the majority of Nevada's population live in?,triviaqa,,TIMELESS,SAME,SAME,1,0,,SAME
p_q_21593fd1_3,mixed_age_400|heldout_400,q_21593fd1,"""The album """"Good Girl Gone Bad"""" was the number 1 selling album in the UK in 2009 with sales of 1.5 million. Who was the singer?""","Who performed the vocals on the UK number one album ""Good Girl Gone Bad,"" which had 1.5 million copies sold in 2009?",triviaqa,,TIMELESS,SAME,SAME,1,0,,SAME
p_q_64800213_3,mixed_age_400,q_64800213,Which woman was the singer with Jefferson Airplane?,Which female vocalist worked with Jefferson Airplane during the flight?,triviaqa,,TIMELESS,SAME,SAME,1,0,,SAME
p_q_5ad30881_0,mixed_age_400,q_5ad30881,"In 1967, the Republic of Biafra declared independence from which country?",When and to what extent was independence declared by the Republic of Biafra in 1967?,triviaqa,,TIMELESS,SAME,SAME,1,0,,SAME
p_q_2761fdfe_1,mixed_age_400,q_2761fdfe,"The story of Joseph featuring the coat of many colours, appears in which book of the Bible?",What book of the Bible has an account about Joseph exhibiting his characteristic coat of multiple colors?,triviaqa,,TIMELESS,SAME,SAME,1,0,,SAME
p_q_16e427cd_2,mixed_age_400,q_16e427cd,In which capital city is the Tivoli amusement park?,Which capital city houses the Tivoli amusements park?,triviaqa,,TIMELESS,SAME,SAME,1,0,,SAME
p_q_44d9dff7_0,mixed_age_400,q_44d9dff7,At which battle of 1403 did Henry 'Hotspur' Percy die?,Can you recall which battle of 1403 ended in the death of Henry 'Hotspur' Percy?,triviaqa,,TIMELESS,SAME,SAME,1,0,,SAME
p_q_9ea9bc19_3,mixed_age_400,q_9ea9bc19,What is the national park in Wyoming covering 3350 square miles that was opened in 1872?,Which Wyoming state created a national park in 1872 that has an area of 3350 sq mi?,triviaqa,,TIMELESS,SAME,SAME,1,0,,SAME
p_q_0f14ed28_1,mixed_age_400,q_0f14ed28,Fernando Alonso drives for which F1 team?,Which team is Fernando Alonso currently driving for in Formula One?,triviaqa,,TIMELESS,SAME,SAME,1,0,,SAME
p_q_d63bf68a_0,mixed_age_400,q_d63bf68a,What is kitchen tin foil made from?,What materials are used to make kitchen tin foil?,triviaqa,,TIMELESS,SAME,SAME,1,0,,SAME
p_q_8acef480_2,mixed_age_400,q_8acef480,What is the capital city of The Maldives?,Which is the capital city of The Maldives?,triviaqa,,TIMELESS,SAME,SAME,1,0,,SAME
p_q_6f15c777_2,mixed_age_400,q_6f15c777,In which country is Mdina Glass made?,What country is Mdina Glass's production from?,triviaqa,,TIMELESS,SAME,SAME,1,0,,SAME
p_q_0a45943e_0,mixed_age_400,q_0a45943e,Carl XVI Gustav became king of which European country in September 1973?,In which European country did Carl XVI Gustav get crowned as ruler in September 1973?,triviaqa,,TIMELESS,SAME,SAME,1,0,,SAME
p_q_6c6fbf05_2,mixed_age_400,q_6c6fbf05,"What award did Yann LeCun, Geoffrey Hinton, and Yoshua Bengio win together?","Which award did Yann LeCun, Geoffrey Hinton, and Yoshua Bengio collectively accomplish?",freshqa,before 2022,TIMELESS,SAME,SAME,1,0,,SAME
p_q_9d330418_0,mixed_age_400,q_9d330418,In which decade of the 20th century were the first Academy Awards (Oscars) ceremony?,When did the first Academy Awards ceremony (Oscars) happen in the 20th Century?,triviaqa,,TIMELESS,SAME,SAME,1,0,,SAME
p_q_e32d9c63_3,mixed_age_400|heldout_400,q_e32d9c63,What is the name of the US river which flows between St. Paul and Minneapolis?,What's the name of this US river between St. Paul and Minneapolis?,triviaqa,,TIMELESS,SAME,SAME,1,0,,SAME
p_q_bcbdf06e_1,mixed_age_400,q_bcbdf06e,"On which English motorway can you find services called Baldock, Wetherby and Washington?","Which motorway in England has services such as Baldock, Wetherby and Washington?",triviaqa,,TIMELESS,SAME,SAME,1,0,,SAME
p_q_f63307b3_3,mixed_age_400,q_f63307b3,Who invented the ferris wheel?,Who was responsible for inventing the ferris wheel?,triviaqa,,TIMELESS,SAME,SAME,1,0,,SAME
p_q_c3300be7_3,mixed_age_400,q_c3300be7,Who was appointed captain of Great Britain's Davis Cup team in 2006?,Who captained the Great Britain team for the Davis Cup in 2006?,triviaqa,,TIMELESS,SAME,SAME,1,0,,SAME
p_q_5b78283a_3,mixed_age_400,q_5b78283a,What is the hometown of the most recent Miss Arkansas winner?,Where is Miss Arkansas's win-placed 2012 recipient originally from?,temporal_align_qa,2023,FAST,SAME,SAME,1,0,,SAME
p_q_498e07da_0,mixed_age_400,q_498e07da,Who currently represents New York's 22nd congressional district?,Which political party is considered the 42nd congressional district of New York?,temporal_align_qa,2023,SLOW,DIFFERENT,DIFFERENT,1,0,,DIFFERENT
p_q_e2133b50_0,mixed_age_400,q_e2133b50,Which Argentinean became conductor of the New York Philharmonic in 1970?,Can you identify the Argentinean who took on the role of director at the New York Philharmonic in 1970?,triviaqa,,TIMELESS,SAME,SAME,1,0,,SAME
p_q_177880b1_1,mixed_age_400,q_177880b1,Who is the head coach of the Washington Mystics?,Who coaches the Washington Mystics?,temporal_align_qa,2023,MEDIUM,SAME,SAME,1,0,,SAME
p_q_25f44bbf_1,mixed_age_400,q_25f44bbf,Who is the current leader of the Union of Jewish Students?,Who is President of the Union (Jewish Student Association)?,temporal_align_qa,2023,FAST,SAME,SAME,1,0,,SAME
p_q_6d00c75f_2,heldout_400,q_6d00c75f,When is this year's Ramadan?,When will week 11 of jordan be observed?,freshqa,2023,FAST,SAME,DIFFERENT,0,0,,JUDGE_DISAGREEMENT
p_q_134739ad_3,heldout_400,q_134739ad,Who were the drivers of the winning four-wheeler team in the most recent Baja 1000?,Who led the winning Baja 1000 4x bike equimienicnic boat team?,temporal_align_qa,2023,FAST,DIFFERENT,DIFFERENT,1,0,,DIFFERENT
p_q_e52c4939_0,heldout_400,q_e52c4939,Which horse won the Los Alamitos Futurity most recently?,Which contestant from Los Alamitos Futurity is considered the best?,temporal_align_qa,2023,FAST,DIFFERENT,DIFFERENT,1,0,,DIFFERENT
p_q_359f65e2_2,heldout_400,q_359f65e2,Which movie won the latest Academy Award for Best Picture?,What is the name of the cinematic masterpiece that got an Academy Award recognition?,freshqa,2023,FAST,SAME,SAME,1,0,,SAME
p_q_7954a9bc_0,heldout_400,q_7954a9bc,Which film featured the performance that won the most recent Blue Dragon Film Award for Best Supporting Actor?,Which movie received the Best Supporting Actor award at this point in time?,temporal_align_qa,2023,FAST,SAME,SAME,1,0,,SAME
p_q_fa771a57_3,heldout_400,q_fa771a57,Which owner's horse won the latest Kikuka-shō?,Who held the belt of recently established Kikuka-sh?,temporal_align_qa,2023,FAST,SAME,DIFFERENT,0,0,,JUDGE_DISAGREEMENT
p_q_c7e889d2_1,heldout_400,q_c7e889d2,"Which artist or group performed the Grammy Award-winning Best Arrangement, Instrumental or A Cappella?","What is the label or chorus that has given awards, either Grammy Award-winning Instrumental Or A Cappella to a music artist for Best Song at an Artvârvâr State Arts Festival?",temporal_align_qa,2023,FAST,SAME,DIFFERENT,0,0,,JUDGE_DISAGREEMENT
p_q_29f9cc16_1,heldout_400,q_29f9cc16,Who is the featured subject of the William Hill Sports Book of the Year winning title?,Which sports book exhibits the greatest athletic prowess among all William Hill's releases?,temporal_align_qa,2023,FAST,SAME,SAME,1,0,,SAME
p_q_2bbc82e4_2,heldout_400,q_2bbc82e4,Who is the most recent recipient of the Ebony Shoe Award?,"Who stole the striptease (""Ebony Shoe Award"")?",temporal_align_qa,2023,FAST,DIFFERENT,DIFFERENT,1,0,,DIFFERENT
p_q_8efe208f_0,heldout_400,q_8efe208f,Who was the jockey riding the winning horse in the most recent Rebel Stakes?,"What was the name of his partner in that race, who came out on top to start him with his leg?",temporal_align_qa,2023,FAST,SAME,SAME,1,0,,SAME
p_q_23baebab_2,heldout_400,q_23baebab,What character was portrayed by the winner of the most recent Metro Manila Film Festival Award for Best Actress?,What was the name of the actress who won Best Actress at metro capital cinema this time last year?,temporal_align_qa,2023,FAST,SAME,DIFFERENT,0,0,,JUDGE_DISAGREEMENT
p_q_9ad3d8f7_0,heldout_400,q_9ad3d8f7,Who was the winner of the individual championship in the latest NCAA Women's Division I Cross Country Championship and what team does she represent?,What is the name of Virginia's national team in last year'a NCAA Women' s Division I Cross Country Championship and who personally raised that flag after her victory over Khabib James in 2015?,temporal_align_qa,2023,FAST,DIFFERENT,DIFFERENT,1,0,,DIFFERENT
p_q_ea6dfe5b_0,heldout_400,q_ea6dfe5b,Who won the National Board of Review Award for Best Actor most recently?,Who retains the title of Best Actor after their latest nomination for a National Board of Review Award?,temporal_align_qa,2023,FAST,SAME,SAME,1,0,,SAME
p_q_5e69097f_1,heldout_400,q_5e69097f,Which school did the North Dakota Mr. Basketball Award winner attend?,What state produced the North Dakota Mr. Basketball Award presenter?,temporal_align_qa,2023,FAST,DIFFERENT,DIFFERENT,1,0,,DIFFERENT
p_q_311e11e2_1,heldout_400,q_311e11e2,Which horse won the most recent Thyestes Chase?,Who clinched the reward of winning the Thorestyestes Chase last?,temporal_align_qa,2023,FAST,SAME,SAME,1,0,,SAME
p_q_66b78d55_0,heldout_400,q_66b78d55,Who hosted the Juno Awards ceremony?,Which company put forward the Juno Awards project?,temporal_align_qa,2023,FAST,SAME,DIFFERENT,0,0,,JUDGE_DISAGREEMENT
p_q_1c3ba216_2,heldout_400,q_1c3ba216,Which pair took home the bronze medal in the latest Nebelhorn Trophy Senior Pairs competition?,This years Nebelhorn Trophy was held in the following two tennis disciplines: Who won bronze?,temporal_align_qa,2023,FAST,SAME,DIFFERENT,0,0,,JUDGE_DISAGREEMENT
p_q_9c8a947a_1,heldout_400,q_9c8a947a,What is the original title of the most recent animated film nominated for the Goya Award for Best Animated Film?,How long has anyone kept their initial Nomination for the Goya Award of Best Animated Film?,temporal_align_qa,2023,FAST,DIFFERENT,DIFFERENT,1,0,,DIFFERENT
p_q_ef0e26fc_1,heldout_400,q_ef0e26fc,Who was the jockey riding the winning horse in the most recent Prix de l'Abbaye de Longchamp?,Who won the Prix de l'Abbaye des Longchamp?,temporal_align_qa,2023,FAST,SAME,DIFFERENT,0,0,,JUDGE_DISAGREEMENT
p_q_d0506c00_0,heldout_400,q_d0506c00,Where was the most recent Bridges conference held?,When was last seen at Bridges?,temporal_align_qa,2023,FAST,SAME,DIFFERENT,0,0,,JUDGE_DISAGREEMENT
p_q_885601a2_3,heldout_400,q_885601a2,Who owns the horse that claimed victory in the most recent running of the Prix Jean-Luc Lagardère?,Which steed is currently in the public eye as winners of this year's Prix Jean-Luc Lagardère?,temporal_align_qa,2023,FAST,SAME,SAME,1,0,,SAME
p_q_ff13db06_0,heldout_400,q_ff13db06,Who are the presenters of the Eurovision Song Contest?,Who is managing the teams for the Eurovision Song Contest?,temporal_align_qa,2023,FAST,SAME,DIFFERENT,0,0,,JUDGE_DISAGREEMENT
p_q_3c8e1699_1,heldout_400,q_3c8e1699,Where was the European Amateur Championship last played?,The world - the European Amateur Championship Finals?,temporal_align_qa,2023,FAST,DIFFERENT,DIFFERENT,1,0,,DIFFERENT
p_q_21078da3_1,heldout_400,q_21078da3,Which pair is the runners-up in the Australian Open mixed doubles championship?,Which tennis team secured the third spot in Australian Open mixed doubles?,temporal_align_qa,2023,FAST,SAME,SAME,1,0,,SAME
p_q_badb7460_3,heldout_400,q_badb7460,What is the title of the Spanish film submitted for the Academy Award for Best International Feature Film?,Which Spanish movie was the most likely to receive an Oscar or nomination for Best International Feature Film?,temporal_align_qa,2023,FAST,SAME,SAME,1,0,,SAME
p_q_5284772a_2,heldout_400,q_5284772a,Who is the most recent recipient of the Babe Ruth Award?,On which Babe Ruth Award does the award recipient right now currently sits?,temporal_align_qa,2023,FAST,SAME,SAME,1,0,,SAME
p_q_76a7b4a6_1,heldout_400,q_76a7b4a6,What was the latest champion's score relative to par at the Japan Women's Open Golf Championship?,What was the champion's score at this year''San Jose Arena in Japan Women' s Open Golf Championship?,temporal_align_qa,2023,FAST,SAME,DIFFERENT,0,0,,JUDGE_DISAGREEMENT
p_q_b16f0265_3,heldout_400,q_b16f0265,Who rode the winning horse in the most recent Queen Elizabeth II Challenge Cup Stakes?,Who trained the winner of the Queen Elizabeth II Challenge Cup Stakes in the current event?,temporal_align_qa,2023,FAST,SAME,DIFFERENT,0,0,,JUDGE_DISAGREEMENT
p_q_26393420_2,heldout_400,q_26393420,Which trainer prepared the winning horse of the latest Queen Elizabeth II Challenge Cup Stakes?,Who became owner of the horse that triumphed in today's Queen Elizabeth II Challenge Cup Stakes?,temporal_align_qa,2023,FAST,SAME,DIFFERENT,0,0,,JUDGE_DISAGREEMENT
p_q_830461c0_2,heldout_400,q_830461c0,Who owned the horse that won the last Coronation Stakes?,Which equine successfully won the Coronation Stakes?,temporal_align_qa,2023,FAST,SAME,SAME,1,0,,SAME
p_q_ebb666ba_1,heldout_400,q_ebb666ba,Who is the current Gatorade Player of the Year in volleyball?,Currently who is considered the Gatorade of volleyball?,temporal_align_qa,2023,FAST,SAME,SAME,1,0,,SAME
p_q_d26e3359_0,heldout_400,q_d26e3359,What is the name of the trainer who trained the Bahrain Trophy's winning horse most recently?,Which trainer held his Bahrain Trophy championship horse at the earliest?,temporal_align_qa,2023,FAST,SAME,SAME,1,0,,SAME
p_q_efbe3181_2,heldout_400,q_efbe3181,Who is the current chair of the Democratic Governors Association?,Who currently holds the position of chair for Democrats in executive positions?,temporal_align_qa,2023,FAST,SAME,SAME,1,0,,SAME
p_q_63c4c1ca_1,heldout_400,q_63c4c1ca,Which horse won the Oaks d'Italia most recently?,What was the name of the last German horse to take out the contest in Oaks d'Italia?,temporal_align_qa,2023,FAST,SAME,DIFFERENT,0,0,,JUDGE_DISAGREEMENT
p_q_69b0bd6d_3,heldout_400,q_69b0bd6d,Which team did the Great Britain Davis Cup team compete against in its most recent completed match?,Who did who were the last team vs the Great Britain Davis Cup team in their latest final statement?,temporal_align_qa,2023,FAST,SAME,SAME,1,0,,SAME
p_q_fa771a57_1,heldout_400,q_fa771a57,Which owner's horse won the latest Kikuka-shō?,Which hunter or horse just received the Kikuka-sh?,temporal_align_qa,2023,FAST,SAME,DIFFERENT,0,0,,JUDGE_DISAGREEMENT
p_q_b38c44e9_2,heldout_400,q_b38c44e9,In which city was the most recent NHL Entry Draft conducted?,When did the NHL Entry Draft take place?,temporal_align_qa,2023,FAST,SAME,DIFFERENT,0,0,,JUDGE_DISAGREEMENT
p_q_30501636_1,heldout_400,q_30501636,Who represented France most recently at the Eurovision Song Contest?,Which French singer had the rare occasion of appearing at this year's Eurovision Song Contest?,temporal_align_qa,2023,FAST,SAME,SAME,1,0,,SAME
p_q_8fda5466_3,heldout_400,q_8fda5466,Who was the runner-up at the Mitsubishi Electric Championship at Hualalai?,Which wrestler secured the second position in the Mitsubishi Electric Championship at Hualai?,temporal_align_qa,2023,FAST,SAME,SAME,1,0,,SAME
p_q_b9e48bff_0,heldout_400,q_b9e48bff,Which ownership currently holds the winning title for the Florida Derby?,Who has acquired the voting rights to the Florida Derby?,temporal_align_qa,2023,FAST,SAME,DIFFERENT,0,0,,JUDGE_DISAGREEMENT
p_q_a6ef6cf2_3,heldout_400,q_a6ef6cf2,What is the name of the ownership that claimed victory at the last Maker's Mark Mile Stakes?,Which stakeholder was declared winner of the last Maker's Mark Mile Stakes?,temporal_align_qa,2023,FAST,SAME,SAME,1,0,,SAME
p_q_b9172601_3,heldout_400,q_b9172601,Which work secured the Grammy Award for Best Jazz Performance?,Which jazz playing received the best performance at a Grammy Award?,temporal_align_qa,2023,FAST,SAME,SAME,1,0,,SAME
p_q_e78970aa_1,heldout_400,q_e78970aa,Who is the latest recipient of the Jack Oatey Medal?,Which politician has been granted the Jack Oatey Medal in recent years?,temporal_align_qa,2023,FAST,SAME,SAME,1,0,,SAME
p_q_d9d96160_3,heldout_400,q_d9d96160,Who delivered The MacTaggart Lecture at the Edinburgh International Television Festival most recently?,Who interrupted the presentation of The MacTaggart Lecture at Edinburgh International Television Festival?,temporal_align_qa,2023,FAST,SAME,DIFFERENT,0,0,,JUDGE_DISAGREEMENT
p_q_b37309f3_2,heldout_400,q_b37309f3,Which horse won the Kameko Futurity Trophy?,Which animal was honored with the Kameko Futurity Trophy?,temporal_align_qa,2023,FAST,SAME,SAME,1,0,,SAME
p_q_d23ca3b3_1,heldout_400,q_d23ca3b3,What is the current overall record of Tiger Park's team?,What percentage of wins have been achieved by Tiger Park's team thus far?,temporal_align_qa,2023,FAST,SAME,DIFFERENT,0,0,,JUDGE_DISAGREEMENT
p_q_3ec48396_1,heldout_400,q_3ec48396,What train model won the most recent Blue Ribbon Award (railway)?,What train category do you think has consistently earned the last Blue Ribbon Award (railway)?,temporal_align_qa,2023,FAST,SAME,SAME,1,0,,SAME
p_q_ebb666ba_3,heldout_400,q_ebb666ba,Who is the current Gatorade Player of the Year in volleyball?,Who is holding the position of Gatorade Champion in volleyball at present?,temporal_align_qa,2023,FAST,SAME,SAME,1,0,,SAME
p_q_d093f991_3,heldout_400,q_d093f991,Which owner's horse won the Breeders' Cup Filly & Mare Turf?,Who captured the top spot in the Breeders' Cup Filly & Mare Turf competition?,temporal_align_qa,2023,FAST,SAME,SAME,1,0,,SAME
p_q_30b7af38_1,heldout_400,q_30b7af38,What is the name of the trainer who trained the victory horse in the most recent Takamatsunomiya Kinen?,What was the title of the trainer who trained the wintry horse in this new Takamatsunomiya Kinen?,temporal_align_qa,2023,FAST,SAME,SAME,1,0,,SAME
p_q_8500b23d_1,heldout_400,q_8500b23d,In which country did the most recent FIS Nordic Junior World Ski Championships take place?,"Among the participating nations, which one did it consist of the last year's FIS Nordic Junior World Ski Championships?",temporal_align_qa,2023,FAST,SAME,DIFFERENT,0,0,,JUDGE_DISAGREEMENT
p_q_180c42e7_2,heldout_400,q_180c42e7,Which horse won the most recent Nassau Stakes?,Which jock qualified as the winner of last year's Nassau Stakes?,temporal_align_qa,2023,FAST,SAME,DIFFERENT,0,0,,JUDGE_DISAGREEMENT
p_q_3cff3dce_2,heldout_400,q_3cff3dce,Who is the latest recipient of the Gatorade National Baseball Player of the Year award?,Which player was recognized as the recipient of Gatorade National Baseball Player of the Year?,temporal_align_qa,2023,FAST,SAME,SAME,1,0,,SAME
p_q_33b33ec1_2,heldout_400,q_33b33ec1,What is the Portuguese title of the latest film submitted by Portugal for the Academy Award for Best International Feature Film?,Which movie has Portugal submitted as the latest submission for Best International Feature Film to win an Oscar?,temporal_align_qa,2023,FAST,SAME,SAME,1,0,,SAME
p_q_23194df6_1,heldout_400,q_23194df6,Who is the President of the East Texas Yamboree for the current festival?,Do you know who holds the position of President at this year's East Texas Yamboree festival?,temporal_align_qa,2023,FAST,SAME,SAME,1,0,,SAME
p_q_52957594_0,heldout_400,q_52957594,In which television series is LL Cool J currently starring as a main cast member?,Name LL Cool J's current popular television series?,temporal_align_qa,2023,FAST,SAME,SAME,1,0,,SAME
p_q_51c973e7_3,heldout_400,q_51c973e7,Who is the most recent NBA player to score 60 or more points in a single game?,"Which NBA player has reached the milestone of 60-plus points in a single game recently, and why?",freshqa,2023,FAST,SAME,SAME,1,0,,SAME
p_q_6657182b_0,heldout_400,q_6657182b,Which male athlete won the Callahan Award most recently?,Who was the most recent man to receive a Callahan Award?,temporal_align_qa,2023,FAST,SAME,SAME,1,0,,SAME
p_q_2f36649c_0,heldout_400,q_2f36649c,For which film was the National Board of Review Award for Best Actress most recently given?,Which film was honored with the best actress nomination for the National Board of Review Award last time?,temporal_align_qa,2023,FAST,SAME,SAME,1,0,,SAME
p_q_22adabe9_1,heldout_400,q_22adabe9,What was the model name of the Williams Grand Prix Engineering car that had USA Logan Sargeant and THA Alexander Albon as drivers?,Could you tell me the name of the engineering vehicle used at the Williams Grand Prix with Logan Sargeant from USA and Alexander Albon from THA?,temporal_align_qa,2023,FAST,SAME,SAME,1,0,,SAME
p_q_10fbddc5_2,heldout_400,q_10fbddc5,Which artists won the Grammy Award for Best Large Jazz Ensemble Album most recently?,Who are the individuals that currently hold the Best Large Jazz Ensemble award for the most recent Grammy Awards?,temporal_align_qa,2023,FAST,SAME,SAME,1,0,,SAME
p_q_dd7cbef3_0,heldout_400,q_dd7cbef3,"In what month and year was the price of Bitcoin last above $40,000?","In which month and for how long was Bitcoin valued at $40,000?",freshqa,2022,FAST,SAME,SAME,1,0,,SAME
p_q_1c1961cd_2,heldout_400,q_1c1961cd,In what country was the current Miss World born?,Can you tell me the country where Miss World was born?,freshqa,2022,FAST,SAME,SAME,1,0,,SAME
p_q_611d707f_0,heldout_400,q_611d707f,What is the television show in which Christopher McDonald most recently appeared?,What was the name of Christopher McDonald's latest TV role?,temporal_align_qa,2023,FAST,SAME,SAME,1,0,,SAME
p_q_cf72c65f_3,heldout_400,q_cf72c65f,Who won the latest NBA championship?,Which NBA player has won the most recent title?,freshqa,2023,FAST,SAME,SAME,1,0,,SAME
p_q_113fc559_1,heldout_400,q_113fc559,Who is the most recent winner of the Beacon Award for the Fremantle Football Club?,Who's winnQ most recent Beacon Award for Fremantle Football Club?,temporal_align_qa,2023,FAST,SAME,SAME,1,0,,SAME
p_q_79078e30_1,heldout_400,q_79078e30,How many goals did the leading goalkicker for the West Coast Eagles score this season?,What is the number of goals that the leading goalkeeper for the West Coast Eagles scored this season?,temporal_align_qa,2023,FAST,SAME,SAME,1,0,,SAME
p_q_c8436957_2,heldout_400,q_c8436957,In which ACB season did the most recent winner of the Most Valuable Player award play?,At which ACB season did the winner of the Most Valuable Player award play out most recently?,temporal_align_qa,2023,FAST,SAME,SAME,1,0,,SAME
p_q_ea668263_1,heldout_400,q_ea668263,Who is the translator that won the Oxford-Weidenfeld Translation Prize most recently?,Which translator was most recently granted the Oxford-Weidenfeld Translation Prize?,temporal_align_qa,2023,FAST,SAME,SAME,1,0,,SAME
p_q_9fb844a5_3,heldout_400,q_9fb844a5,Who is the most recent recipient of the Robert F. Kennedy Human Rights Award?,Who has been awarded the Robert F. Kennedy Human Rights Prize most recently?,temporal_align_qa,2023,FAST,SAME,SAME,1,0,,SAME
p_q_2cbafc2e_1,heldout_400,q_2cbafc2e,What is the English title of the latest film submitted by Iceland for the Academy Award for Best International Feature Film?,What is the name of the most recent film that Iceland submitted to receive the Best International Feature Film award at the Oscars in English?,temporal_align_qa,2023,FAST,SAME,SAME,1,0,,SAME
p_q_77f52421_1,heldout_400,q_77f52421,Which horse won the Santa Anita Handicap most recently?,Which horse is currently winning the Santa Anita Handicap?,temporal_align_qa,2023,FAST,DIFFERENT,DIFFERENT,1,0,,DIFFERENT
p_q_e52c4939_1,heldout_400,q_e52c4939,Which horse won the Los Alamitos Futurity most recently?,Which horse was selected as the winner of the latest Los Alamitos Futurity race?,temporal_align_qa,2023,FAST,SAME,SAME,1,0,,SAME
p_q_1816d40e_1,heldout_400,q_1816d40e,Which video game did Vanessa Marshall voice a character in?,What's the title of video game where Vanessa Marshall voiced a character?,temporal_align_qa,2023,FAST,SAME,SAME,1,0,,SAME
p_q_91044e4b_2,heldout_400,q_91044e4b,What film does Thomas Lennon most recently appear in?,What movie has Thomas Lennon starred in recently?,temporal_align_qa,2023,FAST,SAME,SAME,1,0,,SAME
p_q_0095371b_0,heldout_400,q_0095371b,In which city was the ILCA 7 World Championship held?,Where the ILCA 7 World Championship took place?,temporal_align_qa,2023,FAST,SAME,SAME,1,0,,SAME
p_q_2c023058_3,heldout_400,q_2c023058,How many fatalities were reported as a result of the Atlantic hurricane season?,How many individuals perished due to the Atlantic hurricane season?,temporal_align_qa,2023,FAST,SAME,SAME,1,0,,SAME
p_q_534fcd60_3,heldout_400,q_534fcd60,How many novels has Stephen King published?,What is the count of novels Stephen King hasauthored?,freshqa,2023,FAST,SAME,SAME,1,0,,SAME
p_q_7889631c_0,heldout_400,q_7889631c,What is the name of the Spokesperson for the United States Department of State who represents the current administration?,What is the real identity of our administration Secretary of State?,temporal_align_qa,2023,MEDIUM,SAME,SAME,1,0,,SAME
p_q_4ec7b3d4_1,heldout_400,q_4ec7b3d4,Who holds the UAE Pro League top scorer title?,Which individual is considered the most successful player in Dubai Pro League cricket?,temporal_align_qa,2023,MEDIUM,DIFFERENT,DIFFERENT,1,0,,DIFFERENT
p_q_613da476_0,heldout_400,q_613da476,Who is the winner of the most recent Grandmaster Tournament at the Biel Chess Festival?,Awarded at the most recent Grandmaster Tournament of den vereinigten Schweizer Chess Fest in Biel.,temporal_align_qa,2023,MEDIUM,SAME,SAME,1,1,SAME,SAME
p_q_0df35e70_1,heldout_400,q_0df35e70,Who trained the winning horse of the Celebration Mile?,Who worked with the Horse that Socked on Pupa! Prize Races Celebration Mile?,temporal_align_qa,2023,MEDIUM,SAME,SAME,1,0,,SAME
p_q_e9470503_0,heldout_400,q_e9470503,Who is the current skip of the men's champion team in the CurlON Championships?,Who holds the title of your maverick and last in CurlON Championships (moncages) skip in history?,temporal_align_qa,2023,MEDIUM,SAME,DIFFERENT,0,0,,JUDGE_DISAGREEMENT
p_q_c6088f4c_2,heldout_400,q_c6088f4c,Which football club won the Kategoria e Parë championship title?,Which team or individual emerged as the champion of Kategoria e Par?,temporal_align_qa,2023,MEDIUM,SAME,SAME,1,0,,SAME
p_q_1ef14187_0,heldout_400,q_1ef14187,Which team took the victory at the most recent 12 Hours of Sebring race?,Who earned the championship title by setting new records for lap time at 12 hours of sebring?,temporal_align_qa,2023,MEDIUM,SAME,DIFFERENT,0,0,,JUDGE_DISAGREEMENT
p_q_25725075_0,heldout_400,q_25725075,Which team is the current champion of the Liga Departamental de Áncash?,Who won Liga Departamental de ncash gold?,temporal_align_qa,2023,MEDIUM,SAME,SAME,1,1,DIFFERENT,DIFFERENT
p_q_032b7664_1,heldout_400,q_032b7664,Who are presenting the trophy at the Kentucky Derby?,Who is achieving the milestone in being the owner of the Kentucky Derby crown?,temporal_align_qa,2023,MEDIUM,SAME,DIFFERENT,0,0,,JUDGE_DISAGREEMENT
p_q_039dd524_2,heldout_400,q_039dd524,From what school did the latest Dan Hodge Trophy winner come from?,In which academic setting did the recent Dan Hodge Trophy victorian make his outing?,temporal_align_qa,2023,MEDIUM,SAME,SAME,1,0,,SAME
p_q_268237ac_1,heldout_400,q_268237ac,Who was the jockey riding the winning horse in the latest Tenno Sho Autumn?,Who presented the outstanding mount in Tenno Sho Autumn #2?,temporal_align_qa,2023,MEDIUM,SAME,DIFFERENT,0,0,,JUDGE_DISAGREEMENT
p_q_33ca27e1_3,heldout_400,q_33ca27e1,Who was the jockey for the winning horse at the Musidora Stakes?,Who was chosen as the top horse by Warwick as colt’s third season winner at Musidora Stakes?,temporal_align_qa,2023,MEDIUM,SAME,DIFFERENT,0,0,,JUDGE_DISAGREEMENT
p_q_3f0409f7_0,heldout_400,q_3f0409f7,Which team was led by the most recent WNBA Coach of the Year Award winner?,"If they were up for the coveted Coach of Year Award in basketball, which team would have gone on to carry those players?",temporal_align_qa,2023,MEDIUM,SAME,SAME,1,0,,SAME
p_q_802fd2cb_1,heldout_400,q_802fd2cb,Who is the current head coach of C.D. Guadalajara?,Whopresently serves as the chief advisor for C.D. Guadalajaro?,temporal_align_qa,2023,MEDIUM,SAME,DIFFERENT,0,0,,JUDGE_DISAGREEMENT
p_q_33ca27e1_0,heldout_400,q_33ca27e1,Who was the jockey for the winning horse at the Musidora Stakes?,Who came out of the field with swedish Arabia in the Musidora Stakes?,temporal_align_qa,2023,MEDIUM,SAME,DIFFERENT,0,0,,JUDGE_DISAGREEMENT
p_q_7810cebf_0,heldout_400,q_7810cebf,Who is the current head coach of the Los Angeles Sparks?,Which management style does the leading guy at LA Sparks apply to?,temporal_align_qa,2023,MEDIUM,SAME,DIFFERENT,0,0,,JUDGE_DISAGREEMENT
p_q_039dd524_1,heldout_400,q_039dd524,From what school did the latest Dan Hodge Trophy winner come from?,Where did the Dan Hodge Trophy match happen?,temporal_align_qa,2023,MEDIUM,DIFFERENT,DIFFERENT,1,0,,DIFFERENT
p_q_2ac34d0d_1,heldout_400,q_2ac34d0d,Which jockey rode the winning horse in the most recent February Stakes?,Who was backing in the recent February Stakes victory?,temporal_align_qa,2023,MEDIUM,SAME,DIFFERENT,0,0,,JUDGE_DISAGREEMENT
p_q_a3b0afc4_2,heldout_400,q_a3b0afc4,Who is the leading scorer in the Israeli Basketball Premier League?,"Among the players from the Israeli Basketball Premier League, who is commonly întâlnied?",temporal_align_qa,2023,MEDIUM,DIFFERENT,DIFFERENT,1,0,,DIFFERENT
p_q_470d2d0f_2,heldout_400,q_470d2d0f,Who is the most recent recipient of the Edgar Martínez Award?,Can you tell me the name of the most recent award recipient for Edgar Martnez Awards?,temporal_align_qa,2023,MEDIUM,SAME,SAME,1,0,,SAME
p_q_4e2156f7_3,heldout_400,q_4e2156f7,Who is the coach of the team that won the most recent Úrvalsdeild karla (basketball) championship?,What is the team manager's name from the list that won the rvalsdeild karla (basketball) championship in 1998?,temporal_align_qa,2023,MEDIUM,SAME,DIFFERENT,0,0,,JUDGE_DISAGREEMENT
p_q_feab2243_2,heldout_400,q_feab2243,What role did John Noble play in his most recent television appearance?,Can you identify the reason for my recent interview with John Noble on TV?,temporal_align_qa,2023,MEDIUM,SAME,DIFFERENT,0,0,,JUDGE_DISAGREEMENT
p_q_80aff2cd_0,heldout_400,q_80aff2cd,Which team took the victory in the latest edition of the 24 Hours of Le Mans race?,Who secured the most significant advantage in the 24 Hours of Le Mans?,temporal_align_qa,2023,MEDIUM,SAME,SAME,1,0,,SAME
p_q_b91d68ca_2,heldout_400,q_b91d68ca,Which jockey rode the winning horse in the most recent Belmont Derby?,"Besides John Depp, who was the best performer in winning last year's Belmont Derby?",temporal_align_qa,2023,MEDIUM,SAME,DIFFERENT,0,0,,JUDGE_DISAGREEMENT
p_q_a9f6ddd4_2,heldout_400,q_a9f6ddd4,Who trained the winning horse of the most recent Hong Kong Sprint and in what country?,When and where did the winning horse at the recent Hong Kong Sprint stakes turn to?,temporal_align_qa,2023,MEDIUM,SAME,DIFFERENT,0,0,,JUDGE_DISAGREEMENT
p_q_7c47387f_2,heldout_400,q_7c47387f,Which character did Walton Goggins most recently portray on television?,At what point in time was Walton Goggins most commonly seen on television?,temporal_align_qa,2023,MEDIUM,SAME,DIFFERENT,0,0,,JUDGE_DISAGREEMENT
p_q_7378baa7_0,heldout_400,q_7378baa7,Who conducted the trophy presentation at the American League Championship Series?,Who designed the American League Championship Series MVP showcase?,temporal_align_qa,2023,MEDIUM,SAME,DIFFERENT,0,0,,JUDGE_DISAGREEMENT
p_q_f0b3ece2_2,heldout_400,q_f0b3ece2,Which team was the runner-up in the latest WSE Cup Finals?,Who suffered the most unfortunate defeat in the previous WSE Cup Finals?,temporal_align_qa,2023,MEDIUM,SAME,SAME,1,0,,SAME
p_q_12d05949_0,heldout_400,q_12d05949,Which jockey rode the winning horse in the latest Superlative Stakes?,Which jockey took the easy ride in setting up winning horse for today's Superlative Stakes?,temporal_align_qa,2023,MEDIUM,SAME,SAME,1,0,,SAME
p_q_c0c0cc7f_0,heldout_400,q_c0c0cc7f,What television series is Kevin Eldon a part of?,"When can we expect to see Kevin Eldon in a TV show, and what are those shows?",temporal_align_qa,2023,MEDIUM,SAME,DIFFERENT,0,0,,JUDGE_DISAGREEMENT
p_q_ec0efdba_2,heldout_400,q_ec0efdba,What character does Lyriq Bent portray on television?,Which account is written by Lyriq Bent for the TV series?,temporal_align_qa,2023,MEDIUM,SAME,DIFFERENT,0,0,,JUDGE_DISAGREEMENT
p_q_ed789c0a_0,heldout_400,q_ed789c0a,Who is the latest winner of the Spanish Grand Prix?,Whose car is most likely to win the Spanish Grand Prix on today's date?,temporal_align_qa,2023,MEDIUM,DIFFERENT,DIFFERENT,1,0,,DIFFERENT
p_q_a9520087_3,heldout_400,q_a9520087,What character is Dianne Pilkington portraying in her latest theatre performance?,"When this play of theatre actor Dianne Pilkington comes out tonight, for whom?",temporal_align_qa,2023,MEDIUM,SAME,DIFFERENT,0,0,,JUDGE_DISAGREEMENT
p_q_71ca7be1_1,heldout_400,q_71ca7be1,Which team is the current winner of the Super League (Ireland) National Cup?,Who is now the favourite to win the Super League (Ireland) National Cup of Champions?,temporal_align_qa,2023,MEDIUM,SAME,DIFFERENT,0,0,,JUDGE_DISAGREEMENT
p_q_618650f8_1,heldout_400,q_618650f8,Who is the current manager of US Monastir football team?,Which player currently leads the US Monastrium football team as its coach?,temporal_align_qa,2023,MEDIUM,SAME,SAME,1,0,,SAME
p_q_e7073d58_2,heldout_400,q_e7073d58,How many countries have recognized same-sex marriage?,In how many countries couples get legally married?,freshqa,2022,MEDIUM,SAME,DIFFERENT,0,0,,JUDGE_DISAGREEMENT
p_q_10399b97_0,heldout_400,q_10399b97,Which team does the top scorer of the 2. Liga in Slovakia play for?,What is the intended goal of Slovaquis top scorer in Slovakia's 2. Liga team?,temporal_align_qa,2023,MEDIUM,SAME,DIFFERENT,0,0,,JUDGE_DISAGREEMENT
p_q_02665be9_2,heldout_400,q_02665be9,Which television series does Damien Garvey appear in?,"I'm not familiar with Damien Garvey from TV, can you provide some insight?",temporal_align_qa,2023,MEDIUM,UNCLEAR,DIFFERENT,0,0,,JUDGE_DISAGREEMENT
p_q_be7863cd_3,heldout_400,q_be7863cd,What is the title of a current American animated television series available on Netflix?,I'm curious about the name of a fresh-released animated series from America on Netflix. Any recommendations?,temporal_align_qa,2023,MEDIUM,SAME,SAME,1,0,,SAME
p_q_bd8d50a7_3,heldout_400,q_bd8d50a7,Which athlete holds the third position in the most recent women's snowboard cross FIS Snowboard World Cup standings?,"Among the contestants in this year's FIS Snowboard World Cup, who has secured third place?",temporal_align_qa,2023,MEDIUM,SAME,SAME,1,0,,SAME
p_q_58db0825_2,heldout_400,q_58db0825,Which jockey rode the winning horse in the Southwest Stakes with a time of 1,When did the jockey score 1/1 for his fastest start in the Southwest Stakes?,temporal_align_qa,2023,MEDIUM,SAME,DIFFERENT,0,0,,JUDGE_DISAGREEMENT
p_q_39cd95a7_3,heldout_400,q_39cd95a7,Where will NeurIPS be located this year?,Where will be the NeurIPS in 2016?,freshqa,2023,MEDIUM,SAME,DIFFERENT,0,0,,JUDGE_DISAGREEMENT
p_q_145203c8_3,heldout_400,q_145203c8,Who was the jockey that rode the winning horse in the most recent Preis von Europa?,"During the most recent Preis von Europa race, which jockey was the one who owned the $900kgeld horse that emerged victorious?",temporal_align_qa,2023,MEDIUM,SAME,DIFFERENT,0,0,,JUDGE_DISAGREEMENT
p_q_d1fc1f80_0,heldout_400,q_d1fc1f80,Where is the hometown of the current Miss Hawaii?,Can you tell me the birth place of Miss Hawaii?,temporal_align_qa,2023,MEDIUM,SAME,SAME,1,0,,SAME
p_q_292449b7_1,heldout_400,q_292449b7,Who trained the winning horse of the most current Jeff Ruby Steaks?,Who was the trainer of choice for the winner of today's Jeff Ruby Steaks race?,temporal_align_qa,2023,MEDIUM,SAME,SAME,1,0,,SAME
p_q_cfdd4441_0,heldout_400,q_cfdd4441,Which school has the most recent Pop-Tarts Bowl MVP hailed from?,Which grade school took home the Pop-Tarts Bowl crown in all of sports?,temporal_align_qa,2023,MEDIUM,SAME,DIFFERENT,0,0,,JUDGE_DISAGREEMENT
p_q_8a614432_0,heldout_400,q_8a614432,What team finished in third place in the most recent NCAA Division I men's soccer tournament?,Which school was named the third-best team in the NCAA Division I men's soccer tournament?,temporal_align_qa,2023,MEDIUM,SAME,SAME,1,0,,SAME
p_q_d0a493c9_1,heldout_400,q_d0a493c9,Who is the current head coach of KK MZT Skopje?,Who is the Captain of KK MZT Skopje now?,temporal_align_qa,2023,MEDIUM,SAME,DIFFERENT,0,0,,JUDGE_DISAGREEMENT
p_q_8b7e079f_0,heldout_400,q_8b7e079f,Where was the last Women's PGA Championship held?,What was the following place for the Women's PGA Championship?,temporal_align_qa,2023,MEDIUM,SAME,DIFFERENT,0,0,,JUDGE_DISAGREEMENT
p_q_f0b3ece2_0,heldout_400,q_f0b3ece2,Which team was the runner-up in the latest WSE Cup Finals?,What is the second-most beaten team in this year's WSE Cup Final?,temporal_align_qa,2023,MEDIUM,SAME,SAME,1,0,,SAME
p_q_63335fe3_0,heldout_400,q_63335fe3,Who won the top division championship at the January sumo tournament in Tokyo?,What is the name of the leading sub division in the sumo tournament held at Tokyo during January?,temporal_align_qa,2023,MEDIUM,SAME,DIFFERENT,0,0,,JUDGE_DISAGREEMENT
p_q_60703185_3,heldout_400,q_60703185,Who is the champion driver of the Indian National Rally Championship?,Who are the drivers who have achieved success in winning Indian National Rally Championship?,temporal_align_qa,2023,MEDIUM,SAME,DIFFERENT,0,0,,JUDGE_DISAGREEMENT
p_q_78ed83ff_1,heldout_400,q_78ed83ff,What team is the current TC2000 Championship champion associated with?,What is the known team that has won all of these TC2000 Championships?,temporal_align_qa,2023,MEDIUM,SAME,SAME,1,0,,SAME
p_q_f7bf87d7_1,heldout_400,q_f7bf87d7,Which club did the top goalscorer in Ekstraklasa play for?,What club did the best goalscorer of Ekstraklasa join?,temporal_align_qa,2023,MEDIUM,SAME,SAME,1,0,,SAME
p_q_9bcda30d_2,heldout_400,q_9bcda30d,Who won the Sporting News Manager of the Year Award for the American League?,Which manager from the American League won the 2015 Sporting News Manager of The Year Award?,temporal_align_qa,2023,MEDIUM,SAME,SAME,1,0,,SAME
p_q_79f6b4eb_3,heldout_400,q_79f6b4eb,How many finalists were there in the most recent Archibald Prize competition?,How many contestants made it to the final round of the Archibald Prize?,temporal_align_qa,2023,MEDIUM,SAME,SAME,1,0,,SAME
p_q_57d1c01a_3,heldout_400,q_57d1c01a,Who is the current manager of FK Partizan?,Who is handling FK Partizan?,temporal_align_qa,2023,MEDIUM,SAME,SAME,1,0,,SAME
p_q_4ccc0c84_0,heldout_400,q_4ccc0c84,What is the car number of the A-GAME 200 winning vehicle?,What is the automobile model indicated in A-GAME 200 that won?,temporal_align_qa,2023,MEDIUM,SAME,DIFFERENT,0,0,,JUDGE_DISAGREEMENT
p_q_7b41f83f_3,heldout_400,q_7b41f83f,What is the name of the current co-recipient of the Eddy Choong Player of the Year award?,Who are both co-winners of the Eddy Choong Player of The Year award?,temporal_align_qa,2023,MEDIUM,SAME,SAME,1,0,,SAME
p_q_560436e5_2,heldout_400,q_560436e5,Who is the Sheffield Wednesday F.C. Player of the Year?,Which player has been successful in securing the recipient of the Sheffield Wednesday F.C. Player of Year award?,temporal_align_qa,2023,MEDIUM,SAME,SAME,1,0,,SAME
p_q_134c8d29_3,heldout_400,q_134c8d29,Who is serving as the chair of the Education Commission of the States?,Who manages the Education Commission of the States as its chairman?,temporal_align_qa,2023,MEDIUM,SAME,SAME,1,0,,SAME
p_q_75c9b763_1,heldout_400,q_75c9b763,What is the total purse for the most recent Women's British Open?,What was the complete amount of funds included in the winning package at this year's Women' British Open?,temporal_align_qa,2023,MEDIUM,SAME,SAME,1,0,,SAME
p_q_1480c99d_0,heldout_400,q_1480c99d,What school recently claimed the title in the Iowa High School Athletic Association Baseball Summer 3A State Tournament?,Which school was last in the Iowa High School Athletic Association Baseball Summer 3A State Tournament?,temporal_align_qa,2023,MEDIUM,SAME,DIFFERENT,0,0,,JUDGE_DISAGREEMENT
p_q_a3225b4a_0,heldout_400,q_a3225b4a,Who directed the latest Icelandic film submitted for the Academy Award for Best International Feature Film?,Which director recently made their first Film for the Academy Award - Best International Feature film in Iceland?,temporal_align_qa,2023,MEDIUM,SAME,SAME,1,0,,SAME
p_q_0bf77f06_0,heldout_400,q_0bf77f06,Who is the PFA Scotland Players' Player of the Year for the Scottish Championship?,PFA Scotland Players Player of Year Scottish Championship ?,temporal_align_qa,2023,MEDIUM,SAME,SAME,1,0,,SAME
p_q_20085526_2,heldout_400,q_20085526,Who is the National League Gold Glove Award winner for first base?,Who received the first base Gold Glove Award in the National League?,temporal_align_qa,2023,MEDIUM,SAME,SAME,1,0,,SAME
p_q_9ad1cf95_3,heldout_400,q_9ad1cf95,Who was the jockey riding the winning horse in the most recent Queen's Vase?,Which jockey's horse earned the crown in last year'' Queen'S Vase?,temporal_align_qa,2023,MEDIUM,SAME,SAME,1,0,,SAME
p_q_eead7ef7_1,heldout_400,q_eead7ef7,Who is the trainer of the Racking Horse that claimed the World Grand Champion title at the last Racking Horse World Celebration?,Who worked as the trainer for the Racking Horse that claimed the World Grand Champion title at the recent Racker World Celebration?,temporal_align_qa,2023,MEDIUM,SAME,SAME,1,0,,SAME
p_q_c354442b_3,heldout_400,q_c354442b,Who currently holds the position of Minister of Foreign Affairs in Madagascar?,Which individual presides as the Foreign Affairs Minister of Madagascar?,temporal_align_qa,2023,MEDIUM,SAME,SAME,1,0,,SAME
p_q_8aa09cab_1,heldout_400,q_8aa09cab,Which team's player is the current top scorer of 2. Bundesliga?,Who is presently the scorer in 2. Bundesliga?,temporal_align_qa,2023,MEDIUM,SAME,SAME,1,0,,SAME
p_q_995c0608_1,heldout_400,q_995c0608,Who is the main starting quarterback for the Florida Gators?,Who is the primary quarterback for the Florida Gators?,temporal_align_qa,2023,MEDIUM,SAME,SAME,1,0,,SAME
p_q_3e574628_1,heldout_400,q_3e574628,How many bonus points have the Highlanders achieved in their last reported rugby union season standings?,What is the rank of the Highlanders (to date) bonus points for rugby union season?,temporal_align_qa,2023,MEDIUM,SAME,SAME,1,0,,SAME
p_q_5eaf6b2e_0,heldout_400,q_5eaf6b2e,Which team took the victory in the Fresh From Florida 250?,Which team clinched the Fresh From Florida 250 title?,temporal_align_qa,2023,MEDIUM,SAME,SAME,1,0,,SAME
p_q_cfdd4441_2,heldout_400,q_cfdd4441,Which school has the most recent Pop-Tarts Bowl MVP hailed from?,Which school was most recently honored with the Pop-Tarts Bowl MVP award?,temporal_align_qa,2023,MEDIUM,SAME,SAME,1,0,,SAME
p_q_82aed09c_0,heldout_400,q_82aed09c,Who is the most recent winner of the Seiun Award for Best Artist?,Who recently took the Seiun award for Best Artist?,temporal_align_qa,2023,MEDIUM,SAME,SAME,1,1,SAME,SAME
p_q_f0b7eef3_2,heldout_400,q_f0b7eef3,Who is the most recent recipient of the Nancy Lieberman Award?,Who received the Nancy Lieberman Award lately?,temporal_align_qa,2023,MEDIUM,SAME,SAME,1,0,,SAME
p_q_c988b01c_2,heldout_400,q_c988b01c,Which country hosted the latest World Junior Speed Skating Championships?,What is the name of which country participated in the most recent World Junior Speed Skating Championships?,temporal_align_qa,2023,MEDIUM,SAME,SAME,1,0,,SAME
p_q_fc92fe13_3,heldout_400,q_fc92fe13,Which football team was the runner-up in the 2. Liga in Slovakia?,Which soccer team took the second spot in Slovakia's 2. Liga?,temporal_align_qa,2023,MEDIUM,SAME,SAME,1,0,,SAME
p_q_44acf3c6_0,heldout_400,q_44acf3c6,Which jockey rode the winning horse in the latest Del Mar Debutante Stakes?,Can you tell me who was the jockey behind the winning horse in the latest Del Mar Debutante Stakes?,temporal_align_qa,2023,MEDIUM,SAME,SAME,1,0,,SAME
p_q_787a3f9a_1,heldout_400,q_787a3f9a,Which skater received the bronze medal in the Novice B Ladies category at the Japan Junior Figure Skating Championships?,What is the name of the female skater who earned the bronze medal in the Novice B category at the Japan Junior Figure Skating Championships?,temporal_align_qa,2023,MEDIUM,SAME,SAME,1,0,,SAME
p_q_36d47c00_2,heldout_400,q_36d47c00,Which was the first country to detect a case of mpox in the most recent outbreak?,Name the country where with outbreak most recent membosis occurs first?,freshqa,2022,SLOW,SAME,DIFFERENT,0,0,,JUDGE_DISAGREEMENT
p_q_379e630f_0,heldout_400,q_379e630f,Which team is the current champion of the Georgian Superliga?,Who has retained their European football success throughout the Superliga season?,temporal_align_qa,2023,SLOW,SAME,SAME,1,0,,SAME
p_q_f861b3a0_2,heldout_400,q_f861b3a0,Who is the current representative for Oklahoma's 2nd congressional district?,Which congressional district in Oklahoma is currently the 14th highest electoral division?,temporal_align_qa,2023,SLOW,SAME,DIFFERENT,0,0,,JUDGE_DISAGREEMENT
p_q_ad4bef3e_1,heldout_400,q_ad4bef3e,What is the type of the Mars probe that has the most recent update on its status?,What is the version of this surface-to-1 spacecraft that holds the current status report?,temporal_align_qa,2023,SLOW,SAME,SAME,1,0,,SAME
p_q_fae0b0bb_2,heldout_400,q_fae0b0bb,Which team finished second in the National League East?,"Who secured the runner-up spot in Game 1, which team played second division game(s) of NLE?",temporal_align_qa,2023,SLOW,SAME,DIFFERENT,0,0,,JUDGE_DISAGREEMENT
p_q_5b859382_3,heldout_400,q_5b859382,Who are the analysts providing commentary for the Preakness Stakes?,Which track kickers are racing for the Preakness Stakes?,temporal_align_qa,2023,SLOW,DIFFERENT,DIFFERENT,1,0,,DIFFERENT
p_q_c51c0b2b_0,heldout_400,q_c51c0b2b,Who is the United States Representative for Arkansas's 4th congressional district?,What is the 7th congressional district in Arkansas according to US House of Representatives?,temporal_align_qa,2023,SLOW,SAME,DIFFERENT,0,0,,JUDGE_DISAGREEMENT
p_q_13b3027b_2,heldout_400,q_13b3027b,What is the most recent achievement of the Club La Matica basketball team?,What was the last game from Club La Matica (Hospital Vereinigung).?,temporal_align_qa,2023,SLOW,SAME,SAME,1,0,,SAME
p_q_2b61b711_1,heldout_400,q_2b61b711,Which team was the runner-up in the last Lietuvos krepšinio lyga season?,Final 2 lietuvos krepinio lyga season?,temporal_align_qa,2023,SLOW,SAME,SAME,1,0,,SAME
p_q_526494bb_0,heldout_400,q_526494bb,Which basketball team won the most recent BSN championship?,Newly mown basketball series (bsn): Who is this year's champion?,temporal_align_qa,2023,SLOW,SAME,SAME,1,0,,SAME
p_q_a64535bb_3,heldout_400,q_a64535bb,What is the current name of the men's handball team from Komló?,"Can you provide me with the name of the current ""Hindi handball team"" represented in Koblero?",temporal_align_qa,2023,SLOW,SAME,DIFFERENT,0,0,,JUDGE_DISAGREEMENT
p_q_a18ad11b_1,heldout_400,q_a18ad11b,Who is the current Republican leader in the United States House of Representatives?,To whom is the Republican ideal candidate currently sitting in Congress?,temporal_align_qa,2023,SLOW,SAME,SAME,1,0,,SAME
p_q_0abe1d0e_2,heldout_400,q_0abe1d0e,What was the number of conference wins achieved by the Clemson Tigers men's soccer team in their latest season?,Can you tell me the number of SEC men's football games they played and their number standing in ACC?,temporal_align_qa,2023,SLOW,DIFFERENT,DIFFERENT,1,0,,DIFFERENT
p_q_2e845b85_1,heldout_400,q_2e845b85,From which league was the latest number-one draft pick of the Australian Football League recruited?,What was the last lottery draft number in selection for Australian Football League?,temporal_align_qa,2023,SLOW,SAME,SAME,1,0,,SAME
p_q_56aea0d0_1,heldout_400,q_56aea0d0,Which team won the Algerian Women's Championship most recently?,Who won't be next at the Algerian Women Women Championship?,temporal_align_qa,2023,SLOW,DIFFERENT,DIFFERENT,1,0,,DIFFERENT
p_q_ac7fde07_1,heldout_400,q_ac7fde07,Who is the current IBF world welterweight champion?,Which boxer is up for the IBF world welter title in 2009?,temporal_align_qa,2023,SLOW,SAME,DIFFERENT,0,0,,JUDGE_DISAGREEMENT
p_q_f5380c95_0,heldout_400,q_f5380c95,What launch vehicle will be used for the upcoming Intelsat satellite launches?,Which booster will safely launch the next range of Intelsat satellite?,temporal_align_qa,2023,SLOW,SAME,SAME,1,0,,SAME
p_q_083bf58e_1,heldout_400,q_083bf58e,Who is the current kit supplier for the Peru national football team?,What is the current origin of Peru's soccer uniforms?,temporal_align_qa,2023,SLOW,SAME,SAME,1,0,,SAME
p_q_cf26826b_2,heldout_400,q_cf26826b,Which team won the most recent NCAA Women's Division I Swimming and Diving Championship?,"Last year, the final team crowned women's champions in Division I of NCAA. Which squad emerged victorious on Wednesday?",temporal_align_qa,2023,SLOW,SAME,SAME,1,0,,SAME
p_q_2b61b711_3,heldout_400,q_2b61b711,Which team was the runner-up in the last Lietuvos krepšinio lyga season?,Who won the second place position in last season's Lietuvos calendar 2014 League?,temporal_align_qa,2023,SLOW,SAME,SAME,1,0,,SAME
p_q_e5616ef7_3,heldout_400,q_e5616ef7,Which club is currently associated with one of the AFL players from South Australia?,Can you name a South Australian AFL team?,temporal_align_qa,2023,SLOW,SAME,SAME,1,0,,SAME
p_q_9edf5bd2_0,heldout_400,q_9edf5bd2,Who is the Treasurer of the Commonwealth of Pennsylvania?,Can you tell me about the Commonwealth of Pennsylvania and its representative?,temporal_align_qa,2023,SLOW,SAME,DIFFERENT,0,0,,JUDGE_DISAGREEMENT
p_q_3055ab76_1,heldout_400,q_3055ab76,Which team won the Syrian Cup in the latest final?,"By whom has the Syrian Cup been raised in February 2012, as of their recent win?",temporal_align_qa,2023,SLOW,SAME,DIFFERENT,0,0,,JUDGE_DISAGREEMENT
p_q_511a84fd_1,heldout_400,q_511a84fd,Which division is Jeanfield Swifts F.C. currently competing in?,In which clubhouse does Jeanfield Swifts F.C. occur?,temporal_align_qa,2023,SLOW,SAME,DIFFERENT,0,0,,JUDGE_DISAGREEMENT
p_q_2be2d65b_2,heldout_400,q_2be2d65b,At which athletics meet was the newest Puerto Rican record in heptathlon set?,"The Puerto Rican arch-rival in heptathlon, which athletics meet did the team participate in?",temporal_align_qa,2023,SLOW,UNCLEAR,DIFFERENT,0,0,,JUDGE_DISAGREEMENT
p_q_3055ab76_0,heldout_400,q_3055ab76,Which team won the Syrian Cup in the latest final?,Which region crowned the winner of the 2016 Syrian Cup?,temporal_align_qa,2023,SLOW,SAME,DIFFERENT,0,1,SAME,SAME
p_q_d62648af_1,heldout_400,q_d62648af,What is the source or reference for the circumstances surrounding the most recent death of a journalist in Bangladesh?,Who has been with the leading department or entity responsible for defining the last journalist's death in Bangladesh?,temporal_align_qa,2023,SLOW,SAME,DIFFERENT,0,0,,JUDGE_DISAGREEMENT
p_q_50156db6_0,heldout_400,q_50156db6,How many votes were against the initial Budget Implementation Act for the latest Canadian federal budget?,How many votes are all against the initial Budget Implementation Act's 1997 version?,temporal_align_qa,2023,SLOW,SAME,DIFFERENT,0,0,,JUDGE_DISAGREEMENT
p_q_91a992f1_1,heldout_400,q_91a992f1,"Who is currently serving an 86-year sentence at Federal Medical Center, Carswell?","Whose identity is considered to be protected by a bond of 86 years in Federal Medical Center, Carswell?",temporal_align_qa,2023,SLOW,SAME,SAME,1,0,,SAME
p_q_53e77e63_0,heldout_400,q_53e77e63,How many games are there in the Ace Attorney main series?,How many contestants occupy the Ace Attorney main series?,freshqa,before 2022,SLOW,DIFFERENT,DIFFERENT,1,0,,DIFFERENT
p_q_ba4e488d_2,heldout_400,q_ba4e488d,How did the current representative for Indiana's 9th congressional district come into office?,Can you explain the procedure followed to choose an Indiana Representative for the 9th congressional district?,temporal_align_qa,2023,SLOW,SAME,DIFFERENT,0,0,,JUDGE_DISAGREEMENT
p_q_c685de49_3,heldout_400,q_c685de49,Which company is currently sponsoring AC Milan's shirts?,Who is currently stocking up on AC Milan's jersey sales?,temporal_align_qa,2023,SLOW,SAME,DIFFERENT,0,0,,JUDGE_DISAGREEMENT
p_q_aca03251_3,heldout_400,q_aca03251,Which team won the Mid-Ohio Athletic Conference Football Championship in the Blue Division?,Which team clinched the Mid-Ohio Athletic Conference Football Championship in Division 13?,temporal_align_qa,2023,SLOW,SAME,DIFFERENT,0,0,,JUDGE_DISAGREEMENT
p_q_f070a7a3_3,heldout_400,q_f070a7a3,Who is the first studio analyst on the NFL Today show?,Who is the title sponsor of the studio analyst spotlight on NFL Today show?,temporal_align_qa,2023,SLOW,SAME,DIFFERENT,0,0,,JUDGE_DISAGREEMENT
p_q_bd3daa9d_0,heldout_400,q_bd3daa9d,Which organization's Mars probe is currently en route to its destination?,What firm is currently sending a research crew to Mars?,temporal_align_qa,2023,SLOW,SAME,DIFFERENT,0,0,,JUDGE_DISAGREEMENT
p_q_5b859382_2,heldout_400,q_5b859382,Who are the analysts providing commentary for the Preakness Stakes?,What are the names of the TV announcers covering the Preakness Stakes?,temporal_align_qa,2023,SLOW,SAME,SAME,1,0,,SAME
p_q_5abb871e_2,heldout_400,q_5abb871e,Which team does the latest Performance Index Rating leader of the Greek Basket League play for?,"According to the current Greek Basket League Performance Index Rating, which team will be competing for the best group?",temporal_align_qa,2023,SLOW,SAME,DIFFERENT,0,0,,JUDGE_DISAGREEMENT
p_q_1ff720ce_2,heldout_400,q_1ff720ce,From which state is the senator who currently has the Candy Desk in the United States Senate?,"With whom does the candy desk of the united states senators (e.g.), which one's state?",temporal_align_qa,2023,SLOW,SAME,SAME,1,0,,SAME
p_q_261a287e_0,heldout_400,q_261a287e,Which team won the National League East division?,Which team secured the highest point in the National League East?,temporal_align_qa,2023,SLOW,SAME,SAME,1,0,,SAME
p_q_5ee0c56a_2,heldout_400,q_5ee0c56a,What is the most recent massacre that took place in Ethiopia?,What was the latest natural disaster in Ethiopia?,temporal_align_qa,2023,SLOW,DIFFERENT,DIFFERENT,1,0,,DIFFERENT
p_q_e619abe5_1,heldout_400,q_e619abe5,Which famous soccer player of Brazil passed away recently?,"Presently, who is the renowned soccer athlete from Brazil?",freshqa,2022,SLOW,DIFFERENT,SAME,0,0,,JUDGE_DISAGREEMENT
p_q_4e2929ec_0,heldout_400,q_4e2929ec,How many humans have landed on Mars?,How many people have stumbled upon Mars?,freshqa,before 2022,SLOW,DIFFERENT,DIFFERENT,1,0,,DIFFERENT
p_q_7dd95f30_3,heldout_400,q_7dd95f30,Who hosted BBC Scotland's most recent Hogmanay celebration broadcast?,What team did they send in for the recent Hogmanay celebration airing from BBC Scotland?,temporal_align_qa,2023,SLOW,SAME,DIFFERENT,0,0,,JUDGE_DISAGREEMENT
p_q_0862570f_2,heldout_400,q_0862570f,Who holds the position of representative for Utah's 4th congressional district?,What district includes Utah's 4th congressional area?,temporal_align_qa,2023,SLOW,SAME,SAME,1,0,,SAME
p_q_5e06e717_3,heldout_400,q_5e06e717,Who is the most recent champion of the Boston Marathon Men's wheelchair division?,Who is the previous sensational participant of Boston Marathon Men WM wheelchair race?,temporal_align_qa,2023,SLOW,SAME,DIFFERENT,0,0,,JUDGE_DISAGREEMENT
p_q_36e2eae5_1,heldout_400,q_36e2eae5,Who is currently serving as the U.S. Representative for Maine's 2nd congressional district?,Please inform me about the representative of Maine's 2nd congressional district.,temporal_align_qa,2023,SLOW,SAME,SAME,1,0,,SAME
p_q_eb7ff4b6_1,heldout_400,q_eb7ff4b6,Which team was the runner-up in the latest NCAA Men's Water Polo Championship?,Which national team won the penultimate NCAA Men's Water Polo Championship?,temporal_align_qa,2023,SLOW,SAME,DIFFERENT,0,0,,JUDGE_DISAGREEMENT
p_q_fc04cade_2,heldout_400,q_fc04cade,Which team does the most recent Lady Byng Memorial Trophy winner belong to?,Could you tell me the title of Lady Byng Memorial Trophy winner?,temporal_align_qa,2023,SLOW,SAME,DIFFERENT,0,0,,JUDGE_DISAGREEMENT
p_q_379e630f_3,heldout_400,q_379e630f,Which team is the current champion of the Georgian Superliga?,Who has clinched the title of Superliga (Georgia)?,temporal_align_qa,2023,SLOW,SAME,SAME,1,1,SAME,SAME
p_q_8dc147d0_0,heldout_400,q_8dc147d0,In what country was the most recent winner of the Nobel Prize for Literature born?,Which nation recently awarded the Nobel Prize for Literature?,freshqa,2023,SLOW,SAME,SAME,1,0,,SAME
p_q_ecea34ae_3,heldout_400,q_ecea34ae,Which team was the runner-up in the latest North Kerry Senior Football Championship final?,Which team was dropped off the positions as finalists for the North Kerry Senior Football Championship this year?,temporal_align_qa,2023,SLOW,SAME,DIFFERENT,0,0,,JUDGE_DISAGREEMENT
p_q_8d51049f_1,heldout_400,q_8d51049f,In which division is Westfields F.C. currently playing?,In which North American Premiership is Westfields F.C. currently occupying?,temporal_align_qa,2023,SLOW,SAME,SAME,1,0,,SAME
p_q_eed8ece1_3,heldout_400,q_eed8ece1,Where was the most recent UK Championship final played?,Which team emerged victorious in the latest version of UK Championship final?,temporal_align_qa,2023,SLOW,SAME,DIFFERENT,0,0,,JUDGE_DISAGREEMENT
p_q_03f72c57_0,heldout_400,q_03f72c57,Where was the last FA Trophy final held?,When was the ultimate FA Trophy competition held?,temporal_align_qa,2023,SLOW,SAME,DIFFERENT,0,0,,JUDGE_DISAGREEMENT
p_q_424c03e3_2,heldout_400,q_424c03e3,Who was Craig Lowndes' co-driver in the last race he participated in the Bathurst 1000?,"In the past Bathurst 1000 race, which driver joined Craig Lowndes for all to pass?",temporal_align_qa,2023,SLOW,SAME,SAME,1,0,,SAME
p_q_63a44892_2,heldout_400,q_63a44892,Which team won the Estonian Supercup?,Who came out on top in the Estonian Supercup?,temporal_align_qa,2023,SLOW,SAME,SAME,1,0,,SAME
p_q_e63f6e9e_3,heldout_400,q_e63f6e9e,Which football club won the KNVB Women's Cup most recently?,What football team have they lifted the KNVB Women's Cup recently?,temporal_align_qa,2023,SLOW,SAME,SAME,1,0,,SAME
p_q_ffc74be2_1,heldout_400,q_ffc74be2,Who is the current Director of the Indian Association for the Cultivation of Science?,Who is responsible for heading the Indian Association for the Cultivation of Science?,temporal_align_qa,2023,SLOW,SAME,SAME,1,0,,SAME
p_q_8bfaeff4_2,heldout_400,q_8bfaeff4,Which areas are currently included in California's 48th congressional district?,Currently which are the parts in California's 48th congressional district?,temporal_align_qa,2023,SLOW,SAME,SAME,1,0,,SAME
p_q_b6e5a108_0,heldout_400,q_b6e5a108,Which school won the NSW Union of Ex-Oarswomen Rose Evans trophy?,Specifically which school received and was the recipient of members winning NSW Union Of Ex-Oarswomen Rose Evans trophy?,temporal_align_qa,2023,SLOW,SAME,SAME,1,0,,SAME
p_q_2053c0d3_3,heldout_400,q_2053c0d3,Who is the current Professional Referee of the Year in Belgian professional football?,Who is the current professional football referee and Professional refereed team leader in Belgian Prof?,temporal_align_qa,2023,SLOW,SAME,SAME,1,0,,SAME
p_q_25a74024_0,heldout_400,q_25a74024,Who is one of the current hosts of Vision Australia's Carols by Candlelight?,Who currently presents the new series of Carols for Vision Australia by Candlelight?,temporal_align_qa,2023,SLOW,SAME,SAME,1,0,,SAME
p_q_d3e5ec72_3,heldout_400,q_d3e5ec72,In which city was the most recent Texas State Open played?,What was the last hosting city for the Texas State Open?,temporal_align_qa,2023,SLOW,SAME,SAME,1,0,,SAME
p_q_02819f41_3,heldout_400,q_02819f41,"What is the name of the principal currently in office at St Clare's College, Waverley?",Who is the current head of schools at St Clare's College in Waverley and how long has this tenure gone to?,temporal_align_qa,2023,SLOW,SAME,DIFFERENT,0,0,,JUDGE_DISAGREEMENT
p_q_f1c6af26_3,heldout_400,q_f1c6af26,What is the name of the tallest building in Bangalore?,Who occupies the top spot as Bangalore's tallest skyscraper?,temporal_align_qa,2023,SLOW,SAME,SAME,1,0,,SAME
p_q_8fb47752_2,heldout_400,q_8fb47752,In what city was the person currently acting as the U.S. speaker of house born?,Which city has the speaker of house now born in America?,freshqa,2023,SLOW,SAME,SAME,1,0,,SAME
p_q_7a065d8f_1,heldout_400,q_7a065d8f,Who are the color commentators for the NBA Finals broadcast on national radio?,Do any recognized color commentators participate in the national broadcast of NBA Finals?,temporal_align_qa,2023,SLOW,SAME,SAME,1,0,,SAME
p_q_2fafc2f1_0,heldout_400,q_2fafc2f1,Who is the current head coach of Stade Malherbe Caen?,"The person who is acting as the coach for Stade Malherbe Caen, what are his current position?",temporal_align_qa,2023,SLOW,SAME,SAME,1,0,,SAME
p_q_4882dc27_3,heldout_400,q_4882dc27,Who is the current head coach of the Iceland men's national handball team?,Who is the current manager of Iceland's well-known men' team in handball?,temporal_align_qa,2023,SLOW,SAME,SAME,1,0,,SAME
p_q_e4dd7c4d_0,heldout_400,q_e4dd7c4d,What team secured the British Basketball League Trophy?,Which team claimed the British Basketball League Trophy?,temporal_align_qa,2023,SLOW,SAME,SAME,1,0,,SAME
p_q_adf4be31_0,heldout_400,q_adf4be31,Who is the present principal of Ranabima Royal College?,Who is currently heading Ranabima Royal College as an principal?,temporal_align_qa,2023,SLOW,SAME,SAME,1,0,,SAME
p_q_ecea34ae_0,heldout_400,q_ecea34ae,Which team was the runner-up in the latest North Kerry Senior Football Championship final?,Who claimed the second place in the most recent North Kerry Senior Football Championship final?,temporal_align_qa,2023,SLOW,SAME,SAME,1,0,,SAME
p_q_0c7e44a5_0,heldout_400,q_0c7e44a5,Who is the current senator representing the Lagos West Senatorial District?,Can you tell me the name of the current senator from Lagos West Senatorial District?,temporal_align_qa,2023,SLOW,SAME,SAME,1,0,,SAME
p_q_37fa4f89_0,heldout_400,q_37fa4f89,Who is currently serving as the Attorney General of Texas?,Who holds the position of Attorney General in Texas at presently?,temporal_align_qa,2023,SLOW,SAME,SAME,1,0,,SAME
p_q_8892bc4b_2,heldout_400,q_8892bc4b,Where was the BBL Trophy Final most recently held?,Where did the BBL Trophy Final occur most recently?,temporal_align_qa,2023,SLOW,SAME,SAME,1,0,,SAME
p_q_7be67437_0,heldout_400,q_7be67437,Who is the current kit manufacturer for Trabzonspor?,What company is presently in charge of producing the Trabzonspor kit?,temporal_align_qa,2023,SLOW,SAME,SAME,1,0,,SAME
p_q_36e2eae5_2,heldout_400,q_36e2eae5,Who is currently serving as the U.S. Representative for Maine's 2nd congressional district?,Who currently holds the 2nd congressional district in Maine's U.S. Representative position?,temporal_align_qa,2023,SLOW,SAME,SAME,1,0,,SAME
p_q_3cae62d9_1,heldout_400,q_3cae62d9,Who is the current representative for Calgary-Shaw in the Legislative Assembly?,Who represents Calgary-Shaw in the Legislative Assembly at present?,temporal_align_qa,2023,SLOW,SAME,SAME,1,0,,SAME
p_q_baf11e36_2,heldout_400,q_baf11e36,Which party does the current second deputy speaker of the Parliament of Finland represent?,With which political party is the second deputy speaker of Finland's Parliament in position?,temporal_align_qa,2023,SLOW,SAME,SAME,1,0,,SAME
p_q_2e0c6ace_2,heldout_400,q_2e0c6ace,Who is currently serving as the Secretary of the Pennsylvania Department of Health?,Who currently holds the position of Secretary in the Pennsylvania Department of Health?,temporal_align_qa,2023,SLOW,SAME,SAME,1,0,,SAME
p_q_593f6d73_3,heldout_400,q_593f6d73,What is the name of the school that came in eighth in the South Australian Head of the River race?,What is the identity of the school that secured the eighth position in the South Australian Head Of The River race?,temporal_align_qa,2023,SLOW,SAME,SAME,1,0,,SAME
p_q_dd9fd589_2,heldout_400,q_dd9fd589,How many tornadoes were classified as F3/EF3?,How many tornados met classification F3/EF3?,temporal_align_qa,2023,SLOW,SAME,SAME,1,0,,SAME
p_q_69f7cd76_3,heldout_400,q_69f7cd76,Who is the current representative of Michigan's 7th congressional district?,Which politician currently serves in Michigan's 7th congressional district?,temporal_align_qa,2023,SLOW,SAME,SAME,1,0,,SAME
p_q_9432e97c_0,heldout_400,q_9432e97c,"Whose likeness did Republicans propose putting on the dime, in 2003?",Who was the closest friend that Republicans raised in 2003?,triviaqa,,TIMELESS,DIFFERENT,DIFFERENT,1,0,,DIFFERENT
p_q_fd2b644e_0,heldout_400,q_fd2b644e,"Batting, Cornerstones, Sashing and Layer Cake are all terms used in which handicraft?","Batting, Cornerstones, Sashing and Layer Cake are all related terms used in popular history to describe building activities.",triviaqa,,TIMELESS,SAME,DIFFERENT,0,0,,JUDGE_DISAGREEMENT
p_q_008dbbf5_1,heldout_400,q_008dbbf5,"The cyclepath/footpath in Devon which follows the Rivers Taw and Torridge is named after which eponymous persecuted animal in the 1926 book by Henry Williamson, made into a film in 1979?","Determine the name of the animal that was targeted by London's Rivers Taw in Henry Williamson'Stormy Cat series? Also, note down The Ballston Road is located on England House.",triviaqa,,TIMELESS,SAME,DIFFERENT,0,0,,JUDGE_DISAGREEMENT
p_q_cff65f30_2,heldout_400,q_cff65f30,The babirusa is a wild variety of which domesticated animal?,"What carnivorous creature is commonly referred to as the ""babirusa,"" specifically known as this one?",triviaqa,,TIMELESS,SAME,SAME,1,0,,SAME
p_q_fc47ce8e_3,heldout_400,q_fc47ce8e,On what date did the Berlin Wall fall?,Do you know when the building of Berlin was destroyed?,freshqa,before 2022,TIMELESS,SAME,DIFFERENT,0,0,,JUDGE_DISAGREEMENT
p_q_b6529205_3,heldout_400,q_b6529205,"Bort or boart refers to waste/inferior what, used for industrial purposes?",What is the related international occupational term for wasted substance?,triviaqa,,TIMELESS,SAME,DIFFERENT,0,0,,JUDGE_DISAGREEMENT
p_q_8f04e897_0,heldout_400,q_8f04e897,In cricket what score is known as 'Nelson'?,What value of dismissal do you give to a ball in the game of cricket?,triviaqa,,TIMELESS,SAME,DIFFERENT,0,0,,JUDGE_DISAGREEMENT
p_q_9ffc1ed9_0,heldout_400,q_9ffc1ed9,"""The opening sequence of the film """"Airplane"""" (also entitled """"Flying High"""") is a parody of which film?""","""The title of the film (title) called its opening scene a parody?"" Related Responses: Where did all these scenes come together on one page, just in case. Besides this movie (by Disney Universal fame), it might make some good standalone extracts because we're supposed to be films from 80 Quirky Parties.""",triviaqa,,TIMELESS,DIFFERENT,DIFFERENT,1,0,,DIFFERENT
p_q_6e543930_1,heldout_400,q_6e543930,The land of Azeroth features in which video game?,Where can we find a simulation of world building in The Land of Azeroth game development?,triviaqa,,TIMELESS,SAME,DIFFERENT,0,0,,JUDGE_DISAGREEMENT
p_q_f618e806_2,heldout_400,q_f618e806,In which US city is the National Air and Space Museum?,"What is the designated area of the National Air and Space Museum in Los Angeles, California?",triviaqa,,TIMELESS,DIFFERENT,DIFFERENT,1,0,,DIFFERENT
p_q_c9965b56_2,heldout_400,q_c9965b56,"During the 1900s, Olivetti, Olympia, Underwood, Smith Corona, and Remington were famous makers of?","I'm curious to know who made famous chairs from Olivetti, Olympia and the six Arms established in Italy starting in the 1900.",triviaqa,,TIMELESS,SAME,DIFFERENT,0,1,DIFFERENT,DIFFERENT
p_q_35e41392_1,heldout_400,q_35e41392,"Which constellation, that lies between Cancer and Virgo, contains the stars called Regulus, Denebola, Regulus, Wolf 359, Gliese 436, and Algieba?","Which constellation has stars including the Aztec Aphoris, Asheroes, Radius and Argentores; Regulus, Denebola; Wolf, Geishinia, Galaxie, Bengalium, Freud, Algieba?",triviaqa,,TIMELESS,SAME,DIFFERENT,0,0,,JUDGE_DISAGREEMENT
p_q_83e37c6e_2,heldout_400,q_83e37c6e,"""""""The quality of mercy is not strained, It droppeth as the gentle rain from heaven"""" is spoken by which Shakespearean character?""","In which Shakespeare play does the line, ""Let there be no contrived obstructed light,"" speak with which strand of mercy only chill like ""trembling on water ... Tucumlum""?",triviaqa,,TIMELESS,SAME,DIFFERENT,0,0,,JUDGE_DISAGREEMENT
p_q_9f07f1e2_3,heldout_400,q_9f07f1e2,'Red Lion' was for may years accepted as the most popular pubname in Great Britain. What pub name has now succeeded this?,"During the 50s, Red Lion and the Greyhound were followed by Yellow London before Everton. Which pub is considered to have been more popular?",triviaqa,,TIMELESS,SAME,DIFFERENT,0,0,,JUDGE_DISAGREEMENT
p_q_3a68f125_0,heldout_400,q_3a68f125,Which official knocks three times on the doors to the chamber of the House of Commons at the state opening of a British parliament?,"In public viewings, which government spokesperson challenges the topic by knocking on three chances when the House of Commons is opened?",triviaqa,,TIMELESS,SAME,DIFFERENT,0,0,,JUDGE_DISAGREEMENT
p_q_2ba29c4f_0,heldout_400,q_2ba29c4f,Who was the US Attorney General to J F Kennedy?,Who was the personal assistant to J F Kennedy as her legal representative in Washington D.C.?,triviaqa,,TIMELESS,SAME,DIFFERENT,0,0,,JUDGE_DISAGREEMENT
p_q_3122ceda_0,heldout_400,q_3122ceda,"According to the Bible, what are three theological virtues?",Provide the Bible's advice on three positive aspects pertaining to theology.,triviaqa,,TIMELESS,SAME,SAME,1,0,,SAME
p_q_2db8b371_3,heldout_400,q_2db8b371,Which year saw the dissolution of the Soviet Union?,When was Soviet Union to collapse?,triviaqa,,TIMELESS,SAME,SAME,1,0,,SAME
p_q_8ea4bd29_2,heldout_400,q_8ea4bd29,In which country is the Great Sandy Desert,"Have you ever mapped out the Great Sandy Desert, and where in terms of geography it is situated?",triviaqa,,TIMELESS,SAME,DIFFERENT,0,0,,JUDGE_DISAGREEMENT
p_q_a867a828_1,heldout_400,q_a867a828,How many points would you get for the word Scrabble in a game of Scrabble?,What is the rating system for a word used in Scrabble during scrubbing?,triviaqa,,TIMELESS,SAME,DIFFERENT,0,0,,JUDGE_DISAGREEMENT
p_q_86cdf888_2,heldout_400,q_86cdf888,What is the SI unit of temperature?,Which is the central heating unit in Standard Industrial Unit (SI)?,triviaqa,,TIMELESS,SAME,DIFFERENT,0,0,,JUDGE_DISAGREEMENT
p_q_4efb2d83_3,heldout_400,q_4efb2d83,"What name was given to Colleen LaRose, who was accused of conspiring with fighters overseas and pledging to commit murder in the name of a Muslim holy war, and pleaded not guilty in court in Philadelphia in March 2010?","What was the name of Colleen LaRose, known to her mother and sister for supposedly agreeing to participate in a proxy war with international fighters and offering fatalities in it in the interest of US citizens involved in Mahomet's holy War?",triviaqa,,TIMELESS,SAME,SAME,1,0,,SAME
p_q_5cb9d6ad_2,heldout_400,q_5cb9d6ad,"""Who played the title role in Woody Allen's film """"Annie Hall""""?""","Whose appearance was made in Woody Allen's 1902 picture ""Annie Hall"" and how did they achieve that recognition?",triviaqa,,TIMELESS,SAME,DIFFERENT,0,0,,JUDGE_DISAGREEMENT
p_q_bbdfff0f_2,heldout_400,q_bbdfff0f,What was the first operational image taken by the James Webb Space Telescope?,What was the primary working representation captured by the James Webb Space Telescope?,freshqa,2022,TIMELESS,SAME,SAME,1,0,,SAME
p_q_90cb856a_3,heldout_400,q_90cb856a,Which Cornish cheese uses nettles as an ingredient?,Do you know of any Swiss cheese made using nettles?,triviaqa,,TIMELESS,SAME,DIFFERENT,0,0,,JUDGE_DISAGREEMENT
p_q_7a2157d8_3,heldout_400,q_7a2157d8,"What possession of 'wild west' star Annie Oakley sold at a 2012 auction for $143,000?","Seeking information on Annie Oakley's possession that peaked at the 2012 auction for $143,000.",triviaqa,,TIMELESS,SAME,SAME,1,0,,SAME
p_q_cb9cc202_0,heldout_400,q_cb9cc202,In what year was Alaska sold to the US?,When was occupied by Alaska all over the US?,triviaqa,,TIMELESS,DIFFERENT,DIFFERENT,1,0,,DIFFERENT
p_q_c6b40080_1,heldout_400,q_c6b40080,Which bird of the pigeon family was found in huge numbers in North America until the 19th century but then went into decline due to hunting and became extinct in 1914?,Which species of pigeon was present in North America for many years until the 19th century but underwent scientific destruction as a result of hunting?,triviaqa,,TIMELESS,SAME,SAME,1,0,,SAME
p_q_df1576bb_1,heldout_400,q_df1576bb,Which former Big Brother contestant who was famous for quotes such as what is the opposite of opposite? and do fish get thirsty? and later went on to present Braniac: Science Abuse on Sky television?,"Which previous guest made an appearance on Big Brother who was famous for his humorous monologues regarding the opposite of words and doll effects differ at times, as well as being one of the presenters of Braniac: Science Abuse on Sky TV?",triviaqa,,TIMELESS,SAME,SAME,1,0,,SAME
p_q_2a87233c_3,heldout_400,q_2a87233c,"Little Big Horn, the scene of Custer's last stand, is in which US state?",In which state does Custer's final stand took place from on l.a. of Little Buenaventura?,triviaqa,,TIMELESS,SAME,DIFFERENT,0,0,,JUDGE_DISAGREEMENT
p_q_dbf0307d_2,heldout_400,q_dbf0307d,A 'Chorkie' is a dog hybrid obtained by crossing a Yorkshire Terrier with which other breed?,"What type of crossbreed is a suitable match for 'Chorkies', or other types of dog hybrids?",triviaqa,,TIMELESS,SAME,SAME,1,0,,SAME
p_q_3484eada_3,heldout_400,q_3484eada,"As at January 2015 who is the only person to have held all the major offices of State in the UK – Prime Minister, Chancellor of the Exchequer, Foreign Secretary and Home Secretary","Since January 2015, who occupied all major positions of State in the UK (Prime Minister, Chancellor of the Exchequer, Foreign Secretary and Home secretary), is known to man?",triviaqa,,TIMELESS,SAME,DIFFERENT,0,0,,JUDGE_DISAGREEMENT
p_q_b38e651d_3,heldout_400,q_b38e651d,What air mattress genericized trademark is a portmanteau of its two-word description?,What is some air mattress that was genericized into 2 words using only two short prefixes as a descriptor?,triviaqa,,TIMELESS,SAME,SAME,1,0,,SAME
p_q_c9965b56_3,heldout_400,q_c9965b56,"During the 1900s, Olivetti, Olympia, Underwood, Smith Corona, and Remington were famous makers of?","With whom was this motorcycle made famous in the 20th century: Olivetti, Olympia, Underwood, Smith Corona and Remington?",triviaqa,,TIMELESS,SAME,DIFFERENT,0,0,,JUDGE_DISAGREEMENT
p_q_8f04e897_1,heldout_400,q_8f04e897,In cricket what score is known as 'Nelson'?,What is the significance of the name 'Nelson' in cricket?,triviaqa,,TIMELESS,SAME,SAME,1,1,SAME,SAME
p_q_bc586d32_0,heldout_400,q_bc586d32,How many rings are on the Audi car logo?,How many bezels are there on an Audi logo?,triviaqa,,TIMELESS,SAME,SAME,1,0,,SAME
p_q_ddf45443_3,heldout_400,q_ddf45443,Which North Sea port lies at the mouth of the Riyer Esk?,Identify the port located at the Riyer Esk’s estuary.,triviaqa,,TIMELESS,SAME,SAME,1,0,,SAME
p_q_52507e09_0,heldout_400,q_52507e09,I what year did the 'Cod' war between Britain and Iceland begin?,When did the war with Britain over named 'Cod' started?,triviaqa,,TIMELESS,SAME,SAME,1,0,,SAME
p_q_30cbc023_2,heldout_400,q_30cbc023,"Herodotus, one of the earliest writers now to be called a historian, lived when?","At which time in history did Herodotus, a former writer considered one of the country's premiere historians, begin his work?",triviaqa,,TIMELESS,SAME,SAME,1,0,,SAME
p_q_50abcf1d_0,heldout_400,q_50abcf1d,"Britain's first stretch of motorway, opened in December 1958, bypassed which town (now officially a city) ?",Which city in Britain was excluded from the first-ever motorway route when it opened up in December 1958?,triviaqa,,TIMELESS,SAME,SAME,1,0,,SAME
p_q_2d02fb45_2,heldout_400,q_2d02fb45,The Tyrol is a region in which mountain range?,What is the appellation of the mountain range that encompasses Tyrol?,triviaqa,,TIMELESS,SAME,SAME,1,0,,SAME
p_q_746185c8_2,heldout_400,q_746185c8,"Ngati Toa, a New Zealand tribal group won the intellectual property rights to what?","Which territory of intellectual property rights were awarded to the Ngati Toa, a Native people living in New Zealand?",triviaqa,,TIMELESS,SAME,SAME,1,0,,SAME
p_q_bf2150c7_3,heldout_400,q_bf2150c7,"Wroxeter, the site of the Roman city of Viroconium Cornoviorum, is in which English county?","What part of England is Wroxeter, the location where the Roman city of Viroconium Cornoviorum grew?",triviaqa,,TIMELESS,SAME,SAME,1,0,,SAME
p_q_2d2c3ec0_0,heldout_400,q_2d2c3ec0,"November 27, 1701 saw the birth of a Swedish astronomer, who proposed what temperature scale where in which water freezes at 0 degrees and boils at 100 degrees?","The theory behind the temperature scale where water freezes at 0 degrees and boils 100 degrees was first introduced by a Swedish astronomer on November 27, 1701.",triviaqa,,TIMELESS,SAME,SAME,1,0,,SAME
p_q_98d7f7da_2,heldout_400,q_98d7f7da,The 'degree' symbol ° indicates what variation of a musical chord?,What is the degree of a musical chord represented by the special notation °?,triviaqa,,TIMELESS,SAME,SAME,1,0,,SAME
p_q_2d02fb45_1,heldout_400,q_2d02fb45,The Tyrol is a region in which mountain range?,Does the Tyrol region encompass a mountain range?,triviaqa,,TIMELESS,SAME,DIFFERENT,0,0,,JUDGE_DISAGREEMENT
p_q_384b354b_0,heldout_400,q_384b354b,"As at 2012 Nisiyama Onsen Keiunkan, a hot spring hotel in Hayakawa, Yamanashi, Japan, is officially regarded as being what world-record-holding business?","In 2012, Nisiyama Onsen Keiunkan in Hayakawa, Yamanashi, Japan is declared as the world-record-breaking hotel. What company holds this record?",triviaqa,,TIMELESS,SAME,SAME,1,0,,SAME
p_q_e3c14282_1,heldout_400,q_e3c14282,Which tendon joins the calf muscle to the heel bone,The Achilles' tendon that links the calf muscle to the heel bone?,triviaqa,,TIMELESS,SAME,SAME,1,0,,SAME
p_q_41540d4e_2,heldout_400,q_41540d4e,What unusual means of transport connects North Greenwich to the Royal Docks?,Is there a distinctive route between the Royal Docks and North Greenwich?,triviaqa,,TIMELESS,SAME,DIFFERENT,0,0,,JUDGE_DISAGREEMENT
p_q_885ecd41_0,heldout_400,q_885ecd41,"What was the first name of Mr. Braille, who devised a system allowing blind people to read and write?",Can you tell me the original name of Mr. Braille who invented a way to communicate with people who cannot read or write?,triviaqa,,TIMELESS,SAME,SAME,1,0,,SAME
p_q_8c58ce9c_2,heldout_400,q_8c58ce9c,The Macrocarpa tree is native to what continent?,In which geographic area is the Macrocarpa tree commonly found?,triviaqa,,TIMELESS,SAME,DIFFERENT,0,0,,JUDGE_DISAGREEMENT
p_q_f1b1aa68_1,heldout_400,q_f1b1aa68,Which common wildflowers belong to the Galanthus family?,Could you name a few Galanthus family of flowers that are typically encountered?,triviaqa,,TIMELESS,SAME,SAME,1,0,,SAME
p_q_371cd160_2,heldout_400,q_371cd160,What name is given to the unit of electrical power represented by a current of 1 ampere flowing through a circuit whose potential difference is 1 volt?,"An electrical circuit with a current of 1 ampere and potential difference equal to 1, what is the new unit of measurement for power?",triviaqa,,TIMELESS,SAME,SAME,1,0,,SAME
p_q_f3e7fb13_1,heldout_400,q_f3e7fb13,"Hazel, filbert, and kola are all types of what?","Is it usual to link Hazel, filbert, and kola in different definitions?",triviaqa,,TIMELESS,SAME,DIFFERENT,0,0,,JUDGE_DISAGREEMENT
p_q_bff7ff01_1,heldout_400,q_bff7ff01,In which country would you find budgerigars in their natural habitat?,Where are budgerigars naturally found?,triviaqa,,TIMELESS,SAME,SAME,1,0,,SAME
p_q_06c15fe9_1,heldout_400,q_06c15fe9,What colour is Santa Claus' belt?,Can you inform me about the hue of Santa's belt?,triviaqa,,TIMELESS,SAME,SAME,1,0,,SAME
p_q_b8ddab89_3,heldout_400,q_b8ddab89,What was the more common name for the German World War II dive bomber the Junkers Ju 87?,"What was the Junkers Ju 87, a dive bomber used by The German during World War II, known as before?",triviaqa,,TIMELESS,SAME,SAME,1,0,,SAME
p_q_3582cba5_1,heldout_400,q_3582cba5,"""Who wrote the plays """"The Seagull"""", """"The Cherry Orchard"""", """"The Three Sisters"""" and """"Uncle Vanya""""?""","Do we know whom authored """"The Seagull"","" "" The Cherry Orchard"""", "" ""Two Sisters"""" and ""Uncle Vanya""?""",triviaqa,,TIMELESS,SAME,SAME,1,0,,SAME
p_q_3b2d2b15_1,heldout_400,q_3b2d2b15,"October 4th 1910, which European monarch was deposed and fled on the Royal Yacht 'Amelia' to Gibraltar?","Who was the designated European King that was ousted from his position and exiled to Gibraltar on October 4th, 1910 aboard the Royal Yacht 'Amelia?'",triviaqa,,TIMELESS,SAME,SAME,1,0,,SAME
p_q_829bbe74_0,heldout_400,q_829bbe74,What was the kanji of the year in 2021?,What was the 2021 year-totaling kanji?,freshqa,before 2022,TIMELESS,SAME,SAME,1,0,,SAME
p_q_4deb87ba_3,heldout_400,q_4deb87ba,Which English town is twinned with Disney World?,What is the English town that shares a distance with Disney World?,triviaqa,,TIMELESS,DIFFERENT,DIFFERENT,1,0,,DIFFERENT
p_q_450041cf_2,heldout_400,q_450041cf,"Who won the 2022 Nobel Prize in Chemistry from University of Copenhagen, Denmark?","Which student from the University of Copenhagen, Denmark has been confirmed to be awarded the Nobel Prize in Chemistry for 2022?",freshqa,2022,TIMELESS,SAME,SAME,1,0,,SAME
p_q_3853dba1_0,heldout_400,q_3853dba1,The National Trust property Clouds Hill in Dorset was the home of which military man and writer?,"Which military member and author lived on Clouds Hill, a National Trust grounds in Dorset?",triviaqa,,TIMELESS,SAME,SAME,1,0,,SAME
p_q_a4aacc0f_1,heldout_400,q_a4aacc0f,What colour is copper sulphate?,What shade does copper sulphate possess?,triviaqa,,TIMELESS,SAME,SAME,1,0,,SAME
p_q_3dd86b7b_2,heldout_400,q_3dd86b7b,What was the name given to actions by Timothy McVeigh on 19 April 1995 at the Alfred P. Murrah Federal Building?,What was the expression used to describe Timothy McVeigh's actions on 19 April 1995 at the Alfred P. Murrah Federal Building?,triviaqa,,TIMELESS,SAME,SAME,1,0,,SAME
p_q_ac141dc0_1,heldout_400,q_ac141dc0,"Which sport features line-outs, scrums and conversions?","What sporting event incorporates line-outs, scrums and conversions?",triviaqa,,TIMELESS,SAME,SAME,1,0,,SAME
p_q_3b2665fb_0,heldout_400,q_3b2665fb,Who wrote the musical We Will Rock You in collaboration with Queen members Brian May and Roger Taylor?,With whom did the musical We Will Rock You collaborate with Brian May and Roger Taylor?,triviaqa,,TIMELESS,SAME,SAME,1,0,,SAME
p_q_bad81eda_3,heldout_400,q_bad81eda,"'Blurred Lines' was the biggest selling single record of 2013, who recorded it?","What is the name of the singer who made 'Blurred Lines', top-selling single record in 2013?",triviaqa,,TIMELESS,SAME,SAME,1,0,,SAME
p_q_87ca114c_2,heldout_400,q_87ca114c,For which daily newspaper does Frederick Forsyth write?,What is the name of the daily newspaper that Frederick Forsyth writes for?,triviaqa,,TIMELESS,SAME,SAME,1,0,,SAME
p_q_bd3621d0_0,heldout_400,q_bd3621d0,In which year was the Aberfan Disaster?,At what time did the Aberfan Disaster occur?,triviaqa,,TIMELESS,SAME,DIFFERENT,0,0,,JUDGE_DISAGREEMENT
p_q_f618e806_0,heldout_400,q_f618e806,In which US city is the National Air and Space Museum?,In which American city is the National Air and Space Museum situated?,triviaqa,,TIMELESS,SAME,SAME,1,0,,SAME
p_q_cd6b4ea7_1,heldout_400,q_cd6b4ea7,"""In 1985 the Greenpeace protest ship """"Rainbow Warrior"""" was bombed and sunk by French agents in which harbour?""","What harbor did the Greenpeace protest ship ""Rainbow Warrior"" sink after being bombed by French agents in 1985?",triviaqa,,TIMELESS,SAME,SAME,1,0,,SAME
p_q_44d9dff7_3,heldout_400,q_44d9dff7,At which battle of 1403 did Henry 'Hotspur' Percy die?,During which battle of 1403 did Henry 'Hotspur' Percy pass away?,triviaqa,,TIMELESS,SAME,SAME,1,0,,SAME
p_q_f7de9f4e_0,heldout_400,q_f7de9f4e,Which Formula One Grand Prix Circuit has corners named Anthony Noghes and La Rascasse?,In which Grand Prix Circuit of Formula One is Anthony Noghes and La Rascasse the corners named?,triviaqa,,TIMELESS,SAME,SAME,1,0,,SAME
p_q_0263c2b0_2,heldout_400,q_0263c2b0,The River Thames has its source in which county?,From which county does the River Thames flow?,triviaqa,,TIMELESS,SAME,SAME,1,0,,SAME
p_q_96b1bf1a_1,heldout_400,q_96b1bf1a,Who was captain of the England men's cricket team during the 2015 One Day International World Cup?,Who led the England men's cricket team in the One Day International World Cup of 2015?,triviaqa,,TIMELESS,SAME,SAME,1,1,SAME,SAME
p_q_bd9e6870_0,heldout_400,q_bd9e6870,"Which architect, President of the Royal Academy from 2004 to 2011, is responsible for the National Space Centre in Leicester and the Eden Project in Cornwall?",Which architect was designated as the President of the Royal Academy from 2004 to 2011 and has had management roles for the National Space Centre in Leicester and the Eden Project situated in Cornwall?,triviaqa,,TIMELESS,SAME,SAME,1,0,,SAME
p_q_c83007d1_2,heldout_400,q_c83007d1,Which 13th century English philosopher and scientist was known as 'Doctor Mirabilis'?,"Who did 'Doctor Mirabilis', the famous philosopher and scientist of 13th century England?",triviaqa,,TIMELESS,SAME,SAME,1,0,,SAME
p_q_23265c46_2,heldout_400,q_23265c46,El Capitan was free climbed is January 2015 - in which US National Park is it found?,"Which US national park where I can find El Capitan in January 2015, free climbing?",triviaqa,,TIMELESS,SAME,SAME,1,0,,SAME
p_q_cd2a5fda_2,heldout_400,q_cd2a5fda,How many years did it take for the population of the world to reach 8 billion from 7 billion?,How many years did it take for the world's population to increase from 7 billion to 8 billion?,freshqa,2022,TIMELESS,SAME,SAME,1,0,,SAME
p_q_df76af12_0,heldout_400,q_df76af12,Two shipping forecast areas touch the coast of Denmark: German Bight and which other?,Two estimated shipping forecast areas border the coast of Denmark; German Bight and another place?,triviaqa,,TIMELESS,SAME,SAME,1,0,,SAME
p_q_54cc8f89_3,heldout_400,q_54cc8f89,Who is the top scorer in the current Allsvenskan season?,"As far as goal counts go, who is the top scorer of today's Allsvenska season?",temporal_align_qa,2023,FAST,SAME,SAME,1,0,,SAME
p_q_4913788c_1,heldout_400,q_4913788c,What role is performed by the latest aircraft type added to the Executive Transport Wing of the German Air Force?,"As per the latest aircraft type added to the Executive Transport Wing of the German Air Force, what function does it carry out?",temporal_align_qa,2023,SLOW,SAME,SAME,1,0,,SAME
p_q_56a62a28_2,heldout_400,q_56a62a28,What is the title of the book that won the Ethel Turner Prize for Young People's Literature recently?,"Recently, what book was recognized for winning the Ethel Turner Prize in Young People's Literature?",temporal_align_qa,2023,FAST,SAME,SAME,1,0,,SAME
p_q_e6bc0a36_3,heldout_400,q_e6bc0a36,What is the title of the most recent Christina Stead Prize for Fiction winning book?,What was the fiction book that secured the last Christina Stead Prize?,temporal_align_qa,2023,FAST,SAME,SAME,1,0,,SAME
p_q_41540d4e_1,heldout_400,q_41540d4e,What unusual means of transport connects North Greenwich to the Royal Docks?,What an extraordinary ways of proximate the Royal Docks in North Greenwich?,triviaqa,,TIMELESS,SAME,SAME,1,0,,SAME
