query_id,audits,audit_rows,is_paraphrase,base_query_id,base_query,paraphrase_text,incoming_query,gold,gold_answer_c2,gold_matches_c2,n_aliases,gold_source,gold_year,gold_note,provenance_note,freshness_class,t,snapshot_round,n_url_slots,n_distinct_urls,n_snapshots_available,snapshot_complete
p_q_c26c7630_2,mixed_age_400,1,1,q_c26c7630,Who trained the most recent winner of the Prix Robert Papin?,"The poster for Prix Robert Papin who was previously adchieve, from whom?","The poster for Prix Robert Papin who was previously adchieve, from whom?",Christopher Head,Christopher Head,1,1,temporal_align_qa,2023,propagated from verified-faithful paraphrase,propagated from verified-faithful paraphrase,FAST,504148.3748784788,rerun_24h,2,2,2,1
p_q_b01295a7_2,mixed_age_400,1,1,q_b01295a7,Who trained the winning horse in the most recent Champions Cup (horse race)?,Which team gave the carrot and which horse chased out the winner of this season's Champions Cup?,Which team gave the carrot and which horse chased out the winner of this season's Champions Cup?,Hiroyasu Tanaka,Hiroyasu Tanaka,1,1,temporal_align_qa,2023,propagated from verified-faithful paraphrase,propagated from verified-faithful paraphrase,FAST,296584.56128180947,rerun_24h,1,1,1,1
p_q_84993503_1,mixed_age_400|heldout_400,2,1,q_84993503,Who was the third crew member to join the most recent spaceflight involving Russian cosmonauts to the International Space Station?,Russian cosmonauts have revealed who was the third male member to journey from Deep House. Can you provide information on their names and location?,Russian cosmonauts have revealed who was the third male member to journey from Deep House. Can you provide information on their names and location?,Francisco Rubio Launch,Francisco Rubio Launch,1,3,temporal_align_qa,2023,propagated from verified-faithful paraphrase,propagated from verified-faithful paraphrase,FAST,308778.30978527135,rerun_24h,2,2,2,1
p_q_3568ac16_2,mixed_age_400,1,1,q_3568ac16,Which entity owned the winning horse in the most recent Fourstardave Handicap?,Who held the highest stock in Fridaydave Handicap?,Who held the highest stock in Fridaydave Handicap?,LRE Racing & JEH Racing Stable,LRE Racing & JEH Racing Stable,1,1,temporal_align_qa,2023,propagated from verified-faithful paraphrase,propagated from verified-faithful paraphrase,FAST,577782.4503803587,rerun_24h,2,2,2,1
p_q_32bb1cf2_2,mixed_age_400,1,1,q_32bb1cf2,What is the regular-season winning percentage of the St. Paul Saints?,What RPR is the St. Paul Saints team known for?,What RPR is the St. Paul Saints team known for?,0.568,0.568,1,1,temporal_align_qa,2023,propagated from verified-faithful paraphrase,propagated from verified-faithful paraphrase,FAST,476625.08616441576,rerun_24h,1,1,1,1
p_q_811a9dea_2,mixed_age_400,1,1,q_811a9dea,Who is the reigning junior women's champion of the U.S. Classic?,Who has been the top female athlete in all of American fémininos?,Who has been the top female athlete in all of American fémininos?,Kieryn Finnell,Kieryn Finnell,1,1,temporal_align_qa,2023,propagated from verified-faithful paraphrase,propagated from verified-faithful paraphrase,FAST,526150.7653117855,rerun_24h,2,2,2,1
p_q_06267d08_1,mixed_age_400,1,1,q_06267d08,Who were the editors of the 'Varsity' (Cambridge) publication in the Michaelmas term most recently?,"The New Year's publication for ""Varsity"" (in the name of Michaelmas) had their editors pre-receiving many articles, anyone?","The New Year's publication for ""Varsity"" (in the name of Michaelmas) had their editors pre-receiving many articles, anyone?",Megan Byrom & Famke Veenstra-Ashmore,Megan Byrom & Famke Veenstra-Ashmore,1,3,temporal_align_qa,2023,propagated from verified-faithful paraphrase,propagated from verified-faithful paraphrase,FAST,110331.19886943005,rerun_24h,1,1,1,1
p_q_76be48a4_3,mixed_age_400,1,1,q_76be48a4,Which thoroughbred won the Coronation Stakes most recently?,What is the named horse that bagged first in the Coronation Stakes?,What is the named horse that bagged first in the Coronation Stakes?,Tahiyra,Tahiyra,1,1,temporal_align_qa,2023,propagated from verified-faithful paraphrase,propagated from verified-faithful paraphrase,FAST,545086.9321742738,rerun_24h,1,1,1,1
p_q_26393420_3,mixed_age_400,1,1,q_26393420,Which trainer prepared the winning horse of the latest Queen Elizabeth II Challenge Cup Stakes?,"PART II: Pupée de paye dans 2/1 at Mc’s outpost is $1,995 the trainer of today's Queen Elizabeth I II Challenge Cup Stakes?","PART II: Pupée de paye dans 2/1 at Mc’s outpost is $1,995 the trainer of today's Queen Elizabeth I II Challenge Cup Stakes?",Saeed bin Suroor,Saeed bin Suroor,1,1,temporal_align_qa,2023,propagated from verified-faithful paraphrase,propagated from verified-faithful paraphrase,FAST,542827.7649784981,rerun_24h,4,2,2,1
p_q_6757b6a9_0,mixed_age_400,1,1,q_6757b6a9,Who is the most recent recipient of the Los Angeles Film Critics Association Award for Best Director?,Who was the most recent Los Angeles Film Critics Association Award Winner in 1953 and best director of 1957?,Who was the most recent Los Angeles Film Critics Association Award Winner in 1953 and best director of 1957?,Jonathan Glazer,Jonathan Glazer,1,1,temporal_align_qa,2023,propagated from verified-faithful paraphrase,propagated from verified-faithful paraphrase,FAST,462681.72533585277,rerun_24h,2,2,2,1
p_q_84993503_3,mixed_age_400,1,1,q_84993503,Who was the third crew member to join the most recent spaceflight involving Russian cosmonauts to the International Space Station?,"Among the three Russian cosmonauts who joined the International Space Station, which one will remain off board?","Among the three Russian cosmonauts who joined the International Space Station, which one will remain off board?",Francisco Rubio Launch,Francisco Rubio Launch,1,3,temporal_align_qa,2023,propagated from verified-faithful paraphrase,propagated from verified-faithful paraphrase,FAST,604504.1029161615,rerun_24h,2,2,2,1
p_q_2b37471e_0,mixed_age_400|heldout_400,2,1,q_2b37471e,What was the outcome of Judson High School's final game?,Judson High School Football: What was the outcome of Thursday at City College?,Judson High School Football: What was the outcome of Thursday at City College?,Lost in area round to state quarterfinalist Dripping Springs 34-38,Lost in area round to state quarterfinalist Dripping Springs 34-38,1,1,temporal_align_qa,2023,propagated from verified-faithful paraphrase,propagated from verified-faithful paraphrase,FAST,537304.7556869034,rerun_24h,1,1,1,1
p_q_4d8a4de4_1,mixed_age_400,1,1,q_4d8a4de4,Which artist(s) performed on the most recent winner of the Grammy Award for Best Historical Album?,Who are all the cast members of the CD that won a Grammy Award for Best Historical Album at this point in time?,Who are all the cast members of the CD that won a Grammy Award for Best Historical Album at this point in time?,Wilco,Wilco,1,1,temporal_align_qa,2023,propagated from verified-faithful paraphrase,propagated from verified-faithful paraphrase,FAST,284386.0488355719,rerun_24h,2,2,2,1
p_q_056f7935_3,mixed_age_400,1,1,q_056f7935,Which city is the home of the most recent champion of the Campeonato Paulista Série A3?,Which of the seven cities that made it to the finals of Juventus Championship was still undefeated in the championship round of 16.1 last year?,Which of the seven cities that made it to the finals of Juventus Championship was still undefeated in the championship round of 16.1 last year?,Capivari,Capivari,1,1,temporal_align_qa,2023,propagated from verified-faithful paraphrase,propagated from verified-faithful paraphrase,FAST,594438.2355575791,rerun_24h,1,1,1,1
p_q_8b83e11f_0,mixed_age_400|heldout_400,2,1,q_8b83e11f,Who is the chair of the latest OOPSLA conference?,Have you heard any update on the OOPSLA committee's meeting?,Have you heard any update on the OOPSLA committee's meeting?,Vasco Vasconcelos,Vasco Vasconcelos,1,1,temporal_align_qa,2023,propagated from verified-faithful paraphrase,propagated from verified-faithful paraphrase,FAST,188604.77446735563,rerun_24h,2,2,2,1
p_q_28911a13_1,mixed_age_400,1,1,q_28911a13,Who is the current Australian of the Year?,Which Australian is achieving to win the title of President this year?,Which Australian is achieving to win the title of President this year?,Taryn Brumfitt,Taryn Brumfitt,1,1,temporal_align_qa,2023,propagated from verified-faithful paraphrase,propagated from verified-faithful paraphrase,FAST,359413.6182147836,rerun_24h,1,1,1,1
p_q_665a6704_2,mixed_age_400,1,1,q_665a6704,Who is the most recent champion of the Chubb Classic?,Who was ousted from contention at the Chubb Classic?,Who was ousted from contention at the Chubb Classic?,DEU Bernhard Langer,DEU Bernhard Langer,1,1,temporal_align_qa,2023,propagated from verified-faithful paraphrase,propagated from verified-faithful paraphrase,FAST,586006.1561880802,rerun_24h,2,2,2,1
p_q_0da13098_2,mixed_age_400,1,1,q_0da13098,What is the motto of the current Frankfurt Book Fair?,Could you inform me of the message that will be shared at Frankfurt Book Fair?,Could you inform me of the message that will be shared at Frankfurt Book Fair?,Honeycomb of Words,Honeycomb of Words,1,1,temporal_align_qa,2023,propagated from verified-faithful paraphrase,propagated from verified-faithful paraphrase,FAST,248648.78570679287,rerun_24h,1,1,1,1
p_q_a06c234c_3,mixed_age_400,1,1,q_a06c234c,Who were the songwriters of the winning song in the latest Melodifestivalen?,What songs ended up being the most outstanding during this year's Melodifestivalen?,What songs ended up being the most outstanding during this year's Melodifestivalen?,"Jimmy Thörnfeldt, Jimmy Jansson, Lorine Talhaoui, Moa Carlebecker, Peter Boström, Thomas G:son","Jimmy Thörnfeldt, Jimmy Jansson, Lorine Talhaoui, Moa Carlebecker, Peter Boström, Thomas G:son",1,1,temporal_align_qa,2023,propagated from verified-faithful paraphrase,propagated from verified-faithful paraphrase,FAST,84807.34212495499,rerun_12h,1,1,1,1
p_q_60502f3b_1,mixed_age_400,1,1,q_60502f3b,Which team won the BBC Sports Personality Team of the Year Award?,Who was recognized as the 2017 BBC Sports Personality Team of the Year Award Driver?,Who was recognized as the 2017 BBC Sports Personality Team of the Year Award Driver?,Manchester City F.C.,Manchester City F.C.,1,1,temporal_align_qa,2023,propagated from verified-faithful paraphrase,propagated from verified-faithful paraphrase,FAST,271890.87431561266,rerun_24h,1,1,1,1
p_q_297334f5_3,mixed_age_400|heldout_400,2,1,q_297334f5,Who was the replay official in the most recent Super Bowl?,Which Super Bowl video game replay professional was the main figure?,Which Super Bowl video game replay professional was the main figure?,Mark Butterworth,Mark Butterworth,1,1,temporal_align_qa,2023,propagated from verified-faithful paraphrase,propagated from verified-faithful paraphrase,FAST,536778.6807554624,rerun_24h,1,1,1,1
p_q_c76a7d5e_3,mixed_age_400,1,1,q_c76a7d5e,Which horse won the Royal Hunt Cup most recently?,Who topped the previous Royal Hunt Cup Standings with their performance?,Who topped the previous Royal Hunt Cup Standings with their performance?,Jimi Hendrix,Jimi Hendrix,1,1,temporal_align_qa,2023,propagated from verified-faithful paraphrase,propagated from verified-faithful paraphrase,FAST,204972.96468603422,rerun_24h,1,1,1,1
p_q_b9a64a4f_1,mixed_age_400,1,1,q_b9a64a4f,What is the theme of Sydney New Year's Eve celebration?,What does the symbolism behind Sydney's New Year'event command be?,What does the symbolism behind Sydney's New Year'event command be?,"One night, many ways to celebrate","One night, many ways to celebrate",1,1,temporal_align_qa,2023,propagated from verified-faithful paraphrase,propagated from verified-faithful paraphrase,FAST,482161.8493545327,rerun_24h,2,2,2,1
p_q_b96cebd8_2,mixed_age_400,1,1,q_b96cebd8,In which season did the most recent USBWA National Freshman of the Year play?,Which team Last supported with USBWA National Freshman of the Year (2017) most recently?,Which team Last supported with USBWA National Freshman of the Year (2017) most recently?,2022–23,2022–23,1,1,temporal_align_qa,2023,propagated from verified-faithful paraphrase,propagated from verified-faithful paraphrase,FAST,393974.2607121406,rerun_24h,1,1,1,1
p_q_b5bab848_2,mixed_age_400,1,1,q_b5bab848,What is the title of the work that won the most recent Latin Grammy Award for Best Salsa Album?,Which piece of music received the best Salsa award at this years dernière LAMS?,Which piece of music received the best Salsa award at this years dernière LAMS?,Niche Sinfónico,Niche Sinfónico,1,1,temporal_align_qa,2023,propagated from verified-faithful paraphrase,propagated from verified-faithful paraphrase,FAST,603740.7700349479,rerun_24h,2,2,1,0
p_q_6a6b8494_3,mixed_age_400,1,1,q_6a6b8494,Who posted the most-liked tweet last year?,"In the last one we published, which individual put up the most follower tweets?","In the last one we published, which individual put up the most follower tweets?",Elon Musk,Elon Musk,1,1,freshqa,2023,propagated from verified-faithful paraphrase,propagated from verified-faithful paraphrase,FAST,309020.01183145103,rerun_24h,3,2,2,1
p_q_77b08615_0,mixed_age_400,1,1,q_77b08615,Who was the owner of the horse that won the latest Black-Eyed Susan Stakes?,"In the Black-Eyed Susan Stakes, who was the winner?","In the Black-Eyed Susan Stakes, who was the winner?","NET Racing, Michael Dubb, First Row Partners & Team Hanley","NET Racing, Michael Dubb, First Row Partners & Team Hanley",1,1,temporal_align_qa,2023,propagated from verified-faithful paraphrase,propagated from verified-faithful paraphrase,FAST,292809.70717230294,rerun_24h,1,1,1,1
p_q_531f875a_2,mixed_age_400,1,1,q_531f875a,What is the name of the horse that won the most recent Avondale Cup at Avondale Racecourse?,Which horse won the latest Avondale Cup at Avogh Hall on 22nd February 2006?,Which horse won the latest Avondale Cup at Avogh Hall on 22nd February 2006?,Aquacade,Aquacade,1,1,temporal_align_qa,2023,propagated from verified-faithful paraphrase,propagated from verified-faithful paraphrase,FAST,297794.8818418889,rerun_24h,3,3,3,1
p_q_1dc7b96e_3,mixed_age_400,1,1,q_1dc7b96e,Who is the most recent winner of the Turf Classic Stakes?,Do you happen to know who will win the Turf Classic Stakes just this week?,Do you happen to know who will win the Turf Classic Stakes just this week?,Up to the Mark,Up to the Mark,1,1,temporal_align_qa,2023,propagated from verified-faithful paraphrase,propagated from verified-faithful paraphrase,FAST,170272.2165896591,rerun_24h,1,1,1,1
p_q_69646c02_0,mixed_age_400,1,1,q_69646c02,How old is the most-followed user on TikTok?,Could you determine the age of the TikTok user with a stream’s largest following?,Could you determine the age of the TikTok user with a stream’s largest following?,23 years old,23 years old,1,2,freshqa,2023,propagated from verified-faithful paraphrase,propagated from verified-faithful paraphrase,FAST,583972.6346009438,rerun_24h,2,2,2,1
p_q_747bbca1_3,mixed_age_400,1,1,q_747bbca1,What country does the Wimbledon women's champion play for?,What is the name of the tennis player who becomes Wimbledon women's champion?,What is the name of the tennis player who becomes Wimbledon women's champion?,Czech Republic,Czech Republic,1,2,freshqa,2023,propagated from verified-faithful paraphrase,propagated from verified-faithful paraphrase,FAST,210989.09419756773,rerun_24h,1,1,1,1
p_q_6dce83d8_2,mixed_age_400,1,1,q_6dce83d8,How many field goals did the Women's National Basketball Association season scoring leader make?,What is the maximum number of field goals scored by one team in a Women's National Basketball Association season?,What is the maximum number of field goals scored by one team in a Women's National Basketball Association season?,285,285,1,1,temporal_align_qa,2023,propagated from verified-faithful paraphrase,propagated from verified-faithful paraphrase,FAST,546223.6293688965,rerun_24h,1,1,1,1
p_q_2d3da894_1,mixed_age_400,1,1,q_2d3da894,Who held the cleanup spot for the Miami Marlins in their latest opening day lineup?,What team actually took back the clean slate on Opening Day @ Miami Marlins?,What team actually took back the clean slate on Opening Day @ Miami Marlins?,Jazz Chisholm Jr. CF,Jazz Chisholm Jr. CF,1,1,temporal_align_qa,2023,propagated from verified-faithful paraphrase,propagated from verified-faithful paraphrase,FAST,123675.81149709452,rerun_24h,2,2,2,1
p_q_32bb1cf2_0,mixed_age_400,1,1,q_32bb1cf2,What is the regular-season winning percentage of the St. Paul Saints?,How much percentage (RSS) of the Saints winning is this year?,How much percentage (RSS) of the Saints winning is this year?,0.568,0.568,1,1,temporal_align_qa,2023,propagated from verified-faithful paraphrase,propagated from verified-faithful paraphrase,FAST,445878.03474138933,rerun_24h,1,1,1,1
p_q_5e68b428_2,mixed_age_400,1,1,q_5e68b428,From which city is the latest winner of the Bulwer-Lytton Fiction Contest?,Who ranked first in the Bulwer-Lytton Fiction Contest among city residents?,Who ranked first in the Bulwer-Lytton Fiction Contest among city residents?,"Maya Pasic New York, New York","Maya Pasic New York, New York",1,1,temporal_align_qa,2023,propagated from verified-faithful paraphrase,propagated from verified-faithful paraphrase,FAST,232926.90225625993,rerun_24h,2,2,2,1
p_q_e5cbddda_1,mixed_age_400,1,1,q_e5cbddda,Which horse won the Risen Star Stakes most recently?,Which animal performs the exceptionally good duty of winning the Risen Star Stakes at this point?,Which animal performs the exceptionally good duty of winning the Risen Star Stakes at this point?,Angel of Empire,Angel of Empire,1,1,temporal_align_qa,2023,propagated from verified-faithful paraphrase,propagated from verified-faithful paraphrase,FAST,399107.6852095065,rerun_24h,3,3,3,1
p_q_2ca95d4e_3,mixed_age_400,1,1,q_2ca95d4e,Who claimed the Points classification victory in the Vuelta a Burgos men's race?,Who was awarded the Points ranking on August 9th in Vuelta a Burgos men's racing?,Who was awarded the Points ranking on August 9th in Vuelta a Burgos men's racing?,Primož Roglič,Primož Roglič,1,1,temporal_align_qa,2023,propagated from verified-faithful paraphrase,propagated from verified-faithful paraphrase,FAST,333554.5558409475,rerun_24h,1,1,1,1
p_q_785fdb1b_0,mixed_age_400,1,1,q_785fdb1b,Which trainer prepared the winning horse in the last Cambridgeshire Handicap?,Which trainer served as the extra trainer in convincing story for Cambridgeshire Handicap last year?,Which trainer served as the extra trainer in convincing story for Cambridgeshire Handicap last year?,Daniel & Claire Kubler,Daniel & Claire Kubler,1,1,temporal_align_qa,2023,propagated from verified-faithful paraphrase,propagated from verified-faithful paraphrase,FAST,483361.38684015727,rerun_24h,2,2,2,1
p_q_ffbdb73d_0,mixed_age_400,1,1,q_ffbdb73d,Who is the winner of the men's category in the Warsaw Marathon?,Who has been awarded the Warsaw Marathon star prize?,Who has been awarded the Warsaw Marathon star prize?,Levente Szemerei,Levente Szemerei,1,1,temporal_align_qa,2023,propagated from verified-faithful paraphrase,propagated from verified-faithful paraphrase,FAST,547892.7136020829,rerun_24h,2,2,2,1
p_q_75b15e04_3,mixed_age_400,1,1,q_75b15e04,Which artist won the APRA Music Awards (Australia) Song of the Year lately?,Who has been recognized as the newly-released APRA Music Award Song of the Year?,Who has been recognized as the newly-released APRA Music Award Song of the Year?,Flume featuring May-a,Flume featuring May-a,1,1,temporal_align_qa,2023,propagated from verified-faithful paraphrase,propagated from verified-faithful paraphrase,FAST,213098.84503397156,rerun_24h,1,1,1,1
p_q_1387f241_3,mixed_age_400,1,1,q_1387f241,What is the hometown of the reigning Miss Iowa Teen USA?,In what region is the younger Miss Iowa Teen USA from?,In what region is the younger Miss Iowa Teen USA from?,Ankeny,Ankeny,1,1,temporal_align_qa,2023,propagated from verified-faithful paraphrase,propagated from verified-faithful paraphrase,FAST,547148.7469565608,rerun_24h,2,2,2,1
p_q_a5b50e32_0,mixed_age_400,1,1,q_a5b50e32,Do the Toronto Raptors have a winning record in the latest NBA season?,Do the Toronto Raptors continue to dominate in the NBA standings?,Do the Toronto Raptors continue to dominate in the NBA standings?,No,No,1,1,freshqa,2023,propagated from verified-faithful paraphrase,propagated from verified-faithful paraphrase,FAST,314729.1430768667,rerun_24h,3,2,2,1
p_q_ab431fd9_0,mixed_age_400,1,1,q_ab431fd9,Which institution is represented by the NPDA National Champions team?,From which organization does the NPDA National Champions team hail?,From which organization does the NPDA National Champions team hail?,Parliamentary Debate at Berkeley,Parliamentary Debate at Berkeley,1,1,temporal_align_qa,2023,propagated from verified-faithful paraphrase,propagated from verified-faithful paraphrase,FAST,327698.6885458451,rerun_24h,1,1,1,1
p_q_2efc3bf0_2,mixed_age_400,1,1,q_2efc3bf0,Who is the winner of the most recent NASCAR Xfinity Series at Homestead-Miami?,"In the latest NASCAR Xfinity Series competition at Homestead-Miami, which horse is crowned champion?","In the latest NASCAR Xfinity Series competition at Homestead-Miami, which horse is crowned champion?",Sam Mayer,Sam Mayer,1,1,temporal_align_qa,2023,propagated from verified-faithful paraphrase,propagated from verified-faithful paraphrase,FAST,479028.4125672751,rerun_24h,2,2,2,1
p_q_28b0bd9f_3,mixed_age_400,1,1,q_28b0bd9f,Which film won the Grand Prize at the most recent Baeksang Arts Award?,What was the title scooped up in Best Film category at its latest Baeksang Arts Award?,What was the title scooped up in Best Film category at its latest Baeksang Arts Award?,Decision to Leave Award winner,Decision to Leave Award winner,1,2,temporal_align_qa,2023,propagated from verified-faithful paraphrase,propagated from verified-faithful paraphrase,FAST,603416.4525460334,rerun_24h,1,1,1,1
p_q_b3cd7717_2,mixed_age_400,1,1,q_b3cd7717,Who is the champion of the latest Horizon Irish Open?,Who clinches the flag for victory in the recent Horizon Irish Open?,Who clinches the flag for victory in the recent Horizon Irish Open?,Vincent Norrman,Vincent Norrman,1,1,temporal_align_qa,2023,propagated from verified-faithful paraphrase,propagated from verified-faithful paraphrase,FAST,577701.9660059134,rerun_24h,1,1,1,1
p_q_04bb5dc1_2,mixed_age_400,1,1,q_04bb5dc1,Which horse won the Chesham Stakes most recently?,Which horse emerged as the winner of the Chesham Stakes?,Which horse emerged as the winner of the Chesham Stakes?,Snellen,Snellen,1,1,temporal_align_qa,2023,propagated from verified-faithful paraphrase,propagated from verified-faithful paraphrase,FAST,308521.7020925812,rerun_24h,1,1,1,1
p_q_ebb15c73_3,mixed_age_400,1,1,q_ebb15c73,What geometry type has a WKB integer code that includes M dimensions?,In what geometry (of sizes) does the WKB integer decoder have M dimension?,In what geometry (of sizes) does the WKB integer decoder have M dimension?,SpiralCurve,SpiralCurve,1,1,temporal_align_qa,2023,propagated from verified-faithful paraphrase,propagated from verified-faithful paraphrase,FAST,451469.4984104391,rerun_24h,3,2,2,1
p_q_4e6d28cb_0,mixed_age_400,1,1,q_4e6d28cb,Who is one of the players currently leading as top scorer in the UEFA Europa League?,Who currently holds the top spot in scoring on multiple occasions in the UEFA Europa League table?,Who currently holds the top spot in scoring on multiple occasions in the UEFA Europa League table?,ENG Marcus Rashford,ENG Marcus Rashford,1,2,temporal_align_qa,2023,propagated from verified-faithful paraphrase,propagated from verified-faithful paraphrase,FAST,317689.39661509934,rerun_24h,1,1,1,1
p_q_295700b1_0,mixed_age_400,1,1,q_295700b1,Which horse won the most recent Vincent O'Brien National Stakes?,Who is pictured winning the latest course in this years Vincent O'Brien National Stakes?,Who is pictured winning the latest course in this years Vincent O'Brien National Stakes?,Henry Longfellow,Henry Longfellow,1,1,temporal_align_qa,2023,propagated from verified-faithful paraphrase,propagated from verified-faithful paraphrase,FAST,335766.5553016473,rerun_24h,1,1,1,1
p_q_a720c2de_2,mixed_age_400,1,1,q_a720c2de,What were the latest Australian Swimming Championships a selection trial for?,What was selected as the selection try at this year's Australian Swimming Championship?,What was selected as the selection try at this year's Australian Swimming Championship?,The Australian selection trials for the 2023 World Aquatics Championships were held in Melbourne from 13–18 June.,The Australian selection trials for the 2023 World Aquatics Championships were held in Melbourne from 13–18 June.,1,1,temporal_align_qa,2023,propagated from verified-faithful paraphrase,propagated from verified-faithful paraphrase,FAST,158354.07555727614,rerun_24h,2,2,2,1
p_q_19312ca9_3,mixed_age_400,1,1,q_19312ca9,What's the latest project Victor Webster has worked on?,What's Victor Webster up to these days?,What's Victor Webster up to these days?,The Wedding Veil Journey,The Wedding Veil Journey,1,2,temporal_align_qa,2023,propagated from verified-faithful paraphrase,propagated from verified-faithful paraphrase,FAST,589494.582271547,rerun_24h,1,1,1,1
p_q_59076011_1,mixed_age_400,1,1,q_59076011,Who is the most recent recipient of the Doak Walker Award?,Which warrior was honoured with the Doak Walker Award last time?,Which warrior was honoured with the Doak Walker Award last time?,Ollie Gordon II,Ollie Gordon II,1,1,temporal_align_qa,2023,propagated from verified-faithful paraphrase,propagated from verified-faithful paraphrase,FAST,437124.3125015457,rerun_24h,2,2,2,1
p_q_d4f726dc_3,mixed_age_400,1,1,q_d4f726dc,Which pair won the L'Open 35 de Saint-Malo doubles final most recently?,Which contender claimed victory in the most recent doubles match at L'Open 35 de Saint-Malo?,Which contender claimed victory in the most recent doubles match at L'Open 35 de Saint-Malo?,Greet Minnen Bibiane Schoofs,Greet Minnen Bibiane Schoofs,1,1,temporal_align_qa,2023,propagated from verified-faithful paraphrase,propagated from verified-faithful paraphrase,FAST,414231.9820586057,rerun_24h,2,2,2,1
p_q_5ac8d92d_3,mixed_age_400,1,1,q_5ac8d92d,When does this year's Passover start?,What is the commencement date for Passover this year?,What is the commencement date for Passover this year?,"Apr 5, 2023","Apr 5, 2023",1,10,freshqa,2023,propagated from verified-faithful paraphrase,propagated from verified-faithful paraphrase,FAST,577273.8354187174,rerun_24h,2,1,1,1
p_q_697c0008_3,mixed_age_400,1,1,q_697c0008,Which pitcher gave up the most recent home run that landed in McCovey Cove?,Who had the most recent home run loss in over 35 plate appearances at McCovey Cove?,Who had the most recent home run loss in over 35 plate appearances at McCovey Cove?,Anthony DeSclafani,Anthony DeSclafani,1,4,temporal_align_qa,2023,propagated from verified-faithful paraphrase,propagated from verified-faithful paraphrase,FAST,544137.8739842481,rerun_24h,1,1,1,1
p_q_3c890437_3,mixed_age_400,1,1,q_3c890437,Who was the owner of the winning horse in the most recent Woodbine Oaks?,Who had the rightful owner of the horse that won the latest Woodbine Oaks?,Who had the rightful owner of the horse that won the latest Woodbine Oaks?,"Team Valor International, Gary Barber","Team Valor International, Gary Barber",1,1,temporal_align_qa,2023,propagated from verified-faithful paraphrase,propagated from verified-faithful paraphrase,FAST,127275.06549796,rerun_24h,2,2,2,1
p_q_dfefb294_2,mixed_age_400,1,1,q_dfefb294,Which team's driver won the latest Macau Grand Prix?,Which individual claimed triumph in the latest Macau Grand Prix?,Which individual claimed triumph in the latest Macau Grand Prix?,Hitech Pulse-Eight,Hitech Pulse-Eight,1,1,temporal_align_qa,2023,propagated from verified-faithful paraphrase,propagated from verified-faithful paraphrase,FAST,571761.6047294603,rerun_24h,1,1,1,1
p_q_c5946497_1,mixed_age_400,1,1,q_c5946497,"Who are the engineers that received the most recent Grammy Award for Best Engineered Album, Classical?","In the category of Best Engineered Album, which engineers were named as winner in the recent Grammy Award wins for classical music?","In the category of Best Engineered Album, which engineers were named as winner in the recent Grammy Award wins for classical music?","Shawn Murphy, Charlie Post & Gary Rydstrom ; Michael Rowanowski","Shawn Murphy, Charlie Post & Gary Rydstrom ; Michael Rowanowski",1,1,temporal_align_qa,2023,propagated from verified-faithful paraphrase,propagated from verified-faithful paraphrase,FAST,584373.2594615457,rerun_24h,1,1,1,1
p_q_5284772a_1,mixed_age_400,1,1,q_5284772a,Who is the most recent recipient of the Babe Ruth Award?,Who wins the Babe Ruth Award recently?,Who wins the Babe Ruth Award recently?,Adolis García,Adolis García,1,1,temporal_align_qa,2023,propagated from verified-faithful paraphrase,propagated from verified-faithful paraphrase,FAST,138539.72273973338,rerun_24h,1,1,1,1
p_q_0d1a4b7c_0,mixed_age_400,1,1,q_0d1a4b7c,Who was the jockey riding the horse that recently won the Portland Handicap?,"The horse riding the winner of the Portland Handicap, who was it?","The horse riding the winner of the Portland Handicap, who was it?",Rossa Ryan,Rossa Ryan,1,1,temporal_align_qa,2023,propagated from verified-faithful paraphrase,propagated from verified-faithful paraphrase,FAST,216552.33533478936,rerun_24h,1,1,1,1
p_q_6a82c062_1,mixed_age_400,1,1,q_6a82c062,Who is the latest first-place winner of the Klein Competition?,Who is at the top of the Klein Competition this year?,Who is at the top of the Klein Competition this year?,Emad Zolfaghari,Emad Zolfaghari,1,1,temporal_align_qa,2023,propagated from verified-faithful paraphrase,propagated from verified-faithful paraphrase,FAST,420165.77734935004,rerun_24h,2,2,2,1
p_q_4241a3d3_1,mixed_age_400,1,1,q_4241a3d3,Who is the most recent recipient of the Norm Smith Medal?,Who is the current holder of the Norm Smith Medal?,Who is the current holder of the Norm Smith Medal?,Bobby Hill Australian footballer,Bobby Hill Australian footballer,1,1,temporal_align_qa,2023,propagated from verified-faithful paraphrase,propagated from verified-faithful paraphrase,FAST,413622.7785209341,rerun_24h,2,2,2,1
p_q_9ad3d8f7_1,mixed_age_400,1,1,q_9ad3d8f7,Who was the winner of the individual championship in the latest NCAA Women's Division I Cross Country Championship and what team does she represent?,Can you tell me who is recognized as the individual champion in yesterday's NCAA Women'S Division I Cross Country Championship and what were the competitors?,Can you tell me who is recognized as the individual champion in yesterday's NCAA Women'S Division I Cross Country Championship and what were the competitors?,Parker Valby,Parker Valby,1,1,temporal_align_qa,2023,propagated from verified-faithful paraphrase,propagated from verified-faithful paraphrase,FAST,218087.5144807518,rerun_24h,2,2,2,1
p_q_9d61a241_0,mixed_age_400|heldout_400,2,1,q_9d61a241,Which trainer trained the winning horse in the King George V Stakes?,What type of trainer steered the King George V Stakes champion?,What type of trainer steered the King George V Stakes champion?,William Haggas,William Haggas,1,1,temporal_align_qa,2023,propagated from verified-faithful paraphrase,propagated from verified-faithful paraphrase,FAST,533363.0869790721,rerun_24h,2,2,2,1
p_q_bc9026c6_1,mixed_age_400,1,1,q_bc9026c6,Who is the recipient of the WTA Most Improved Player award?,Who holds the title of WTA Most Improved Player?,Who holds the title of WTA Most Improved Player?,Zheng Qinwen,Zheng Qinwen,1,1,temporal_align_qa,2023,propagated from verified-faithful paraphrase,propagated from verified-faithful paraphrase,FAST,402271.51791067,rerun_24h,1,1,1,1
p_q_c60b122d_1,mixed_age_400,1,1,q_c60b122d,From which hometown is the current Miss Illinois Teen USA?,Do you know the name of Miss Illinois Teen USA's native city?,Do you know the name of Miss Illinois Teen USA's native city?,Chicago,Chicago,1,1,temporal_align_qa,2023,propagated from verified-faithful paraphrase,propagated from verified-faithful paraphrase,FAST,107443.322059336,rerun_24h,2,2,2,1
p_q_c51c7290_0,mixed_age_400,1,1,q_c51c7290,The upcoming Microsoft's Patch Tuesday will come out on what date in North America?,"In North America, when will Microsoft start on Patch Tuesday?","In North America, when will Microsoft start on Patch Tuesday?","Oct 10, 2023","Oct 10, 2023",1,10,freshqa,2023,propagated from verified-faithful paraphrase,propagated from verified-faithful paraphrase,FAST,209540.37783727056,rerun_24h,1,1,1,1
p_q_9e4f27be_0,mixed_age_400,1,1,q_9e4f27be,Who is the winner of the National Book Award for Young People's Literature?,Which author has won Best Book in the National Award for Young People's Literature?,Which author has won Best Book in the National Award for Young People's Literature?,Dan Santat,Dan Santat,1,1,temporal_align_qa,2023,propagated from verified-faithful paraphrase,propagated from verified-faithful paraphrase,FAST,426928.2884601506,rerun_24h,1,1,1,1
p_q_94cb7c4a_1,mixed_age_400,1,1,q_94cb7c4a,Where was the USA Gymnastics National Championships held last?,Which country hosted the last USA Gymnastics National Championships?,Which country hosted the last USA Gymnastics National Championships?,"San Jose, California","San Jose, California",1,1,temporal_align_qa,2023,propagated from verified-faithful paraphrase,propagated from verified-faithful paraphrase,FAST,327969.86130638426,rerun_24h,1,1,1,1
p_q_091915f0_0,mixed_age_400,1,1,q_091915f0,Which horse won the Persian War Novices' Hurdle recently?,What is the particular horse that won the recent Persian War Novices' Hurdle?,What is the particular horse that won the recent Persian War Novices' Hurdle?,Captain Teague,Captain Teague,1,1,temporal_align_qa,2023,propagated from verified-faithful paraphrase,propagated from verified-faithful paraphrase,FAST,444830.8647842788,rerun_24h,1,1,1,1
p_q_f7446447_1,mixed_age_400,1,1,q_f7446447,Who is the most recent recipient of the RSA Award for Excellence in Mathematics?,Which individual has recently been awarded the RSA Award for Excellence in Mathematics?,Which individual has recently been awarded the RSA Award for Excellence in Mathematics?,Paul Carl Kocher,Paul Carl Kocher,1,1,temporal_align_qa,2023,propagated from verified-faithful paraphrase,propagated from verified-faithful paraphrase,FAST,469490.6440789141,rerun_24h,1,1,1,1
p_q_f46d91c5_1,mixed_age_400,1,1,q_f46d91c5,Who is the most recent recipient of the Betty Roland Prize for Script Writing in the New South Wales Premier's Literary Awards?,Which writing talent is receiving the Betty Roland Prize for Script Writing in the New South Wales Premier's Literary Awards at this moment?,Which writing talent is receiving the Betty Roland Prize for Script Writing in the New South Wales Premier's Literary Awards at this moment?,Del Kathryn Barton and Huna Amweero,Del Kathryn Barton and Huna Amweero,1,1,temporal_align_qa,2023,propagated from verified-faithful paraphrase,propagated from verified-faithful paraphrase,FAST,340502.528121629,rerun_24h,1,1,1,1
p_q_ce3247b9_3,mixed_age_400,1,1,q_ce3247b9,What is the name of the most recent horse to win the Gran Premio Carlos Pellegrini?,Which horse has won the Gran Premio Carlos Pellegrini most recently?,Which horse has won the Gran Premio Carlos Pellegrini most recently?,Argentina El Encinal,Argentina El Encinal,1,1,temporal_align_qa,2023,propagated from verified-faithful paraphrase,propagated from verified-faithful paraphrase,FAST,453315.8999821435,rerun_24h,1,1,1,1
p_q_134739ad_2,mixed_age_400,1,1,q_134739ad,Who were the drivers of the winning four-wheeler team in the most recent Baja 1000?,Which four-wheeler team members won the title in the most recent Baja 1000 race?,Which four-wheeler team members won the title in the most recent Baja 1000 race?,Bryce Menzies Andy McMillin Tavo Vildósola,Bryce Menzies Andy McMillin Tavo Vildósola,1,1,temporal_align_qa,2023,propagated from verified-faithful paraphrase,propagated from verified-faithful paraphrase,FAST,468410.87265566847,rerun_24h,2,2,2,1
p_q_ccd63b11_3,mixed_age_400,1,1,q_ccd63b11,Who is the recent winner of the Miles Franklin Award?,What is the name of the Miles Franklin Award recipient who was recently awarded?,What is the name of the Miles Franklin Award recipient who was recently awarded?,Shankari Chandran,Shankari Chandran,1,1,temporal_align_qa,2023,propagated from verified-faithful paraphrase,propagated from verified-faithful paraphrase,FAST,550490.6554052583,rerun_24h,1,1,1,1
p_q_8af46f37_3,mixed_age_400,1,1,q_8af46f37,Who was the recipient of the Eddie Robinson Award?,Which individual was the recipient of the Eddie Robinson Award?,Which individual was the recipient of the Eddie Robinson Award?,Jimmy Rogers,Jimmy Rogers,1,1,temporal_align_qa,2023,propagated from verified-faithful paraphrase,propagated from verified-faithful paraphrase,FAST,474002.0091536618,rerun_24h,1,1,1,1
p_q_1719b6dd_2,mixed_age_400,1,1,q_1719b6dd,Who is the director of the film that won the most recent Sonje Award at the Busan International Film Festival?,Which director took home the Sonje Award at the latest Busan International Film Festival?,Which director took home the Sonje Award at the latest Busan International Film Festival?,"Jeon Do-hee, Kim So-hee","Jeon Do-hee, Kim So-hee",1,2,temporal_align_qa,2023,propagated from verified-faithful paraphrase,propagated from verified-faithful paraphrase,FAST,484444.94248666835,rerun_24h,1,1,1,1
p_q_9a92a9cc_2,mixed_age_400,1,1,q_9a92a9cc,At which venue was the most recent Japan Women's Open Golf Championship held?,What was the specific spot where the latest Japan Women's Open Golf Championship took place?,What was the specific spot where the latest Japan Women's Open Golf Championship took place?,"Awara Golf Club, Sea Course","Awara Golf Club, Sea Course",1,1,temporal_align_qa,2023,propagated from verified-faithful paraphrase,propagated from verified-faithful paraphrase,FAST,410402.9641817332,rerun_24h,2,2,2,1
p_q_5aac65b6_1,mixed_age_400,1,1,q_5aac65b6,Which film won the Toronto International Film Festival People's Choice Award most recently?,What was the recent winning Toronto International Film Festival People's Choice Award movie?,What was the recent winning Toronto International Film Festival People's Choice Award movie?,The Holdovers,The Holdovers,1,3,temporal_align_qa,2023,propagated from verified-faithful paraphrase,propagated from verified-faithful paraphrase,FAST,512385.645593572,rerun_24h,1,1,1,1
p_q_3141e273_1,mixed_age_400,1,1,q_3141e273,Which jockey rode the winning horse in the latest Mehl-Mülhens-Rennen?,The winner of the latest Mehl-Mülhens-Rennen was who? Which jockey did it on?,The winner of the latest Mehl-Mülhens-Rennen was who? Which jockey did it on?,Andrea Atzeni,Andrea Atzeni,1,1,temporal_align_qa,2023,propagated from verified-faithful paraphrase,propagated from verified-faithful paraphrase,FAST,326074.714749269,rerun_24h,1,1,1,1
p_q_60e402de_3,mixed_age_400|heldout_400,2,1,q_60e402de,Which book won the Orbis Pictus Award for the most recent year awarded?,Which book won the Orbis Pictus Award last year?,Which book won the Orbis Pictus Award last year?,Blue: A History of the Color as Deep as the Sea and as Wide as the Sky,Blue: A History of the Color as Deep as the Sea and as Wide as the Sky,1,1,temporal_align_qa,2023,propagated from verified-faithful paraphrase,propagated from verified-faithful paraphrase,FAST,337525.5454665213,rerun_24h,2,2,2,1
p_q_28b0bd9f_0,mixed_age_400,1,1,q_28b0bd9f,Which film won the Grand Prize at the most recent Baeksang Arts Award?,Which film was the winner of the most recent Baeksang Arts Award's Grand Prize?,Which film was the winner of the most recent Baeksang Arts Award's Grand Prize?,Decision to Leave Award winner,Decision to Leave Award winner,1,2,temporal_align_qa,2023,propagated from verified-faithful paraphrase,propagated from verified-faithful paraphrase,FAST,434560.48438758875,rerun_24h,1,1,1,1
p_q_2f991c6e_1,mixed_age_400,1,1,q_2f991c6e,Who is the most recent recipient of the European Association for Theoretical Computer Science EATCS Award?,Which individual has won the European Association for Theoretical Computer Science EATCS Award recently?,Which individual has won the European Association for Theoretical Computer Science EATCS Award recently?,Amos Fiat,Amos Fiat,1,1,temporal_align_qa,2023,propagated from verified-faithful paraphrase,propagated from verified-faithful paraphrase,FAST,97477.54793447454,rerun_24h,1,1,1,1
q_f09060c5,mixed_age_400,1,0,q_f09060c5,When is the next U.S. federal holiday?,,When is the next U.S. federal holiday?,Columbus Day,Columbus Day,1,10,freshqa,2023,,,FAST,199911.53183849796,rerun_24h,4,2,2,1
q_8e283b0e,mixed_age_400,1,0,q_8e283b0e,What is the title of Julian Sands' latest film?,,What is the title of Julian Sands' latest film?,Double Soul,Double Soul,1,2,temporal_align_qa,2023,latest annotated year in the answer dictionary,latest annotated year in the answer dictionary,FAST,126564.87455427976,rerun_24h,1,1,1,1
q_5efb60e3,mixed_age_400,1,0,q_5efb60e3,Which university did the latest Outland Trophy recipient play for?,,Which university did the latest Outland Trophy recipient play for?,Texas,Texas,1,1,temporal_align_qa,2023,latest annotated year in the answer dictionary,latest annotated year in the answer dictionary,FAST,58208.026812489705,rerun_12h,1,1,1,1
q_4d8a4de4,mixed_age_400,1,0,q_4d8a4de4,Which artist(s) performed on the most recent winner of the Grammy Award for Best Historical Album?,,Which artist(s) performed on the most recent winner of the Grammy Award for Best Historical Album?,Wilco,Wilco,1,1,temporal_align_qa,2023,latest annotated year in the answer dictionary,latest annotated year in the answer dictionary,FAST,245030.27122523822,rerun_24h,2,2,2,1
q_5653e571,mixed_age_400,1,0,q_5653e571,Where was the World Junior Speed Skating Championships held most recently?,,Where was the World Junior Speed Skating Championships held most recently?,Inzell,Inzell,1,1,temporal_align_qa,2023,latest annotated year in the answer dictionary,latest annotated year in the answer dictionary,FAST,109143.18709851606,rerun_24h,2,2,2,1
q_093b18d5,mixed_age_400,1,0,q_093b18d5,Who owned the winning horse in the latest Takamatsunomiya Kinen?,,Who owned the winning horse in the latest Takamatsunomiya Kinen?,Koji Yasuhara,Koji Yasuhara,1,1,temporal_align_qa,2023,latest annotated year in the answer dictionary,latest annotated year in the answer dictionary,FAST,144843.60562099074,rerun_24h,2,2,2,1
q_f0345793,mixed_age_400,1,0,q_f0345793,What television series is Leo Martinez recently in with a recurring role?,,What television series is Leo Martinez recently in with a recurring role?,Senior High,Senior High,1,2,temporal_align_qa,2023,latest annotated year in the answer dictionary,latest annotated year in the answer dictionary,FAST,174738.0479184458,rerun_24h,1,1,1,1
q_fcc76705,mixed_age_400,1,0,q_fcc76705,Who is the most recent recipient of the Hannes Alfvén Prize?,,Who is the most recent recipient of the Hannes Alfvén Prize?,Chandrashekhar Janardan Joshi,Chandrashekhar Janardan Joshi,1,3,temporal_align_qa,2023,latest annotated year in the answer dictionary,latest annotated year in the answer dictionary,FAST,91978.47607450266,rerun_24h,2,2,2,1
q_6f19be8a,mixed_age_400,1,0,q_6f19be8a,Who is the current recipient of the NABC Player of the Year in NCAA Division II basketball?,,Who is the current recipient of the NABC Player of the Year in NCAA Division II basketball?,RJ Sunahara,RJ Sunahara,1,1,temporal_align_qa,2023,latest annotated year in the answer dictionary,latest annotated year in the answer dictionary,FAST,146812.46767461198,rerun_24h,1,1,1,1
q_3c890437,mixed_age_400,1,0,q_3c890437,Who was the owner of the winning horse in the most recent Woodbine Oaks?,,Who was the owner of the winning horse in the most recent Woodbine Oaks?,"Team Valor International, Gary Barber","Team Valor International, Gary Barber",1,1,temporal_align_qa,2023,latest annotated year in the answer dictionary,latest annotated year in the answer dictionary,FAST,59622.533025824945,rerun_12h,2,2,2,1
q_7fc62b46,mixed_age_400,1,0,q_7fc62b46,Who owned the horse that won the latest Hong Kong Sprint?,,Who owned the horse that won the latest Hong Kong Sprint?,"Cheng Ming Leung, Cheng Yu Tung Et Al","Cheng Ming Leung, Cheng Yu Tung Et Al",1,1,temporal_align_qa,2023,latest annotated year in the answer dictionary,latest annotated year in the answer dictionary,FAST,98782.47623887006,rerun_24h,1,1,1,1
q_66b78d55,mixed_age_400,1,0,q_66b78d55,Who hosted the Juno Awards ceremony?,,Who hosted the Juno Awards ceremony?,Simu Liu,Simu Liu,1,1,temporal_align_qa,2023,latest annotated year in the answer dictionary,latest annotated year in the answer dictionary,FAST,196957.2668914138,rerun_24h,1,1,1,1
q_a6d31788,mixed_age_400,1,0,q_a6d31788,Who is the most recent recipient of the Juno Award for Children's Album of the Year?,,Who is the most recent recipient of the Juno Award for Children's Album of the Year?,Walk off the Earth and Romeo Eats,Walk off the Earth and Romeo Eats,1,1,temporal_align_qa,2023,latest annotated year in the answer dictionary,latest annotated year in the answer dictionary,FAST,99739.91032230869,rerun_24h,2,2,2,1
q_c997700b,mixed_age_400,1,0,q_c997700b,Who is the president of the White House Correspondents' Association?,,Who is the president of the White House Correspondents' Association?,Kelly O'Donnell,Kelly O'Donnell,1,1,temporal_align_qa,2023,latest annotated year in the answer dictionary,latest annotated year in the answer dictionary,FAST,263339.47592886037,rerun_24h,2,2,2,1
p_q_51ad3d0a_0,mixed_age_400,1,1,q_51ad3d0a,Which athlete placed third in the latest Iceland's Strongest Man event?,"Who is the worst looking athlete on Iceland's list, as they come in 3rd place for most of their fans?","Who is the worst looking athlete on Iceland's list, as they come in 3rd place for most of their fans?",Theodór Már Gudmundsson,Theodór Már Gudmundsson,1,1,temporal_align_qa,2023,propagated from verified-faithful paraphrase,propagated from verified-faithful paraphrase,MEDIUM,306024.82691557374,rerun_24h,1,1,1,1
p_q_9e9cc170_3,mixed_age_400,1,1,q_9e9cc170,Who was the runner-up in the most recent Bar billiards World Championship?,"Which member of the bar team made it to the last World Championship in Bar billiards, winning only six out of 47?","Which member of the bar team made it to the last World Championship in Bar billiards, winning only six out of 47?",Trevor Gallienne,Trevor Gallienne,1,1,temporal_align_qa,2023,propagated from verified-faithful paraphrase,propagated from verified-faithful paraphrase,MEDIUM,348378.2073235544,rerun_24h,2,2,2,1
p_q_41afd862_3,mixed_age_400,1,1,q_41afd862,Which team did the Los Angeles Angels face in their most recent Opening Day game?,What season did the Los Angeles Angels play?,What season did the Los Angeles Angels play?,Oakland Athletics,Oakland Athletics,1,1,temporal_align_qa,2023,propagated from verified-faithful paraphrase,propagated from verified-faithful paraphrase,MEDIUM,357515.89743915555,rerun_24h,2,2,2,1
p_q_cfb65856_2,mixed_age_400,1,1,q_cfb65856,What model of motorcycle did the winning manufacturer of the Superbike World Championship use?,Which one was the winner of superbike world championship in 1999?,Which one was the winner of superbike world championship in 1999?,Panigale V4 R,Panigale V4 R,1,1,temporal_align_qa,2023,propagated from verified-faithful paraphrase,propagated from verified-faithful paraphrase,MEDIUM,430199.32064438355,rerun_24h,1,1,1,1
p_q_6875d955_0,mixed_age_400,1,1,q_6875d955,Who was the runner-up in the last Honinbo competition?,Who emerged as the runner-up in the most recent Olympic Games?,Who emerged as the runner-up in the most recent Olympic Games?,Yuta Iyama,Yuta Iyama,1,1,temporal_align_qa,2023,propagated from verified-faithful paraphrase,propagated from verified-faithful paraphrase,MEDIUM,584445.2308221764,rerun_24h,2,2,2,1
p_q_827117d8_2,mixed_age_400,1,1,q_827117d8,Who trained the winning horse in the most recent United Nations Stakes?,Who received the most impressive score in the pen during Sunday's United Nations Stakes?,Who received the most impressive score in the pen during Sunday's United Nations Stakes?,Michael J. Maker,Michael J. Maker,1,1,temporal_align_qa,2023,propagated from verified-faithful paraphrase,propagated from verified-faithful paraphrase,MEDIUM,356014.3386661206,rerun_24h,1,1,1,1
p_q_d665e7a3_2,mixed_age_400,1,1,q_d665e7a3,Who was the jockey riding the winning horse in the most recent Mile Championship?,Who won the record of a horse in romp racing over 100m last (mile distance)?,Who won the record of a horse in romp racing over 100m last (mile distance)?,Kota Fujioka,Kota Fujioka,1,1,temporal_align_qa,2023,propagated from verified-faithful paraphrase,propagated from verified-faithful paraphrase,MEDIUM,286333.1481690286,rerun_24h,2,2,2,1
p_q_c64ac1d8_3,mixed_age_400,1,1,q_c64ac1d8,What is the name of the top year-end best selling Tropical Album?,"Could you identify the Tropical album that is still being sold out but will improve in 2010 or 2011, keeping things in mind?","Could you identify the Tropical album that is still being sold out but will improve in 2010 or 2011, keeping things in mind?",Todavia Me Amas: Lo Mejor de Aventura,Todavia Me Amas: Lo Mejor de Aventura,1,1,temporal_align_qa,2023,propagated from verified-faithful paraphrase,propagated from verified-faithful paraphrase,MEDIUM,263653.85727059405,rerun_24h,2,2,2,1
p_q_3a9da6a0_3,mixed_age_400,1,1,q_3a9da6a0,Which team secured the runner-up position in the recent Kyrgyz Premier League season?,"In the recent Ryrgyz Premier League season, who was crowned as the final team's opposite player?","In the recent Ryrgyz Premier League season, who was crowned as the final team's opposite player?",Alay Osh,Alay Osh,1,1,temporal_align_qa,2023,propagated from verified-faithful paraphrase,propagated from verified-faithful paraphrase,MEDIUM,280449.9927504919,rerun_24h,1,1,1,1
p_q_58db0825_0,mixed_age_400|heldout_400,2,1,q_58db0825,Which jockey rode the winning horse in the Southwest Stakes with a time of 1,"Who was the jockey that powered the Swemphalysing Derby horse to home victory in 6: 153 feet, setting a record for fastest time since 1600 last year?","Who was the jockey that powered the Swemphalysing Derby horse to home victory in 6: 153 feet, setting a record for fastest time since 1600 last year?",John R. Velazquez,John R. Velazquez,1,1,temporal_align_qa,2023,propagated from verified-faithful paraphrase,propagated from verified-faithful paraphrase,MEDIUM,540047.2992849958,rerun_24h,2,2,2,1
p_q_15c4dc42_3,mixed_age_400,1,1,q_15c4dc42,Who is the winner of the most recent Sierre-Zinal race?,A. Was they last strong at Sierre-Zinal?,A. Was they last strong at Sierre-Zinal?,Philemon Ombogo Kiriago,Philemon Ombogo Kiriago,1,1,temporal_align_qa,2023,propagated from verified-faithful paraphrase,propagated from verified-faithful paraphrase,MEDIUM,458824.8411361866,rerun_24h,1,1,1,1
p_q_0a6fd0c3_1,mixed_age_400,1,1,q_0a6fd0c3,Who is the jockey that rode the latest winning horse in the Prix Jean-Luc Lagardère?,"At the upcoming Prix Jean-Luc Lagardère, who is usually selected as one of the contenders in retrieving victory?","At the upcoming Prix Jean-Luc Lagardère, who is usually selected as one of the contenders in retrieving victory?",Sean Levey,Sean Levey,1,1,temporal_align_qa,2023,propagated from verified-faithful paraphrase,propagated from verified-faithful paraphrase,MEDIUM,252485.51627358343,rerun_24h,1,1,1,1
p_q_54467ccf_3,mixed_age_400,1,1,q_54467ccf,Who is one of the outfielders in the National League who has won a Gold Glove Award?,"Which hitter has earned a spot in the National League with kicking offense at home plate, and what percentage of fans share that knowledge?","Which hitter has earned a spot in the National League with kicking offense at home plate, and what percentage of fans share that knowledge?",Ian Happ,Ian Happ,1,1,temporal_align_qa,2023,propagated from verified-faithful paraphrase,propagated from verified-faithful paraphrase,MEDIUM,454409.6480790337,rerun_24h,1,1,1,1
p_q_0e39d599_1,mixed_age_400,1,1,q_0e39d599,What role did Larry Joe Campbell play in his most recent television series appearance?,"in the most recent TV series you watched), how important was Larry Joe Campbell? When eve all shows are about themes, please include comment form or notes to make participants informed of every prize available: free dictionary entry for two.","in the most recent TV series you watched), how important was Larry Joe Campbell? When eve all shows are about themes, please include comment form or notes to make participants informed of every prize available: free dictionary entry for two.",Park Ranger,Park Ranger,1,1,temporal_align_qa,2023,propagated from verified-faithful paraphrase,,MEDIUM,247532.2187861443,rerun_24h,1,1,1,1
p_q_3f8c84fb_1,mixed_age_400,1,1,q_3f8c84fb,Which school holds the championship title for Class 2A in the Iowa Girls High School Athletic Union Softball?,Host Class 2A Champions/Weir Girls High School Athletic Union Softball team?(we won not agree...),Host Class 2A Champions/Weir Girls High School Athletic Union Softball team?(we won not agree...),Iowa City Regina,Iowa City Regina,1,1,temporal_align_qa,2023,propagated from verified-faithful paraphrase,propagated from verified-faithful paraphrase,MEDIUM,263301.9664680662,rerun_24h,2,2,2,1
p_q_15c687de_0,mixed_age_400,1,1,q_15c687de,Who was the victorious driver in the Daytona 300 race?,Which motorbike racer proven to be the competition at Daytona 300?,Which motorbike racer proven to be the competition at Daytona 300?,Austin Hill,Austin Hill,1,1,temporal_align_qa,2023,propagated from verified-faithful paraphrase,propagated from verified-faithful paraphrase,MEDIUM,590742.8782267882,rerun_24h,2,2,2,1
p_q_2d8fe2cc_3,mixed_age_400,1,1,q_2d8fe2cc,Who rode the winning horse in the most recent Prix Robert Papin?,On whom was the winner of last year’s Prix Robert Papin?,On whom was the winner of last year’s Prix Robert Papin?,Aurelien Lemaitre,Aurelien Lemaitre,1,1,temporal_align_qa,2023,propagated from verified-faithful paraphrase,propagated from verified-faithful paraphrase,MEDIUM,511629.68486562406,rerun_24h,1,1,1,1
p_q_5a80cc0d_2,mixed_age_400,1,1,q_5a80cc0d,Who is the champion of the men’s category in the Walt Disney World Marathon?,Who triumphed in the race against their male counterparts for entry into the Walt Disney World Marathon?,Who triumphed in the race against their male counterparts for entry into the Walt Disney World Marathon?,Daniel Dos Santos,Daniel Dos Santos,1,1,temporal_align_qa,2023,propagated from verified-faithful paraphrase,propagated from verified-faithful paraphrase,MEDIUM,107387.01194931056,rerun_24h,2,2,2,1
p_q_ac1b24c0_3,mixed_age_400,1,1,q_ac1b24c0,Who is the current Downing Street Press Secretary?,"Who holds the title of Press Secretary at present, and can you provide an update on their role?","Who holds the title of Press Secretary at present, and can you provide an update on their role?",Nerissa Chesterfield,Nerissa Chesterfield,1,2,temporal_align_qa,2023,propagated from verified-faithful paraphrase,propagated from verified-faithful paraphrase,MEDIUM,219307.20535347334,rerun_24h,1,1,1,1
p_q_794f635d_3,mixed_age_400,1,1,q_794f635d,Who was the jockey that rode the winning horse in the most recent Gordon Stakes race?,Who was responsible for placing the pen to victory in the Gordon Stakes earlier this month?,Who was responsible for placing the pen to victory in the Gordon Stakes earlier this month?,Tom Marquand,Tom Marquand,1,1,temporal_align_qa,2023,propagated from verified-faithful paraphrase,propagated from verified-faithful paraphrase,MEDIUM,269707.8616290994,rerun_24h,1,1,1,1
p_q_2520c5d9_0,mixed_age_400,1,1,q_2520c5d9,Which duo won the gold medal in the European Beach Volleyball Championship most recently?,Who made it to the elite team’s list of winners after their victory in last year's European Beach Volleyball Championship with a golden crown?,Who made it to the elite team’s list of winners after their victory in last year's European Beach Volleyball Championship with a golden crown?,David Åhman Jonatan Hellvig,David Åhman Jonatan Hellvig,1,1,temporal_align_qa,2023,propagated from verified-faithful paraphrase,propagated from verified-faithful paraphrase,MEDIUM,533255.7087699184,rerun_24h,2,2,2,1
p_q_0a3d5709_3,mixed_age_400,1,1,q_0a3d5709,Which football club is the current champion of the NIFL Championship?,Who is presently the leader in terms of wins for National Football League (NFL) Championship?,Who is presently the leader in terms of wins for National Football League (NFL) Championship?,Loughgall,Loughgall,1,1,temporal_align_qa,2023,propagated from verified-faithful paraphrase,propagated from verified-faithful paraphrase,MEDIUM,217616.32558486098,rerun_24h,1,1,1,1
p_q_3e28f963_1,mixed_age_400,1,1,q_3e28f963,What's the current Tomatometer score of The Lord of the Rings: The Rings of Power on Rotten Tomatoes?,What is the current reading on Tomatometer that allows us to see The Lord of the Rings: The Ring of Power in its entirety?,What is the current reading on Tomatometer that allows us to see The Lord of the Rings: The Ring of Power in its entirety?,83%,83%,1,2,freshqa,2022,propagated from verified-faithful paraphrase,propagated from verified-faithful paraphrase,MEDIUM,588142.213245556,rerun_24h,4,3,3,1
p_q_0a6fd0c3_0,mixed_age_400,1,1,q_0a6fd0c3,Who is the jockey that rode the latest winning horse in the Prix Jean-Luc Lagardère?,What team is currently leading the winner of this year's Prix Jean-Luc Lagardère?,What team is currently leading the winner of this year's Prix Jean-Luc Lagardère?,Sean Levey,Sean Levey,1,1,temporal_align_qa,2023,propagated from verified-faithful paraphrase,propagated from verified-faithful paraphrase,MEDIUM,465920.5510567238,rerun_24h,1,1,1,1
p_q_02fa4ec7_1,mixed_age_400,1,1,q_02fa4ec7,Who was the top league scorer for Everton F.C.?,Who was most outstanding goalkeeper of Everton F.C. in Ligue 1?,Who was most outstanding goalkeeper of Everton F.C. in Ligue 1?,D. McNeil,D. McNeil,1,1,temporal_align_qa,2023,propagated from verified-faithful paraphrase,propagated from verified-faithful paraphrase,MEDIUM,60489.755343982906,rerun_12h,1,1,1,1
p_q_43f2a8a0_3,mixed_age_400,1,1,q_43f2a8a0,What team ended up thirteenth in the standings of the Western Conference most recently?,Who won the thirteenth game in the Western Conference's history?,Who won the thirteenth game in the Western Conference's history?,Portugal,Portugal,1,1,temporal_align_qa,2023,propagated from verified-faithful paraphrase,propagated from verified-faithful paraphrase,MEDIUM,572616.3508176097,rerun_24h,2,1,1,1
p_q_60131439_3,mixed_age_400,1,1,q_60131439,Which team won the American Basketball Association championship most recently?,What was the most recent team to win an ALBA championship?,What was the most recent team to win an ALBA championship?,Burning River Buckets / Indiana Lyons,Burning River Buckets / Indiana Lyons,1,1,temporal_align_qa,2023,propagated from verified-faithful paraphrase,propagated from verified-faithful paraphrase,MEDIUM,578886.064951872,rerun_24h,1,1,1,1
p_q_f8c707c8_3,mixed_age_400,1,1,q_f8c707c8,Where was the International Political Science Association World Congress held?,What was the page number for the International Political Science Association World Congress?,What was the page number for the International Political Science Association World Congress?,Seoul,Seoul,1,2,temporal_align_qa,2023,propagated from verified-faithful paraphrase,propagated from verified-faithful paraphrase,MEDIUM,361284.4849051412,rerun_24h,1,1,1,1
p_q_f49c2f47_3,mixed_age_400,1,1,q_f49c2f47,What is the name of the Adidas ball currently used in the UEFA Champions League final?,Which portion of the UEFA Champions League final is actually where my Adidas ball was changed to?,Which portion of the UEFA Champions League final is actually where my Adidas ball was changed to?,Adidas Finale 22,Adidas Finale 22,1,1,temporal_align_qa,2023,propagated from verified-faithful paraphrase,propagated from verified-faithful paraphrase,MEDIUM,347625.5895140199,rerun_24h,1,1,1,1
p_q_4ddbae0c_0,mixed_age_400,1,1,q_4ddbae0c,Who is the current Master of the Worshipful Company of Security Professionals?,Who is currently serving as the Master of a highly professional security certification firm?,Who is currently serving as the Master of a highly professional security certification firm?,Paul Miller,Paul Miller,1,1,temporal_align_qa,2023,propagated from verified-faithful paraphrase,propagated from verified-faithful paraphrase,MEDIUM,201312.88927204034,rerun_24h,2,2,2,1
p_q_f6645f8f_0,mixed_age_400,1,1,q_f6645f8f,Who won the gold medal in the women's category of the latest Finnish Junior Figure Skating Championship?,Which male skater achieved the highest gold medal position at the latest Finnish Junior Figure Skating Championship?,Which male skater achieved the highest gold medal position at the latest Finnish Junior Figure Skating Championship?,Iida Karhunen,Iida Karhunen,1,1,temporal_align_qa,2023,propagated from verified-faithful paraphrase,propagated from verified-faithful paraphrase,MEDIUM,270900.95272012777,rerun_24h,1,1,1,1
p_q_801947bd_0,mixed_age_400,1,1,q_801947bd,Which driver claimed victory at the latest Sno*Drift rally?,Who took home the top pitch at the Sno*Drift rally they organized recently?,Who took home the top pitch at the Sno*Drift rally they organized recently?,Canada Brandon Semenuk,Canada Brandon Semenuk,1,1,temporal_align_qa,2023,propagated from verified-faithful paraphrase,propagated from verified-faithful paraphrase,MEDIUM,578133.5060926356,rerun_24h,2,2,2,1
p_q_2a49e766_3,mixed_age_400,1,1,q_2a49e766,Who currently holds the position of manager for Beijing Guoan F.C.?,Can you provide me with the current rank of Ping Guoan F.C. manager?,Can you provide me with the current rank of Ping Guoan F.C. manager?,Netherlands Stanley Menzo,Netherlands Stanley Menzo,1,1,temporal_align_qa,2023,propagated from verified-faithful paraphrase,propagated from verified-faithful paraphrase,MEDIUM,389455.9407475003,rerun_24h,2,2,2,1
p_q_b9ad203c_3,mixed_age_400,1,1,q_b9ad203c,What is the alcoholic strength of the most recently released batch of A'bunadh?,What is the specific wine strength of A'bunadh in this newly launched recipe?,What is the specific wine strength of A'bunadh in this newly launched recipe?,60.5%,60.5%,1,3,temporal_align_qa,2023,propagated from verified-faithful paraphrase,propagated from verified-faithful paraphrase,MEDIUM,229040.16983856767,rerun_24h,3,3,3,1
p_q_36c62536_1,mixed_age_400,1,1,q_36c62536,Which team is the most recent winner of the Suomi-sarja gold medal?,Who was the last entity to come out on top and claim gold in Suomi-sarja?,Who was the last entity to come out on top and claim gold in Suomi-sarja?,Pyry,Pyry,1,1,temporal_align_qa,2023,propagated from verified-faithful paraphrase,propagated from verified-faithful paraphrase,MEDIUM,528088.4710552574,rerun_24h,1,1,1,1
p_q_71c4d6a7_2,mixed_age_400,1,1,q_71c4d6a7,Which institution's athlete won the NABC Player of the Year in NCAA Division III most recently?,Who is the recent 2017 NABC Player of the Year winner and College Gymnastics All-NBA Division III?,Who is the recent 2017 NABC Player of the Year winner and College Gymnastics All-NBA Division III?,Wheaton,Wheaton,1,1,temporal_align_qa,2023,propagated from verified-faithful paraphrase,propagated from verified-faithful paraphrase,MEDIUM,409726.57784407545,rerun_24h,1,1,1,1
p_q_935fff1b_0,mixed_age_400,1,1,q_935fff1b,Who was the trainer of the winning horse in the latest edition of the Coronation Stakes?,Which commercial/steered trainer won the winning Coronation Stakes last night?,Which commercial/steered trainer won the winning Coronation Stakes last night?,Dermot Weld,Dermot Weld,1,1,temporal_align_qa,2023,propagated from verified-faithful paraphrase,propagated from verified-faithful paraphrase,MEDIUM,474090.810014465,rerun_24h,2,2,2,1
p_q_645572d1_1,mixed_age_400,1,1,q_645572d1,Which team was the runner-up in the Korvpalli Meistriliiga championship?,Which club secured the lower part of its title in the Korvpalli Meistriliiga?,Which club secured the lower part of its title in the Korvpalli Meistriliiga?,Tartu Ülikool Maks & Moorits,Tartu Ülikool Maks & Moorits,1,1,temporal_align_qa,2023,propagated from verified-faithful paraphrase,propagated from verified-faithful paraphrase,MEDIUM,437312.6765602803,rerun_24h,1,1,1,1
p_q_5329f934_3,mixed_age_400,1,1,q_5329f934,Who is the leading goalkicker for the Brisbane Lions Australian Football League team?,"On the Brisbane Lions Melbourne Cup, who is recognized as the most outstanding scorer?","On the Brisbane Lions Melbourne Cup, who is recognized as the most outstanding scorer?",Joe Daniher,Joe Daniher,1,1,temporal_align_qa,2023,propagated from verified-faithful paraphrase,propagated from verified-faithful paraphrase,MEDIUM,344353.258513259,rerun_24h,1,1,1,1
p_q_48e27a79_2,mixed_age_400,1,1,q_48e27a79,Which pair earned the silver medal in the Pairs category at the last European Figure Skating Championships?,Figure Skating Championships: Who won the silver medal (prior to this event) in Pairs with 3 Gold Medalist awards?,Figure Skating Championships: Who won the silver medal (prior to this event) in Pairs with 3 Gold Medalist awards?,Rebecca Ghilardi / Filippo Ambrosini,Rebecca Ghilardi / Filippo Ambrosini,1,1,temporal_align_qa,2023,propagated from verified-faithful paraphrase,propagated from verified-faithful paraphrase,MEDIUM,330361.1598405463,rerun_24h,1,1,1,1
p_q_8853a8be_2,mixed_age_400,1,1,q_8853a8be,Which team was the runner-up in the latest Ranji Trophy final?,Lakota: Who was the Last team to win this years Ranji Trophy?,Lakota: Who was the Last team to win this years Ranji Trophy?,Bengal,Bengal,1,1,temporal_align_qa,2023,propagated from verified-faithful paraphrase,propagated from verified-faithful paraphrase,MEDIUM,269444.71223650035,rerun_24h,1,1,1,1
p_q_8ac2e944_2,mixed_age_400,1,1,q_8ac2e944,What was the probability of the most recent NBA draft lottery winner to get the first pick?,When did the youngest lottery winner of this particular NBA draft become the first pick in rankings?,When did the youngest lottery winner of this particular NBA draft become the first pick in rankings?,14.0014.00%,14.0014.00%,1,1,temporal_align_qa,2023,propagated from verified-faithful paraphrase,propagated from verified-faithful paraphrase,MEDIUM,316652.47305800853,rerun_24h,2,2,1,0
p_q_b220eed5_0,mixed_age_400|heldout_400,2,1,q_b220eed5,Which driver won the latest HighPoint.com 400 race?,Who claimed the top position in yesterday's HighPoint.com 400?,Who claimed the top position in yesterday's HighPoint.com 400?,Denny Hamlin,Denny Hamlin,1,1,temporal_align_qa,2023,propagated from verified-faithful paraphrase,propagated from verified-faithful paraphrase,MEDIUM,407919.33126172813,rerun_24h,4,4,4,1
p_q_14607683_0,mixed_age_400,1,1,q_14607683,Which trainer prepared the winning horse of the latest Norfolk Stakes (Great Britain)?,Who trained the successful stallion in the latest Norfolk Stakes (Great Britain)?,Who trained the successful stallion in the latest Norfolk Stakes (Great Britain)?,Adrian Murray,Adrian Murray,1,1,temporal_align_qa,2023,propagated from verified-faithful paraphrase,propagated from verified-faithful paraphrase,MEDIUM,299469.6154252968,rerun_24h,1,1,1,1
p_q_67c87177_1,mixed_age_400,1,1,q_67c87177,Who was the most recent recipient of the Ron McAuliffe Medal?,"Before anyone else, what is the name of the individual who received the Ron McAuliffe Medal?","Before anyone else, what is the name of the individual who received the Ron McAuliffe Medal?",Reuben Cotter,Reuben Cotter,1,1,temporal_align_qa,2023,propagated from verified-faithful paraphrase,propagated from verified-faithful paraphrase,MEDIUM,155034.8749958743,rerun_24h,2,2,2,1
p_q_16f7110e_1,mixed_age_400,1,1,q_16f7110e,Which football club was the runner-up in the last KNVB Women's Cup final?,What team came in second place to contest the KNVB Women's Cup?,What team came in second place to contest the KNVB Women's Cup?,PSV,PSV,1,1,temporal_align_qa,2023,propagated from verified-faithful paraphrase,propagated from verified-faithful paraphrase,MEDIUM,268432.8989147379,rerun_24h,1,1,1,1
p_q_c52c10db_1,mixed_age_400,1,1,q_c52c10db,Which jockey rode the winning horse in the most recent Tenno Sho Spring?,Who steered the victorious horse in this year's Tenno Sho Spring during Jockey?,Who steered the victorious horse in this year's Tenno Sho Spring during Jockey?,Christophe Lemaire,Christophe Lemaire,1,1,temporal_align_qa,2023,propagated from verified-faithful paraphrase,propagated from verified-faithful paraphrase,MEDIUM,327588.233582052,rerun_24h,2,2,2,1
p_q_c973e5b1_0,mixed_age_400,1,1,q_c973e5b1,Who is the recipient of the most recent FWA Tribute Award?,Who has given the FWA Tribute Award after its previous presentation?,Who has given the FWA Tribute Award after its previous presentation?,Yaya Touré,Yaya Touré,1,1,temporal_align_qa,2023,propagated from verified-faithful paraphrase,propagated from verified-faithful paraphrase,MEDIUM,535678.4989663966,rerun_24h,1,1,1,1
p_q_6a754bab_0,mixed_age_400,1,1,q_6a754bab,Who is the current President of the Institute of Physics and Engineering in Medicine?,I'm curious to know the identity of who is heading the Institute of Physics and Engineering in Medicine.,I'm curious to know the identity of who is heading the Institute of Physics and Engineering in Medicine.,Dr Robert Farley,Dr Robert Farley,1,1,temporal_align_qa,2023,propagated from verified-faithful paraphrase,propagated from verified-faithful paraphrase,MEDIUM,411690.4284127001,rerun_24h,2,2,2,1
p_q_9aa8fdeb_0,mixed_age_400,1,1,q_9aa8fdeb,What is John Carroll Lynch's character in his most recent television appearance?,What is the character explained by John Carroll Lynch in his recent TV series?,What is the character explained by John Carroll Lynch in his recent TV series?,John N. Mitchell,John N. Mitchell,1,1,temporal_align_qa,2023,propagated from verified-faithful paraphrase,propagated from verified-faithful paraphrase,MEDIUM,266512.10675700626,rerun_24h,1,1,1,1
p_q_b32eed02_0,mixed_age_400,1,1,q_b32eed02,Who trained the horse that won the last Preis der Diana?,Who provided the training for the horse that just won the Prix der Diana competition?,Who provided the training for the horse that just won the Prix der Diana competition?,Henk Grewe,Henk Grewe,1,1,temporal_align_qa,2023,propagated from verified-faithful paraphrase,propagated from verified-faithful paraphrase,MEDIUM,343439.5140484664,rerun_24h,1,1,1,1
p_q_9e9cc170_2,mixed_age_400,1,1,q_9e9cc170,Who was the runner-up in the most recent Bar billiards World Championship?,Who was declared the winner of the most recent Bar billiards World Championship?,Who was declared the winner of the most recent Bar billiards World Championship?,Trevor Gallienne,Trevor Gallienne,1,1,temporal_align_qa,2023,propagated from verified-faithful paraphrase,propagated from verified-faithful paraphrase,MEDIUM,550160.497913378,rerun_24h,2,2,2,1
p_q_90bb4e98_0,mixed_age_400,1,1,q_90bb4e98,Who holds the position of director at TG1 right now?,Who is condense director at TG1?,Who is condense director at TG1?,Gian Marco Chiocci,Gian Marco Chiocci,1,2,temporal_align_qa,2023,propagated from verified-faithful paraphrase,propagated from verified-faithful paraphrase,MEDIUM,296665.8677842039,rerun_24h,1,1,1,1
p_q_4dfb357f_0,mixed_age_400,1,1,q_4dfb357f,What was the winning score at the latest Price Cutter Charity Championship?,What was the highest bid in the Price Cutter Charity Championship's previous occasion?,What was the highest bid in the Price Cutter Charity Championship's previous occasion?,263,263,1,1,temporal_align_qa,2023,propagated from verified-faithful paraphrase,propagated from verified-faithful paraphrase,MEDIUM,455839.579272296,rerun_24h,2,2,2,1
p_q_85ab1b76_1,mixed_age_400,1,1,q_85ab1b76,Who was the trainer of the winning horse in the most recent Prix Ganay race?,Who tipped the finishing horse in the latest Prix Ganay?,Who tipped the finishing horse in the latest Prix Ganay?,Jean-Pierre Gauvin,Jean-Pierre Gauvin,1,1,temporal_align_qa,2023,propagated from verified-faithful paraphrase,propagated from verified-faithful paraphrase,MEDIUM,564042.2532819612,rerun_24h,2,2,2,1
p_q_0899721b_0,mixed_age_400,1,1,q_0899721b,Who is the University of California student regent?,Who a the regent of University of California?,Who a the regent of University of California?,Marlenee Blas Pedral,Marlenee Blas Pedral,1,2,temporal_align_qa,2023,propagated from verified-faithful paraphrase,propagated from verified-faithful paraphrase,MEDIUM,582548.257956044,rerun_24h,2,2,2,1
p_q_86e95f29_0,mixed_age_400,1,1,q_86e95f29,Where was the awards night of the most recent Metro Manila Film Festival held?,In what location did the recent awards ceremony at the Metro Manila Film Festival occur?,In what location did the recent awards ceremony at the Metro Manila Film Festival occur?,New Frontier Theater,New Frontier Theater,1,1,temporal_align_qa,2023,propagated from verified-faithful paraphrase,propagated from verified-faithful paraphrase,MEDIUM,432346.76167495135,rerun_24h,1,1,1,1
p_q_14607683_1,mixed_age_400,1,1,q_14607683,Which trainer prepared the winning horse of the latest Norfolk Stakes (Great Britain)?,Which jockey trained the winner of this year's Norfolk Stakes (Great Britain)?,Which jockey trained the winner of this year's Norfolk Stakes (Great Britain)?,Adrian Murray,Adrian Murray,1,1,temporal_align_qa,2023,propagated from verified-faithful paraphrase,propagated from verified-faithful paraphrase,MEDIUM,576842.2583997509,rerun_24h,1,1,1,1
p_q_9b44b067_0,mixed_age_400,1,1,q_9b44b067,Who is the current manager of the Thailand national football team?,Can you tell me the name of the football coach who serves as Thailand's national team leader?,Can you tell me the name of the football coach who serves as Thailand's national team leader?,Alexandré Pölking,Alexandré Pölking,1,1,temporal_align_qa,2023,propagated from verified-faithful paraphrase,propagated from verified-faithful paraphrase,MEDIUM,138146.09668830325,rerun_24h,1,1,1,1
p_q_67c87177_3,mixed_age_400,1,1,q_67c87177,Who was the most recent recipient of the Ron McAuliffe Medal?,Which person was awarded the Ron McAuliffe Medal?,Which person was awarded the Ron McAuliffe Medal?,Reuben Cotter,Reuben Cotter,1,1,temporal_align_qa,2023,propagated from verified-faithful paraphrase,propagated from verified-faithful paraphrase,MEDIUM,574530.7989612096,rerun_24h,2,2,2,1
p_q_c66aa371_2,mixed_age_400,1,1,q_c66aa371,Which car received a special award for the most advanced technology in Japan?,What car was recognized as the most advanced in Japan?,What car was recognized as the most advanced in Japan?,BMW iX  Nissan X-Trail  Honda Civic e:HEV/Type R  Nissan Sakura/Mitsubishi eK X EV,BMW iX  Nissan X-Trail  Honda Civic e:HEV/Type R  Nissan Sakura/Mitsubishi eK X EV,1,1,temporal_align_qa,2023,propagated from verified-faithful paraphrase,propagated from verified-faithful paraphrase,MEDIUM,168753.0923709053,rerun_24h,1,1,1,1
p_q_0c61ace3_3,mixed_age_400|heldout_400,2,1,q_0c61ace3,Which athlete won the Giant Slalom Men's World Cup?,What individual was declared the winner of the Giant Slalom Men's World Cup?,What individual was declared the winner of the Giant Slalom Men's World Cup?,Marco Odermatt,Marco Odermatt,1,1,temporal_align_qa,2023,propagated from verified-faithful paraphrase,propagated from verified-faithful paraphrase,MEDIUM,490193.4779826022,rerun_24h,1,1,1,1
p_q_c2bcbdff_2,mixed_age_400,1,1,q_c2bcbdff,Who won the most recent IndyCar race at Texas Motor Speedway?,Who was the triumphant record-stealing participant in the most recent IndyCar race held at Texas Motor Speedway?,Who was the triumphant record-stealing participant in the most recent IndyCar race held at Texas Motor Speedway?,Josef Newgarden,Josef Newgarden,1,1,temporal_align_qa,2023,propagated from verified-faithful paraphrase,propagated from verified-faithful paraphrase,MEDIUM,307048.70384108875,rerun_24h,1,1,1,1
p_q_75e28045_2,mixed_age_400,1,1,q_75e28045,Which university’s team won the Design/Build/Fly competition?,"Who was declared the winner of the Design/Build/Fly competition, specifically from a university?","Who was declared the winner of the Design/Build/Fly competition, specifically from a university?",RWTH Aachen University,RWTH Aachen University,1,1,temporal_align_qa,2023,propagated from verified-faithful paraphrase,propagated from verified-faithful paraphrase,MEDIUM,307086.6378829153,rerun_24h,2,2,2,1
p_q_8e1c3bc4_1,mixed_age_400,1,1,q_8e1c3bc4,Which player won the Calder Memorial Trophy as the rookie of the year in the National Hockey League?,National Hockey League: Who is now rookie of the year who lifted the Calder Memorial Trophy?,National Hockey League: Who is now rookie of the year who lifted the Calder Memorial Trophy?,Matty Beniers,Matty Beniers,1,1,temporal_align_qa,2023,propagated from verified-faithful paraphrase,propagated from verified-faithful paraphrase,MEDIUM,512376.73459017,rerun_24h,1,1,1,1
p_q_bac0fe01_3,mixed_age_400,1,1,q_bac0fe01,Which team is the current champion of the All-Ireland Junior Ladies' Football Championship?,"Who, if any, is at the top spot in this year's All-Ireland Junior Ladies' Football Championship?","Who, if any, is at the top spot in this year's All-Ireland Junior Ladies' Football Championship?",Down,Down,1,1,temporal_align_qa,2023,propagated from verified-faithful paraphrase,propagated from verified-faithful paraphrase,MEDIUM,440729.8699563992,rerun_24h,1,1,1,1
p_q_fbc7a20d_2,mixed_age_400,1,1,q_fbc7a20d,Who won the gold medal in the women’s category at the most recent Swiss Figure Skating Championships?,Who was the champion of women's figure skating at the latest Swiss Figure Skating Championships?,Who was the champion of women's figure skating at the latest Swiss Figure Skating Championships?,Livia Kaiser,Livia Kaiser,1,1,temporal_align_qa,2023,propagated from verified-faithful paraphrase,propagated from verified-faithful paraphrase,MEDIUM,341404.9023601046,rerun_24h,2,2,2,1
p_q_02895ac6_0,mixed_age_400,1,1,q_02895ac6,Who was the trainer of the horse that won the latest Galway Hurdle?,Who trained the horse involved in last Saturday's Galway Hurdle?,Who trained the horse involved in last Saturday's Galway Hurdle?,Willie Mullins,Willie Mullins,1,1,temporal_align_qa,2023,propagated from verified-faithful paraphrase,propagated from verified-faithful paraphrase,MEDIUM,443060.13306060026,rerun_24h,2,2,2,1
p_q_1fe5242d_3,mixed_age_400,1,1,q_1fe5242d,Who was the jockey that rode the winning horse in the latest Hong Kong Sprint?,Which jockey rode out the winner horse in recent Hong Kong Sprint?,Which jockey rode out the winner horse in recent Hong Kong Sprint?,Zac Purton,Zac Purton,1,1,temporal_align_qa,2023,propagated from verified-faithful paraphrase,propagated from verified-faithful paraphrase,MEDIUM,557897.5723727024,rerun_24h,2,2,2,1
p_q_47ba6dcb_1,mixed_age_400,1,1,q_47ba6dcb,What company is displayed as the current shirt sponsor on Hapoel Haifa F.C.'s jerseys?,Do you know the current shirt sponsor of Hapoel Haifa F.C.?,Do you know the current shirt sponsor of Hapoel Haifa F.C.?,Leos,Leos,1,1,temporal_align_qa,2023,propagated from verified-faithful paraphrase,propagated from verified-faithful paraphrase,MEDIUM,370550.87848561397,rerun_24h,1,1,1,1
p_q_99dcb85c_0,mixed_age_400,1,1,q_99dcb85c,Which team won the Wayne County Athletic League boys football championship most recently?,Who was the team that took home the latest Wayne County Athletic League boys football championship title?,Who was the team that took home the latest Wayne County Athletic League boys football championship title?,"Dalton, Northwestern","Dalton, Northwestern",1,1,temporal_align_qa,2023,propagated from verified-faithful paraphrase,propagated from verified-faithful paraphrase,MEDIUM,540583.2013086472,rerun_24h,2,2,2,1
p_q_3b332e4e_2,mixed_age_400,1,1,q_3b332e4e,Who are the current champions in the Luge World Cup Men's doubles?,Who are the reigning champions in doubles competition at Luge World Cup Men?,Who are the reigning champions in doubles competition at Luge World Cup Men?,Germany Tobias Wendl  Tobias Arlt,Germany Tobias Wendl  Tobias Arlt,1,1,temporal_align_qa,2023,propagated from verified-faithful paraphrase,propagated from verified-faithful paraphrase,MEDIUM,491874.44366951386,rerun_24h,1,1,1,1
p_q_c354442b_1,mixed_age_400,1,1,q_c354442b,Who currently holds the position of Minister of Foreign Affairs in Madagascar?,Who is presently serving as the Foreign Affairs Minister of Madagascar?,Who is presently serving as the Foreign Affairs Minister of Madagascar?,Léon Rakotonirina  Acting Minister,Léon Rakotonirina  Acting Minister,1,2,temporal_align_qa,2023,propagated from verified-faithful paraphrase,propagated from verified-faithful paraphrase,MEDIUM,331119.7489203253,rerun_24h,1,1,1,1
p_q_33ca27e1_2,mixed_age_400,1,1,q_33ca27e1,Who was the jockey for the winning horse at the Musidora Stakes?,Who was the jockey that steered his horse to win the Musidora Stakes?,Who was the jockey that steered his horse to win the Musidora Stakes?,Frankie Dettori,Frankie Dettori,1,1,temporal_align_qa,2023,propagated from verified-faithful paraphrase,propagated from verified-faithful paraphrase,MEDIUM,305565.0206461548,rerun_24h,1,1,1,1
p_q_9b57150e_1,mixed_age_400,1,1,q_9b57150e,Where did the Seattle Mariners play their most recent Opening Day game?,Where was the last Opening Day game for the Seattle Mariners?,Where was the last Opening Day game for the Seattle Mariners?,T-Mobile Park,T-Mobile Park,1,1,temporal_align_qa,2023,propagated from verified-faithful paraphrase,propagated from verified-faithful paraphrase,MEDIUM,332840.9607072424,rerun_24h,2,2,2,1
p_q_df05880a_1,mixed_age_400,1,1,q_df05880a,Which team won the third-place match in the most recent Bulgarian Basketball Cup?,Who claimed the third spot in the newest Bulgarian Basketball Cup tournament?,Who claimed the third spot in the newest Bulgarian Basketball Cup tournament?,Chernomorets and Balkan Botevgrad,Chernomorets and Balkan Botevgrad,1,1,temporal_align_qa,2023,propagated from verified-faithful paraphrase,propagated from verified-faithful paraphrase,MEDIUM,486306.63349893346,rerun_24h,1,1,1,1
p_q_33f8046d_2,mixed_age_400,1,1,q_33f8046d,Who is the current Individual Speedway World Championship winner?,Who holds the Individual Speedway World Championship title at present?,Who holds the Individual Speedway World Championship title at present?,Bartosz Zmarzlik,Bartosz Zmarzlik,1,1,temporal_align_qa,2023,propagated from verified-faithful paraphrase,propagated from verified-faithful paraphrase,MEDIUM,517814.38663468615,rerun_24h,1,1,1,1
p_q_fddc380c_2,mixed_age_400,1,1,q_fddc380c,Which club does the current Grogan Medal winner play for?,What is the current club affiliation of the Grogan Medal winner?,What is the current club affiliation of the Grogan Medal winner?,Broadbeach,Broadbeach,1,1,temporal_align_qa,2023,propagated from verified-faithful paraphrase,propagated from verified-faithful paraphrase,MEDIUM,127219.0587154959,rerun_24h,2,2,2,1
p_q_f54d3aa2_1,mixed_age_400|heldout_400,2,1,q_f54d3aa2,Who is the current head coach of Galatasaray S.K. men's basketball team?,Who is the appointed head coach of Galatasaray S.K. men's basketball team?,Who is the appointed head coach of Galatasaray S.K. men's basketball team?,Greece Andreas Pistiolis,Greece Andreas Pistiolis,1,1,temporal_align_qa,2023,propagated from verified-faithful paraphrase,propagated from verified-faithful paraphrase,MEDIUM,508690.1514537191,rerun_24h,2,2,2,1
p_q_75e28045_3,mixed_age_400,1,1,q_75e28045,Which university’s team won the Design/Build/Fly competition?,What university was the winner of the Design/Build/Fly competition?,What university was the winner of the Design/Build/Fly competition?,RWTH Aachen University,RWTH Aachen University,1,1,temporal_align_qa,2023,propagated from verified-faithful paraphrase,propagated from verified-faithful paraphrase,MEDIUM,391777.123876708,rerun_24h,2,2,2,1
p_q_b9a75c82_1,mixed_age_400,1,1,q_b9a75c82,Which hockey team won the Men's England Hockey League?,Which team triumphed in the Men's England Hockey League?,Which team triumphed in the Men's England Hockey League?,Old Georgians,Old Georgians,1,1,temporal_align_qa,2023,propagated from verified-faithful paraphrase,propagated from verified-faithful paraphrase,MEDIUM,463137.6271938727,rerun_24h,2,2,2,1
p_q_39cd95a7_1,mixed_age_400,1,1,q_39cd95a7,Where will NeurIPS be located this year?,In what location is NeurIPS scheduled to take place this year?,In what location is NeurIPS scheduled to take place this year?,New Orleans,New Orleans,1,6,freshqa,2023,propagated from verified-faithful paraphrase,propagated from verified-faithful paraphrase,MEDIUM,512083.6239133108,rerun_24h,4,3,3,1
p_q_78251db1_0,mixed_age_400,1,1,q_78251db1,What is the location of the football stadium for the Azerbaijan Cup Final match?,What is the identity of the football stadium where the Azerbaijan Cup Final game takes place?,What is the identity of the football stadium where the Azerbaijan Cup Final game takes place?,3 June 2023   Baku – Bakcell Arena,3 June 2023   Baku – Bakcell Arena,1,1,temporal_align_qa,2023,propagated from verified-faithful paraphrase,propagated from verified-faithful paraphrase,MEDIUM,581021.3710225073,rerun_24h,1,1,1,1
p_q_5431673a_3,mixed_age_400,1,1,q_5431673a,Where was the Rugby Europe Under-18 Championship final held?,What was the venue of the finals for the Rugby Europe Under-18 Championship?,What was the venue of the finals for the Rugby Europe Under-18 Championship?,Prague,Prague,1,1,temporal_align_qa,2023,propagated from verified-faithful paraphrase,propagated from verified-faithful paraphrase,MEDIUM,312869.05490901717,rerun_24h,1,1,1,1
q_dbb1cb5d,mixed_age_400,1,0,q_dbb1cb5d,Who is the leading goalkicker for Fremantle Football Club?,,Who is the leading goalkicker for Fremantle Football Club?,Jye Amiss,Jye Amiss,1,1,temporal_align_qa,2023,latest annotated year in the answer dictionary,latest annotated year in the answer dictionary,MEDIUM,128964.89161070438,rerun_24h,2,2,2,1
q_39c51b6d,mixed_age_400,1,0,q_39c51b6d,What team finished eleventh in the Western Conference most recently?,,What team finished eleventh in the Western Conference most recently?,DAL,DAL,1,1,temporal_align_qa,2023,latest annotated year in the answer dictionary,latest annotated year in the answer dictionary,MEDIUM,95142.66813242766,rerun_24h,1,1,1,1
q_394f249c,mixed_age_400,1,0,q_394f249c,From which club is the leading goalscorer in the latest season of the Armenian Premier League?,,From which club is the leading goalscorer in the latest season of the Armenian Premier League?,"Luka Juričić, Yusuf Otubanjo","Luka Juričić, Yusuf Otubanjo",1,1,temporal_align_qa,2023,latest annotated year in the answer dictionary,latest annotated year in the answer dictionary,MEDIUM,168861.163336135,rerun_24h,1,1,1,1
q_8b7e079f,mixed_age_400,1,0,q_8b7e079f,Where was the last Women's PGA Championship held?,,Where was the last Women's PGA Championship held?,Baltusrol Golf Club,Baltusrol Golf Club,1,1,temporal_align_qa,2023,latest annotated year in the answer dictionary,latest annotated year in the answer dictionary,MEDIUM,57069.22297886232,rerun_12h,2,2,2,1
q_493b174b,mixed_age_400,1,0,q_493b174b,What is the most recent Walt Disney Animation Studios's animated film?,,What is the most recent Walt Disney Animation Studios's animated film?,Strange World,Strange World,1,1,freshqa,2022,,,MEDIUM,294602.66662933154,rerun_24h,3,2,2,1
q_c8d65331,mixed_age_400,1,0,q_c8d65331,From which hometown is the current Miss Kentucky USA?,,From which hometown is the current Miss Kentucky USA?,Lexington,Lexington,1,1,temporal_align_qa,2023,latest annotated year in the answer dictionary,latest annotated year in the answer dictionary,MEDIUM,278784.47071183793,rerun_24h,1,1,1,1
q_cb349d3b,mixed_age_400,1,0,q_cb349d3b,In how many episodes does Chris Bauer appear in his most recent television role?,,In how many episodes does Chris Bauer appear in his most recent television role?,Main role,Main role,1,2,temporal_align_qa,2023,latest annotated year in the answer dictionary,latest annotated year in the answer dictionary,MEDIUM,130970.76567320713,rerun_24h,1,1,1,1
q_4a625c6c,mixed_age_400,1,0,q_4a625c6c,Which team does the current Les Cunningham Award winner play for?,,Which team does the current Les Cunningham Award winner play for?,Calgary Wranglers,Calgary Wranglers,1,1,temporal_align_qa,2023,latest annotated year in the answer dictionary,latest annotated year in the answer dictionary,MEDIUM,167312.91136475428,rerun_24h,3,3,3,1
q_abacb5ad,mixed_age_400,1,0,q_abacb5ad,Who is the winner of the Top Fuel category at the most recent Gatornationals?,,Who is the winner of the Top Fuel category at the most recent Gatornationals?,Mike Salinas,Mike Salinas,1,1,temporal_align_qa,2023,latest annotated year in the answer dictionary,latest annotated year in the answer dictionary,MEDIUM,282943.85976265627,rerun_24h,2,2,2,1
q_c1c6c0b6,mixed_age_400,1,0,q_c1c6c0b6,Who was the trainer of the winning horse in the most recent Tenno Sho Autumn?,,Who was the trainer of the winning horse in the most recent Tenno Sho Autumn?,Tetsuya Kimura,Tetsuya Kimura,1,1,temporal_align_qa,2023,latest annotated year in the answer dictionary,latest annotated year in the answer dictionary,MEDIUM,20385.870959033855,rerun_1h,2,2,2,1
q_8463aab3,mixed_age_400,1,0,q_8463aab3,Who hosted the pregame show for the most recent televised Super Bowl?,,Who hosted the pregame show for the most recent televised Super Bowl?,Curt Menefee,Curt Menefee,1,1,temporal_align_qa,2023,latest annotated year in the answer dictionary,latest annotated year in the answer dictionary,MEDIUM,88649.23096290848,rerun_24h,2,2,2,1
q_9c334cd8,mixed_age_400,1,0,q_9c334cd8,Who is the current LBA Most Valuable Player?,,Who is the current LBA Most Valuable Player?,Colbey Ross,Colbey Ross,1,1,temporal_align_qa,2023,latest annotated year in the answer dictionary,latest annotated year in the answer dictionary,MEDIUM,47195.35871104405,rerun_12h,1,1,1,1
q_268237ac,mixed_age_400,1,0,q_268237ac,Who was the jockey riding the winning horse in the latest Tenno Sho Autumn?,,Who was the jockey riding the winning horse in the latest Tenno Sho Autumn?,Christophe Lemaire,Christophe Lemaire,1,1,temporal_align_qa,2023,latest annotated year in the answer dictionary,latest annotated year in the answer dictionary,MEDIUM,168083.1382213864,rerun_24h,2,2,2,1
q_3863ccbb,mixed_age_400,1,0,q_3863ccbb,What team won the Little 500 race?,,What team won the Little 500 race?,Cutters,Cutters,1,1,temporal_align_qa,2023,latest annotated year in the answer dictionary,latest annotated year in the answer dictionary,MEDIUM,293425.2905372936,rerun_24h,2,2,2,1
p_q_40d3878e_3,mixed_age_400,1,1,q_40d3878e,Who was the runner-up in the Veikkausliiga?,Who got rid of the lag in our series Veikkausliiga?,Who got rid of the lag in our series Veikkausliiga?,HJK,HJK,1,1,temporal_align_qa,2023,propagated from verified-faithful paraphrase,propagated from verified-faithful paraphrase,SLOW,558559.0276411073,rerun_24h,1,1,1,1
p_q_d78d0eec_3,mixed_age_400,1,1,q_d78d0eec,Who is the serving U.S. Representative for Virginia's 1st congressional district?,What is the location of Virginia's primary congressional district in comparison to other regions?,What is the location of Virginia's primary congressional district in comparison to other regions?,Rob Wittman,Rob Wittman,1,1,temporal_align_qa,2023,propagated from verified-faithful paraphrase,propagated from verified-faithful paraphrase,SLOW,370356.2655795093,rerun_24h,1,1,1,1
p_q_c06f1aba_3,mixed_age_400,1,1,q_c06f1aba,Who is the current sideline reporter for the Cleveland Browns radio broadcast?,Is Mark Alvarado the current person on team leader for Cleveland Browns radio?,Is Mark Alvarado the current person on team leader for Cleveland Browns radio?,Je'Rod Cherry,Je'Rod Cherry,1,1,temporal_align_qa,2023,propagated from verified-faithful paraphrase,propagated from verified-faithful paraphrase,SLOW,475892.5326077704,rerun_24h,1,1,1,1
p_q_9bf08ec9_1,mixed_age_400,1,1,q_9bf08ec9,Who is currently considered the pound for pound #1 fighter by The Ring magazine?,The Ring magazine believes that the heavyweight champion currently at last minute is Kevin Durbin.,The Ring magazine believes that the heavyweight champion currently at last minute is Kevin Durbin.,Oleksandr Usyk,Oleksandr Usyk,1,2,temporal_align_qa,2023,propagated from verified-faithful paraphrase,propagated from verified-faithful paraphrase,SLOW,203508.90718301645,rerun_24h,1,1,1,1
p_q_807cdee5_0,mixed_age_400,1,1,q_807cdee5,Where is Cambridge City F.C.'s home ground?,Where could playing/sodding happen if I wanted to start with Cambridge City F.C. at the Oval?,Where could playing/sodding happen if I wanted to start with Cambridge City F.C. at the Oval?,"Bridge Road, Histon","Bridge Road, Histon",1,1,temporal_align_qa,2023,propagated from verified-faithful paraphrase,propagated from verified-faithful paraphrase,SLOW,307327.5681257213,rerun_24h,2,2,2,1
p_q_2b61b711_2,mixed_age_400,1,1,q_2b61b711,Which team was the runner-up in the last Lietuvos krepšinio lyga season?,Who won Trondi Kogna renos loggior season?,Who won Trondi Kogna renos loggior season?,Rytas,Rytas,1,1,temporal_align_qa,2023,propagated from verified-faithful paraphrase,propagated from verified-faithful paraphrase,SLOW,455528.6234066285,rerun_24h,1,1,1,1
p_q_8dc147d0_2,mixed_age_400,1,1,q_8dc147d0,In what country was the most recent winner of the Nobel Prize for Literature born?,When was the Nobel Prize for literature born in Greece?,When was the Nobel Prize for literature born in Greece?,Norway,Norway,1,1,freshqa,2023,propagated from verified-faithful paraphrase,propagated from verified-faithful paraphrase,SLOW,502175.6068236875,rerun_24h,2,2,2,1
p_q_874ffcdd_0,mixed_age_400,1,1,q_874ffcdd,Who is the current skip of the team Ben Hebert plays for?,Who is the individual behind Ben Hebert's skilful procedure?,Who is the individual behind Ben Hebert's skilful procedure?,Brendan Bottcher,Brendan Bottcher,1,1,temporal_align_qa,2023,propagated from verified-faithful paraphrase,propagated from verified-faithful paraphrase,SLOW,574693.9076901402,rerun_24h,2,2,2,1
p_q_c914875b_3,mixed_age_400,1,1,q_c914875b,Which club finished third in the most recent season of the Belarusian Premier League?,Who was the loser in terms of results-adjusted 2p matches to troisième place (Belarusian Premier League) this season?,Who was the loser in terms of results-adjusted 2p matches to troisième place (Belarusian Premier League) this season?,Torpedo-BelAZ Zhodino,Torpedo-BelAZ Zhodino,1,1,temporal_align_qa,2023,propagated from verified-faithful paraphrase,propagated from verified-faithful paraphrase,SLOW,392576.44691627484,rerun_24h,1,1,1,1
p_q_9a3d3ff9_2,mixed_age_400,1,1,q_9a3d3ff9,What position does the latest Roberto Clemente Award winner play?,Which staff member is awarded the highest rank in the program?,Which staff member is awarded the highest rank in the program?,Outfielder,Outfielder,1,1,temporal_align_qa,2023,propagated from verified-faithful paraphrase,propagated from verified-faithful paraphrase,SLOW,574365.104664602,rerun_24h,1,1,1,1
p_q_cc0d02ca_1,mixed_age_400,1,1,q_cc0d02ca,What is the current state of the heaviest Earth observing satellite and Kessler syndrome threat?,Could you disclose circumstances that prefigured the most dominant phenomenon on Earth at Kessler syndrome and an important observation satellite speed?,Could you disclose circumstances that prefigured the most dominant phenomenon on Earth at Kessler syndrome and an important observation satellite speed?,In service,In service,1,1,temporal_align_qa,2023,propagated from verified-faithful paraphrase,propagated from verified-faithful paraphrase,SLOW,279975.29576375626,rerun_24h,2,2,2,1
p_q_f61856a1_0,mixed_age_400,1,1,q_f61856a1,What division is FSV Zwickau currently playing in?,Fsv wickau?,Fsv wickau?,3. Liga,3. Liga,1,1,temporal_align_qa,2023,propagated from verified-faithful paraphrase,propagated from verified-faithful paraphrase,SLOW,141061.95017396138,rerun_24h,1,1,1,1
p_q_2c3456d3_3,mixed_age_400|heldout_400,2,1,q_2c3456d3,Who is the skip of Colin Hufman's curling team?,Who also sails the first flag for Colin Hufman on her curling outboard?,Who also sails the first flag for Colin Hufman on her curling outboard?,John Shuster,John Shuster,1,1,temporal_align_qa,2023,propagated from verified-faithful paraphrase,propagated from verified-faithful paraphrase,SLOW,56074.53627699734,rerun_12h,2,2,2,1
p_q_b37330f1_0,mixed_age_400,1,1,q_b37330f1,Who is the current manager of the New York Mets?,Who led the New York Mets into a dangerous end?,Who led the New York Mets into a dangerous end?,Buck Showalter,Buck Showalter,1,1,temporal_align_qa,2023,propagated from verified-faithful paraphrase,propagated from verified-faithful paraphrase,SLOW,384478.82159235544,rerun_24h,1,1,1,1
p_q_d529bed8_1,mixed_age_400,1,1,q_d529bed8,Who is the current Speaker of the Saeima?,Could you enlighten me on the individual who reigns over the Saeima in its presidency?,Could you enlighten me on the individual who reigns over the Saeima in its presidency?,Edvards Smiltēns,Edvards Smiltēns,1,1,temporal_align_qa,2023,propagated from verified-faithful paraphrase,propagated from verified-faithful paraphrase,SLOW,339326.2091784906,rerun_24h,1,1,1,1
p_q_7ed2a6d6_1,mixed_age_400,1,1,q_7ed2a6d6,Which institution's representative is serving as the current chair of the Russell Group?,Is there a nominee available for the position of chair at the Russell Group?,Is there a nominee available for the position of chair at the Russell Group?,Manchester,Manchester,1,2,temporal_align_qa,2023,propagated from verified-faithful paraphrase,propagated from verified-faithful paraphrase,SLOW,423758.71203806513,rerun_24h,2,2,2,1
p_q_68d60970_2,mixed_age_400,1,1,q_68d60970,Who is the current title holder of the Kisei tournament in Go?,What was Kisei champion at the last Go meeting?,What was Kisei champion at the last Go meeting?,Ichiriki Ryo,Ichiriki Ryo,1,1,temporal_align_qa,2023,propagated from verified-faithful paraphrase,propagated from verified-faithful paraphrase,SLOW,588451.8983150546,rerun_24h,1,1,1,1
p_q_17f33f25_1,mixed_age_400,1,1,q_17f33f25,Which language has the third largest population by total number of speakers?,"Among all different types of English languages, which one has the highest number of speakers? That is a third-world language.","Among all different types of English languages, which one has the highest number of speakers? That is a third-world language.",Hindi,Hindi,1,1,freshqa,before 2022,propagated from verified-faithful paraphrase,propagated from verified-faithful paraphrase,SLOW,346860.65585324954,rerun_24h,2,1,1,1
p_q_1c20f8ba_0,mixed_age_400,1,1,q_1c20f8ba,What slogan is featured on a current specialty license plate in Wisconsin?,What language is employed to receptive the slogan of an Minnesota specialty license plate?,What language is employed to receptive the slogan of an Minnesota specialty license plate?,Share The Road,Share The Road,1,9,temporal_align_qa,2023,propagated from verified-faithful paraphrase,propagated from verified-faithful paraphrase,SLOW,510685.86876293767,rerun_24h,2,2,2,1
p_q_96dff6da_0,mixed_age_400,1,1,q_96dff6da,What month and year did Bitcoin reach its peak value?,Which day and month represented the lowest value for Bitcoin?,Which day and month represented the lowest value for Bitcoin?,November 2021,November 2021,1,3,freshqa,2021,propagated from verified-faithful paraphrase,propagated from verified-faithful paraphrase,SLOW,227617.37852165493,rerun_24h,2,1,1,1
p_q_887b8e3c_0,mixed_age_400,1,1,q_887b8e3c,Which player received the most votes for the NBA All-Star game?,Who was the unanimous choice over every other player for the NBA All-Star qualifier?,Who was the unanimous choice over every other player for the NBA All-Star qualifier?,LeBron James,LeBron James,1,1,temporal_align_qa,2023,propagated from verified-faithful paraphrase,propagated from verified-faithful paraphrase,SLOW,570686.4289898989,rerun_24h,2,2,2,1
p_q_4209c718_2,mixed_age_400,1,1,q_4209c718,Who is serving as the U.S. House representative for South Carolina's 4th congressional district?,"Who represent in s.cr (9th pace) U.S U-house represents 4rd district, South Carolina?","Who represent in s.cr (9th pace) U.S U-house represents 4rd district, South Carolina?",William Timmons,William Timmons,1,1,temporal_align_qa,2023,propagated from verified-faithful paraphrase,propagated from verified-faithful paraphrase,SLOW,486964.2082881377,rerun_24h,2,2,1,0
p_q_d02a1da9_0,mixed_age_400,1,1,q_d02a1da9,Who did California cast its electoral votes for in the recent presidential election?,Which candidate ran for President in California?,Which candidate ran for President in California?,Biden/ Harris  Y,Biden/ Harris  Y,1,1,temporal_align_qa,2023,propagated from verified-faithful paraphrase,propagated from verified-faithful paraphrase,SLOW,539229.667219357,rerun_24h,2,2,2,1
p_q_3c4c45fe_1,mixed_age_400,1,1,q_3c4c45fe,Who is the current captain of the West Indies ODI cricket team?,Who's got the captain’s share of an I'm conducting west indies ODI final?,Who's got the captain’s share of an I'm conducting west indies ODI final?,Shai Hope,Shai Hope,1,2,temporal_align_qa,2023,propagated from verified-faithful paraphrase,propagated from verified-faithful paraphrase,SLOW,398864.5273405726,rerun_24h,1,1,1,1
p_q_79daac81_3,mixed_age_400,1,1,q_79daac81,How many flights of the Space Launch System have been successfully launched?,"Could you provide the count of air, land and ground flights achieved by our Space Launch System?","Could you provide the count of air, land and ground flights achieved by our Space Launch System?",1,1,1,2,freshqa,2022,propagated from verified-faithful paraphrase,propagated from verified-faithful paraphrase,SLOW,528287.7143638647,rerun_24h,2,2,2,1
p_q_1b42ed48_2,mixed_age_400,1,1,q_1b42ed48,Which professional wrestling promotion hosted the latest event at the Tokyo Dome?,The current organizing force of the promotion was held at the Tokyo Dome for professional wrestling; name it and location.,The current organizing force of the promotion was held at the Tokyo Dome for professional wrestling; name it and location.,NOAH,NOAH,1,2,temporal_align_qa,2023,propagated from verified-faithful paraphrase,propagated from verified-faithful paraphrase,SLOW,408043.38994340156,rerun_24h,1,1,1,1
p_q_18f5cfa8_0,mixed_age_400,1,1,q_18f5cfa8,Who is the current elected representative of the Electoral district of Pittwater?,"I am curious to know the pick for the electoral seat in Pittwater, what is your knowledge on this election?","I am curious to know the pick for the electoral seat in Pittwater, what is your knowledge on this election?",Rob Stokes,Rob Stokes,1,2,temporal_align_qa,2023,propagated from verified-faithful paraphrase,propagated from verified-faithful paraphrase,SLOW,89337.89417704172,rerun_24h,1,1,1,1
p_q_83607c5d_1,mixed_age_400,1,1,q_83607c5d,In which series did Jenson Button most recently compete?,What Was Jenson Button's Last Rally TV Series?,What Was Jenson Button's Last Rally TV Series?,NASCAR Cup Series,NASCAR Cup Series,1,4,temporal_align_qa,2023,propagated from verified-faithful paraphrase,propagated from verified-faithful paraphrase,SLOW,260675.1290888546,rerun_24h,1,1,1,1
p_q_c06a0019_3,mixed_age_400,1,1,q_c06a0019,What is the full name of the person currently serving as the Member of the Legislative Assembly for Peace River?,What is the detailed title of the Member for Peace River in this position?,What is the detailed title of the Member for Peace River in this position?,Dan Williams,Dan Williams,1,1,temporal_align_qa,2023,propagated from verified-faithful paraphrase,propagated from verified-faithful paraphrase,SLOW,496371.0633048307,rerun_24h,2,2,2,1
p_q_a6c1b4ce_2,mixed_age_400,1,1,q_a6c1b4ce,Who is playing as the third on Glenn Howard's curling team?,Which individual exists between Glenn Howard and the third member of his curling family?,Which individual exists between Glenn Howard and the third member of his curling family?,Scott Howard,Scott Howard,1,1,temporal_align_qa,2023,propagated from verified-faithful paraphrase,propagated from verified-faithful paraphrase,SLOW,340820.4045705381,rerun_24h,1,1,1,1
p_q_6a7dc28e_2,mixed_age_400,1,1,q_6a7dc28e,What is the second highest-grossing Kannada movie of all time?,"Among all the Kannada movies, which one holds it's biggest customer base?","Among all the Kannada movies, which one holds it's biggest customer base?",Kantara,Kantara,1,1,freshqa,2022,propagated from verified-faithful paraphrase,propagated from verified-faithful paraphrase,SLOW,469093.31039785966,rerun_24h,1,1,1,1
p_q_d0a5e0b6_2,mixed_age_400,1,1,q_d0a5e0b6,Who is the current provincial representative for Keewatinook?,Who holds the position of Senator for Keewatinook?,Who holds the position of Senator for Keewatinook?,Ian Bushie,Ian Bushie,1,1,temporal_align_qa,2023,propagated from verified-faithful paraphrase,propagated from verified-faithful paraphrase,SLOW,376950.3896732198,rerun_24h,2,2,2,1
p_q_8fb47752_1,mixed_age_400,1,1,q_8fb47752,In what city was the person currently acting as the U.S. speaker of house born?,Which city represented by the speaker of house in real life is the u.s?,Which city represented by the speaker of house in real life is the u.s?,"Gastonia, North Carolina","Gastonia, North Carolina",1,2,freshqa,2023,propagated from verified-faithful paraphrase,propagated from verified-faithful paraphrase,SLOW,293875.0195433409,rerun_24h,3,3,3,1
p_q_84e159d5_0,mixed_age_400,1,1,q_84e159d5,Who is the head coach for the team playing at Autzen Stadium?,What is the title of squad chairman at Autzen Stadium?,What is the title of squad chairman at Autzen Stadium?,Dan Lanning,Dan Lanning,1,1,temporal_align_qa,2023,propagated from verified-faithful paraphrase,propagated from verified-faithful paraphrase,SLOW,175664.57768697524,rerun_24h,1,1,1,1
p_q_4bc25294_0,mixed_age_400,1,1,q_4bc25294,Who plays the position of third on Colin Hufman's current curling team?,Who is second on Colin Hufman now at curling?,Who is second on Colin Hufman now at curling?,Chris Plys,Chris Plys,1,1,temporal_align_qa,2023,propagated from verified-faithful paraphrase,propagated from verified-faithful paraphrase,SLOW,285724.677435881,rerun_24h,1,1,1,1
p_q_196f0aca_2,mixed_age_400,1,1,q_196f0aca,When did the current manager of Stoke City F.C. begin their term?,What year was the previous president of Stoke City F.C.?,What year was the previous president of Stoke City F.C.?,December 2023,December 2023,1,3,temporal_align_qa,2023,propagated from verified-faithful paraphrase,propagated from verified-faithful paraphrase,SLOW,317883.6337730304,rerun_24h,1,1,1,1
p_q_ba4e488d_3,mixed_age_400,1,1,q_ba4e488d,How did the current representative for Indiana's 9th congressional district come into office?,Could you explain the process of electing the new governor for Indiana's 9th congressional district?,Could you explain the process of electing the new governor for Indiana's 9th congressional district?,Elected in 2016. Re-elected in 2018. Re-elected in 2020. Retired.,Elected in 2016. Re-elected in 2018. Re-elected in 2020. Retired.,1,2,temporal_align_qa,2023,propagated from verified-faithful paraphrase,propagated from verified-faithful paraphrase,SLOW,349341.5823689995,rerun_24h,2,2,1,0
p_q_d62648af_0,mixed_age_400,1,1,q_d62648af,What is the source or reference for the circumstances surrounding the most recent death of a journalist in Bangladesh?,Could you point us in the direction of supplementary information regarding the recent passing out of an American journalist in Bangladesh?,Could you point us in the direction of supplementary information regarding the recent passing out of an American journalist in Bangladesh?,IFJ,IFJ,1,2,temporal_align_qa,2023,propagated from verified-faithful paraphrase,propagated from verified-faithful paraphrase,SLOW,310005.2000089504,rerun_24h,1,1,1,1
p_q_091c3460_2,mixed_age_400,1,1,q_091c3460,Which basketball team is the most recent runner-up in the Georgian Superliga?,What team was likely to finish as the runner-up in the Georgian Superliga?,What team was likely to finish as the runner-up in the Georgian Superliga?,BC Rustavi,BC Rustavi,1,1,temporal_align_qa,2023,propagated from verified-faithful paraphrase,propagated from verified-faithful paraphrase,SLOW,179331.5645209775,rerun_24h,1,1,1,1
p_q_e192f364_1,mixed_age_400,1,1,q_e192f364,"Who is the individual known for cosplay, especially of the Joker character, that was incarcerated at the United States Penitentiary, Atlanta?","Among the aforementioned individuals, who is considered the person most of fart in this cosplay made by Joker, nonetheless in his jail cell at Atlanta's United States Penitentiary?","Among the aforementioned individuals, who is considered the person most of fart in this cosplay made by Joker, nonetheless in his jail cell at Atlanta's United States Penitentiary?","Alan Li, MD","Alan Li, MD",1,4,temporal_align_qa,2023,propagated from verified-faithful paraphrase,,SLOW,361884.5996995656,rerun_24h,2,2,2,1
p_q_bb9e40d6_0,mixed_age_400,1,1,q_bb9e40d6,Which team is the current champion of the Aruban Division di Honor?,Which squad is known for their speed in the Aruban Division di Honor?,Which squad is known for their speed in the Aruban Division di Honor?,RCA,RCA,1,1,temporal_align_qa,2023,propagated from verified-faithful paraphrase,propagated from verified-faithful paraphrase,SLOW,374249.96541511326,rerun_24h,1,1,1,1
p_q_6f1acb10_3,mixed_age_400,1,1,q_6f1acb10,What is the playoffs result for the Western Conference regular season champion?,What is the league leader's selection criteria in the Western Conference playoffs?,What is the league leader's selection criteria in the Western Conference playoffs?,Lost first round,Lost first round,1,1,temporal_align_qa,2023,propagated from verified-faithful paraphrase,propagated from verified-faithful paraphrase,SLOW,327056.9137501032,rerun_24h,1,1,1,1
p_q_53b66262_0,mixed_age_400,1,1,q_53b66262,Where is Tesla's headquarters?,To which location does Tesla devote their offices?,To which location does Tesla devote their offices?,"Austin, TX","Austin, TX",1,2,freshqa,before 2022,propagated from verified-faithful paraphrase,propagated from verified-faithful paraphrase,SLOW,380511.2197673936,rerun_24h,2,1,1,1
p_q_a21594ce_0,mixed_age_400,1,1,q_a21594ce,Who is the lead in Colin Hufman's curling team?,Which player has the highest rank on Colin Hufman's team (curling)?,Which player has the highest rank on Colin Hufman's team (curling)?,John Landsteiner,John Landsteiner,1,1,temporal_align_qa,2023,propagated from verified-faithful paraphrase,propagated from verified-faithful paraphrase,SLOW,280194.5556262115,rerun_24h,2,2,2,1
p_q_e5fcdad4_1,mixed_age_400,1,1,q_e5fcdad4,Who is the current kit manufacturer for Dundee United F.C.?,Who finally manufactures the outfit for Dundee United F.C.?,Who finally manufactures the outfit for Dundee United F.C.?,Macron,Macron,1,1,temporal_align_qa,2023,propagated from verified-faithful paraphrase,propagated from verified-faithful paraphrase,SLOW,417265.6568441634,rerun_24h,2,2,2,1
p_q_594b8e7a_3,mixed_age_400,1,1,q_594b8e7a,What was the venue of the most recent game between the Brisbane Broncos and the North Queensland Cowboys?,Where was last year's Brisbane Broncos (North qbi) Cowboys rugby game played at?,Where was last year's Brisbane Broncos (North qbi) Cowboys rugby game played at?,Queensland Country Bank Stadium,Queensland Country Bank Stadium,1,2,temporal_align_qa,2023,propagated from verified-faithful paraphrase,propagated from verified-faithful paraphrase,SLOW,331859.38404898305,rerun_24h,2,2,2,1
p_q_7946d4f3_0,mixed_age_400,1,1,q_7946d4f3,Who is the lead designer of the latest machine released by Stern Pinball?,Who is the consultant behind Stern Pinball's new product line?,Who is the consultant behind Stern Pinball's new product line?,Brian Eddy,Brian Eddy,1,2,temporal_align_qa,2023,propagated from verified-faithful paraphrase,propagated from verified-faithful paraphrase,SLOW,550821.0771952259,rerun_24h,2,2,2,1
p_q_8ec920df_1,mixed_age_400,1,1,q_8ec920df,Which team is placed third in the American League West standings?,Who has secured the third spot in the American League West among fans?,Who has secured the third spot in the American League West among fans?,Seattle,Seattle,1,1,temporal_align_qa,2023,propagated from verified-faithful paraphrase,propagated from verified-faithful paraphrase,SLOW,157345.39777860962,rerun_24h,1,1,1,1
p_q_83607c5d_3,mixed_age_400,1,1,q_83607c5d,In which series did Jenson Button most recently compete?,What is the date of last appearing Jenson Button in a series?,What is the date of last appearing Jenson Button in a series?,NASCAR Cup Series,NASCAR Cup Series,1,4,temporal_align_qa,2023,propagated from verified-faithful paraphrase,propagated from verified-faithful paraphrase,SLOW,291812.6890162557,rerun_24h,1,1,1,1
p_q_51b242c2_3,mixed_age_400,1,1,q_51b242c2,Which cricket team won the Nottinghamshire Cricket Board Premier League most recently?,Nottinghamshire Cricket Board Premier League: Which team won?,Nottinghamshire Cricket Board Premier League: Which team won?,Cuckney,Cuckney,1,1,temporal_align_qa,2023,propagated from verified-faithful paraphrase,propagated from verified-faithful paraphrase,SLOW,478205.42025623214,rerun_24h,1,1,1,1
p_q_624c6c50_2,mixed_age_400,1,1,q_624c6c50,Who received the Country Music Association Award for Male Vocalist of the Year?,What male singer was the recipient of this years Country Music Association Award?,What male singer was the recipient of this years Country Music Association Award?,Chris Stapleton,Chris Stapleton,1,1,temporal_align_qa,2023,propagated from verified-faithful paraphrase,propagated from verified-faithful paraphrase,SLOW,543086.0181500004,rerun_24h,2,2,2,1
p_q_99c9cb7f_2,mixed_age_400,1,1,q_99c9cb7f,What is the name of the trainer who trained the most recent winner of the Christmas Hurdle?,Who was the instructor that steered last year's Christmas Hurdle ribbon?,Who was the instructor that steered last year's Christmas Hurdle ribbon?,Nicky Henderson,Nicky Henderson,1,1,temporal_align_qa,2023,propagated from verified-faithful paraphrase,propagated from verified-faithful paraphrase,SLOW,216926.4306138014,rerun_24h,1,1,1,1
p_q_486683c8_3,mixed_age_400,1,1,q_486683c8,Which areas are included in the California's 10th congressional district as of now?,"Today, what cities are parts of the 10th congressional district in California?","Today, what cities are parts of the 10th congressional district in California?",2013–2023 300px Central Valley including Modesto and Tracy,2013–2023 300px Central Valley including Modesto and Tracy,1,2,temporal_align_qa,2023,propagated from verified-faithful paraphrase,propagated from verified-faithful paraphrase,SLOW,305773.31982310856,rerun_24h,1,1,1,1
p_q_f331a4d9_1,mixed_age_400,1,1,q_f331a4d9,Which area does California's 12th congressional district currently cover?,What is the current size of California's 12th congressional district?,What is the current size of California's 12th congressional district?,2023–present 300px northwestern portion of Alameda County,2023–present 300px northwestern portion of Alameda County,1,2,temporal_align_qa,2023,propagated from verified-faithful paraphrase,propagated from verified-faithful paraphrase,SLOW,332516.20908109576,rerun_24h,1,1,1,1
p_q_27293a94_1,mixed_age_400,1,1,q_27293a94,Who is the current President of Nigeria?,Do you know the name of the president who is running Nigeria?,Do you know the name of the president who is running Nigeria?,Bola Tinubu,Bola Tinubu,1,2,temporal_align_qa,2023,propagated from verified-faithful paraphrase,propagated from verified-faithful paraphrase,SLOW,446586.63889438455,rerun_24h,1,1,1,1
p_q_e9a277e7_0,mixed_age_400,1,1,q_e9a277e7,Which hometown is the current Miss New Mexico from?,What is the location of Mrs. New Mexico's current hometown?,What is the location of Mrs. New Mexico's current hometown?,Las Cruces,Las Cruces,1,1,temporal_align_qa,2023,propagated from verified-faithful paraphrase,propagated from verified-faithful paraphrase,SLOW,129283.26010913064,rerun_24h,1,1,1,1
p_q_94939cea_0,mixed_age_400,1,1,q_94939cea,Where was the final match of the Macedonian Football Cup held?,What was the site of last minute matches in Macedonian Football Cup?,What was the site of last minute matches in Macedonian Football Cup?,"Petar Miloševski Training Centre, Skopje","Petar Miloševski Training Centre, Skopje",1,1,temporal_align_qa,2023,propagated from verified-faithful paraphrase,propagated from verified-faithful paraphrase,SLOW,316561.30501207855,rerun_24h,1,1,1,1
p_q_3ac69f62_0,mixed_age_400,1,1,q_3ac69f62,Who is the current representative serving as the member of the legislative assembly for Pelabuhan Klang?,Who currently holds the seat in Assembly of Pelabuhan Klang?,Who currently holds the seat in Assembly of Pelabuhan Klang?,Azmizam Zaman Huri,Azmizam Zaman Huri,1,1,temporal_align_qa,2023,propagated from verified-faithful paraphrase,propagated from verified-faithful paraphrase,SLOW,225257.84815374116,rerun_24h,1,1,1,1
p_q_70ab2a41_3,mixed_age_400,1,1,q_70ab2a41,Who is the current champion of the Italian National Time Trial Championships in the women's category?,Can you tell me the name of the women's champion in Italy during the National Time Trial Championships?,Can you tell me the name of the women's champion in Italy during the National Time Trial Championships?,Elisa Longo Borghini,Elisa Longo Borghini,1,1,temporal_align_qa,2023,propagated from verified-faithful paraphrase,propagated from verified-faithful paraphrase,SLOW,462991.83303817426,rerun_24h,2,2,2,1
p_q_1ed44863_1,mixed_age_400,1,1,q_1ed44863,Who is the current representative for Louisiana's 4th congressional district?,Which individual holds the 4th congressional district in Louisiana?,Which individual holds the 4th congressional district in Louisiana?,Mike Johnson,Mike Johnson,1,1,temporal_align_qa,2023,propagated from verified-faithful paraphrase,propagated from verified-faithful paraphrase,SLOW,308706.74234301026,rerun_24h,1,1,1,1
p_q_97b198d0_3,mixed_age_400,1,1,q_97b198d0,In which European Cup competition is Gloucester Rugby participating?,At which sporting event is Gloucester Rugby scheduled to compete in the European Cup?,At which sporting event is Gloucester Rugby scheduled to compete in the European Cup?,Champions Cup,Champions Cup,1,1,temporal_align_qa,2023,propagated from verified-faithful paraphrase,propagated from verified-faithful paraphrase,SLOW,438063.14367921604,rerun_24h,2,2,2,1
p_q_c26ddee2_1,mixed_age_400,1,1,q_c26ddee2,What position does the most recent Michigan Wolverines baseball MLB player play?,What is the present position of the Michigan Wolverines baseball player?,What is the present position of the Michigan Wolverines baseball player?,Second Baseman,Second Baseman,1,3,temporal_align_qa,2023,propagated from verified-faithful paraphrase,propagated from verified-faithful paraphrase,SLOW,583894.8726820375,rerun_24h,1,1,1,1
p_q_baf11e36_1,mixed_age_400,1,1,q_baf11e36,Which party does the current second deputy speaker of the Parliament of Finland represent?,The same party who currently appoints the second deputy speaker of Finland's Parliament?,The same party who currently appoints the second deputy speaker of Finland's Parliament?,Finns Party,Finns Party,1,1,temporal_align_qa,2023,propagated from verified-faithful paraphrase,propagated from verified-faithful paraphrase,SLOW,263999.5871264739,rerun_24h,2,2,2,1
p_q_19e1347b_1,mixed_age_400,1,1,q_19e1347b,Where was the most recent Opening Day game for the Los Angeles Angels held?,Where did the last Los Angeles Angels Opening Day game take place?,Where did the last Los Angeles Angels Opening Day game take place?,RingCentral Coliseum,RingCentral Coliseum,1,1,temporal_align_qa,2023,propagated from verified-faithful paraphrase,propagated from verified-faithful paraphrase,SLOW,278557.6669398998,rerun_24h,1,1,1,1
p_q_18279081_1,mixed_age_400,1,1,q_18279081,Who currently serves as the speaker of the Alaska House of Representatives?,Can you provide information about the speaker of the Alaska House of Representatives?,Can you provide information about the speaker of the Alaska House of Representatives?,Louise Stutes,Louise Stutes,1,2,temporal_align_qa,2023,propagated from verified-faithful paraphrase,propagated from verified-faithful paraphrase,SLOW,553130.3201558955,rerun_24h,1,1,1,1
p_q_79daac81_2,mixed_age_400,1,1,q_79daac81,How many flights of the Space Launch System have been successfully launched?,How many launches have been made by the Space Launch System?,How many launches have been made by the Space Launch System?,1,1,1,2,freshqa,2022,propagated from verified-faithful paraphrase,propagated from verified-faithful paraphrase,SLOW,302689.5948951503,rerun_24h,2,2,2,1
p_q_9654e28e_3,mixed_age_400,1,1,q_9654e28e,In which city was the latest BBL Championship Playoff final played?,What was the case scenario for the BBL Championship PlayOff final in which city?,What was the case scenario for the BBL Championship PlayOff final in which city?,London,London,1,1,temporal_align_qa,2023,propagated from verified-faithful paraphrase,propagated from verified-faithful paraphrase,SLOW,597010.2390787746,rerun_24h,1,1,1,1
p_q_82fe96e1_2,mixed_age_400,1,1,q_82fe96e1,What is the best ever result by an African team at a FIFA World Cup?,"As far as an African team is concerned, which squad had the best finish in a global FIFA World Cup?","As far as an African team is concerned, which squad had the best finish in a global FIFA World Cup?",fourth-place,fourth-place,1,3,freshqa,2022,propagated from verified-faithful paraphrase,propagated from verified-faithful paraphrase,SLOW,592814.5941018183,rerun_24h,1,1,1,1
p_q_aa6288cd_3,mixed_age_400,1,1,q_aa6288cd,Who is currently supplying kits for Bristol City F.C.?,Which organisations are furnishing the kits for Bristol City F.C. today?,Which organisations are furnishing the kits for Bristol City F.C. today?,Hummel,Hummel,1,1,temporal_align_qa,2023,propagated from verified-faithful paraphrase,propagated from verified-faithful paraphrase,SLOW,403541.045149895,rerun_24h,2,2,2,1
p_q_57bc7dc8_2,mixed_age_400,1,1,q_57bc7dc8,Which brand and model of motorcycle won the Baja 500?,What is the title held by which motorcycle to win the Baja 500?,What is the title held by which motorcycle to win the Baja 500?,KTM,KTM,1,1,temporal_align_qa,2023,propagated from verified-faithful paraphrase,propagated from verified-faithful paraphrase,SLOW,561828.5976514297,rerun_24h,1,1,1,1
p_q_ff4e04a5_0,mixed_age_400,1,1,q_ff4e04a5,What conference is the Penn Quakers men's ice hockey team competing in?,At which conference does the Penn Quakers men's ice hockey team take part?,At which conference does the Penn Quakers men's ice hockey team take part?,CSCHC,CSCHC,1,1,temporal_align_qa,2023,propagated from verified-faithful paraphrase,propagated from verified-faithful paraphrase,SLOW,324074.6736965835,rerun_24h,2,2,2,1
p_q_e811a942_0,mixed_age_400,1,1,q_e811a942,Who is the current kit manufacturer of St Helens R.F.C.?,"The current producer of kits for St Helens R.F.C. is known, who?","The current producer of kits for St Helens R.F.C. is known, who?",O'Neills,O'Neills,1,1,temporal_align_qa,2023,propagated from verified-faithful paraphrase,propagated from verified-faithful paraphrase,SLOW,356307.3749744673,rerun_24h,1,1,1,1
p_q_13dd3bf9_1,mixed_age_400,1,1,q_13dd3bf9,Who is the current British champion in triple jump for men?,What individual is the current British triple jump winner for men?,What individual is the current British triple jump winner for men?,Efe Uwaifo,Efe Uwaifo,1,1,temporal_align_qa,2023,propagated from verified-faithful paraphrase,propagated from verified-faithful paraphrase,SLOW,284295.05304429296,rerun_24h,1,1,1,1
p_q_f1176491_2,mixed_age_400,1,1,q_f1176491,Who is the current member of the Legislative Assembly for Subang Jaya constituency?,Who has become the Legislative Assembly member for the Subang Jaya constituency?,Who has become the Legislative Assembly member for the Subang Jaya constituency?,Michelle Ng Mei Sze,Michelle Ng Mei Sze,1,1,temporal_align_qa,2023,propagated from verified-faithful paraphrase,propagated from verified-faithful paraphrase,SLOW,509972.6228418898,rerun_24h,1,1,1,1
p_q_9679dc80_2,mixed_age_400,1,1,q_9679dc80,Who is the current cabinet minister in the Ministry of Medical Education (Maharashtra)?,"In the Ministry of Medical Education (Maharashtra), who is serving as the minister in cabinet?","In the Ministry of Medical Education (Maharashtra), who is serving as the minister in cabinet?",75px  Girish Mahajan,75px  Girish Mahajan,1,1,temporal_align_qa,2023,propagated from verified-faithful paraphrase,propagated from verified-faithful paraphrase,SLOW,279407.2233618484,rerun_24h,1,1,1,1
p_q_3f541a35_3,mixed_age_400,1,1,q_3f541a35,Which university is hosting the ongoing UAAP season?,Which university is putting on the current UAAP season?,Which university is putting on the current UAAP season?,Adamson University,Adamson University,1,1,temporal_align_qa,2023,propagated from verified-faithful paraphrase,propagated from verified-faithful paraphrase,SLOW,363383.65428042726,rerun_24h,1,1,1,1
p_q_9edf5bd2_1,mixed_age_400,1,1,q_9edf5bd2,Who is the Treasurer of the Commonwealth of Pennsylvania?,Who officially serves as the Treasurer of the Commonwealth of Pennsylvania?,Who officially serves as the Treasurer of the Commonwealth of Pennsylvania?,Stacy Garrity,Stacy Garrity,1,1,temporal_align_qa,2023,propagated from verified-faithful paraphrase,propagated from verified-faithful paraphrase,SLOW,388309.5946715076,rerun_24h,1,1,1,1
p_q_88f50274_0,mixed_age_400,1,1,q_88f50274,Which team currently occupies fourth place in the American League Central?,Which team is currently in 4th place at the American League Central level?,Which team is currently in 4th place at the American League Central level?,Chicago White Sox,Chicago White Sox,1,1,temporal_align_qa,2023,propagated from verified-faithful paraphrase,propagated from verified-faithful paraphrase,SLOW,595703.7939202203,rerun_24h,1,1,1,1
p_q_a84da252_0,mixed_age_400,1,1,q_a84da252,Which event was won most recently at Silverstone in the Formula One World Championship?,What event was last won in the Formula One World Championship at Silverstone?,What event was last won in the Formula One World Championship at Silverstone?,ARAMCO British Grand Prix,ARAMCO British Grand Prix,1,1,temporal_align_qa,2023,propagated from verified-faithful paraphrase,propagated from verified-faithful paraphrase,SLOW,330235.4483235332,rerun_24h,1,1,1,1
p_q_3ee7411d_0,mixed_age_400,1,1,q_3ee7411d,Who is the current bench coach for the St. Louis Cardinals?,Who is the bench coach for the St. Louis Cardinals?,Who is the bench coach for the St. Louis Cardinals?,Joe McEwing,Joe McEwing,1,1,temporal_align_qa,2023,propagated from verified-faithful paraphrase,propagated from verified-faithful paraphrase,SLOW,499917.92225617333,rerun_24h,1,1,1,1
p_q_9713cc4c_3,mixed_age_400,1,1,q_9713cc4c,What club does Lewandowski play for?,In which football club does Lewandowski currently serve as a player?,In which football club does Lewandowski currently serve as a player?,Barcelona,Barcelona,1,3,freshqa,2022,propagated from verified-faithful paraphrase,propagated from verified-faithful paraphrase,SLOW,423639.0772827667,rerun_24h,2,1,1,1
p_q_b37330f1_1,mixed_age_400,1,1,q_b37330f1,Who is the current manager of the New York Mets?,The manager of the New York Mets is who?,The manager of the New York Mets is who?,Buck Showalter,Buck Showalter,1,1,temporal_align_qa,2023,propagated from verified-faithful paraphrase,propagated from verified-faithful paraphrase,SLOW,239427.9340990848,rerun_24h,1,1,1,1
p_q_226ccc1f_3,mixed_age_400,1,1,q_226ccc1f,What is the latest release by Soulfly?,What is the newest song released by Soulfly?,What is the newest song released by Soulfly?,*Totem,*Totem,1,1,temporal_align_qa,2023,propagated from verified-faithful paraphrase,propagated from verified-faithful paraphrase,SLOW,286204.6821959528,rerun_24h,2,2,2,1
p_q_3c3ee393_2,mixed_age_400,1,1,q_3c3ee393,Who is the current member of the Legislative Assembly for Lesser Slave Lake?,Who is currently serving in the Legislative Assembly of Lesser Slave Lake?,Who is currently serving in the Legislative Assembly of Lesser Slave Lake?,Pat Rehn,Pat Rehn,1,2,temporal_align_qa,2023,propagated from verified-faithful paraphrase,propagated from verified-faithful paraphrase,SLOW,572366.718735917,rerun_24h,2,2,2,1
q_ac7fde07,mixed_age_400,1,0,q_ac7fde07,Who is the current IBF world welterweight champion?,,Who is the current IBF world welterweight champion?,Errol Spence Jr.,Errol Spence Jr.,1,3,temporal_align_qa,2023,latest annotated year in the answer dictionary,latest annotated year in the answer dictionary,SLOW,192938.67594543536,rerun_24h,1,1,1,1
q_53e77e63,mixed_age_400,1,0,q_53e77e63,How many games are there in the Ace Attorney main series?,,How many games are there in the Ace Attorney main series?,6,6,1,2,freshqa,before 2022,,,SLOW,229748.32665208195,rerun_24h,4,3,3,1
q_13a1eaa3,mixed_age_400,1,0,q_13a1eaa3,Who is the current head coach of the Denver Nuggets?,,Who is the current head coach of the Denver Nuggets?,Michael Malone,Michael Malone,1,1,temporal_align_qa,2023,latest annotated year in the answer dictionary,latest annotated year in the answer dictionary,SLOW,178298.86450916654,rerun_24h,1,1,1,1
q_2d965d45,mixed_age_400,1,0,q_2d965d45,Who is the current president of the Richmond Football Club?,,Who is the current president of the Richmond Football Club?,Brendon Gale,Brendon Gale,1,1,temporal_align_qa,2023,latest annotated year in the answer dictionary,latest annotated year in the answer dictionary,SLOW,200938.51388945617,rerun_24h,1,1,1,1
q_0c7e44a5,mixed_age_400,1,0,q_0c7e44a5,Who is the current senator representing the Lagos West Senatorial District?,,Who is the current senator representing the Lagos West Senatorial District?,Oluranti Adebule,Oluranti Adebule,1,2,temporal_align_qa,2023,latest annotated year in the answer dictionary,latest annotated year in the answer dictionary,SLOW,198833.49521296547,rerun_24h,2,2,2,1
q_16bfd035,mixed_age_400,1,0,q_16bfd035,Where was the final of the latest Derry Senior Football Championship held?,,Where was the final of the latest Derry Senior Football Championship held?,Celtic Park,Celtic Park,1,1,temporal_align_qa,2023,latest annotated year in the answer dictionary,latest annotated year in the answer dictionary,SLOW,118256.95734506114,rerun_24h,1,1,1,1
q_498e07da,mixed_age_400,1,0,q_498e07da,Who currently represents New York's 22nd congressional district?,,Who currently represents New York's 22nd congressional district?,100px Brandon Williams,100px Brandon Williams,1,2,temporal_align_qa,2023,latest annotated year in the answer dictionary,latest annotated year in the answer dictionary,SLOW,7180.822369733741,rerun_1h,2,2,2,1
q_f3175126,mixed_age_400,1,0,q_f3175126,Who is the current shirt sponsor of Derby County F.C.?,,Who is the current shirt sponsor of Derby County F.C.?,NSPCC,NSPCC,1,1,temporal_align_qa,2023,latest annotated year in the answer dictionary,latest annotated year in the answer dictionary,SLOW,129119.48459153557,rerun_24h,1,1,1,1
q_56ebbb98,mixed_age_400,1,0,q_56ebbb98,How many podium finishes has Nicolas Lapierre had this season?,,How many podium finishes has Nicolas Lapierre had this season?,5,5,1,2,temporal_align_qa,2023,latest annotated year in the answer dictionary,latest annotated year in the answer dictionary,SLOW,76566.06899934175,rerun_12h,1,1,1,1
q_92dda9c3,mixed_age_400,1,0,q_92dda9c3,Who is serving as the mayor of Denver?,,Who is serving as the mayor of Denver?,Michael Hancock Michael Hancock,Michael Hancock Michael Hancock,1,2,temporal_align_qa,2023,latest annotated year in the answer dictionary,latest annotated year in the answer dictionary,SLOW,247174.47311052628,rerun_24h,1,1,1,1
q_02dd7c17,mixed_age_400,1,0,q_02dd7c17,Who is the current representative of California's 31st congressional district?,,Who is the current representative of California's 31st congressional district?,100px Pete Aguilar,100px Pete Aguilar,1,3,temporal_align_qa,2023,latest annotated year in the answer dictionary,latest annotated year in the answer dictionary,SLOW,13249.999803513878,rerun_1h,2,2,2,1
q_3df9aae8,mixed_age_400,1,0,q_3df9aae8,Who is the current delegate representing Guam's at-large congressional district?,,Who is the current delegate representing Guam's at-large congressional district?,100px Michael San Nicolas,100px Michael San Nicolas,1,2,temporal_align_qa,2023,latest annotated year in the answer dictionary,latest annotated year in the answer dictionary,SLOW,28402.657825637325,rerun_1h,1,1,1,1
q_376b8a53,mixed_age_400,1,0,q_376b8a53,Who is the highest-paid NBA player currently?,,Who is the highest-paid NBA player currently?,Stephen Curry,Stephen Curry,1,1,temporal_align_qa,2023,latest annotated year in the answer dictionary,latest annotated year in the answer dictionary,SLOW,126423.42130298767,rerun_24h,1,1,1,1
q_56ee58f4,mixed_age_400,1,0,q_56ee58f4,Who is the reigning champion of the C division for the Montana High School Association Cross Country State Championships?,,Who is the reigning champion of the C division for the Montana High School Association Cross Country State Championships?,Roberts,Roberts,1,1,temporal_align_qa,2023,latest annotated year in the answer dictionary,latest annotated year in the answer dictionary,SLOW,205737.19691750465,rerun_24h,2,2,2,1
p_q_acfe9269_0,mixed_age_400,1,1,q_acfe9269,"If you have insomnia, what can't you do?",What are the odds of getting dormant sleep?,What are the odds of getting dormant sleep?,Sleep,Sleep,1,12,triviaqa,,propagated from verified-faithful paraphrase,propagated from verified-faithful paraphrase,TIMELESS,357251.6454806606,rerun_24h,1,1,1,1
p_q_0c3fca22_0,mixed_age_400,1,1,q_0c3fca22,What is the name of the index of average daily prices on the New York Stock Exchange?,Which ip sees the estimates of average wages on New York Stock Exchange?,Which ip sees the estimates of average wages on New York Stock Exchange?,Dow Jones,Dow Jones,1,12,triviaqa,,propagated from verified-faithful paraphrase,propagated from verified-faithful paraphrase,TIMELESS,585526.7224760214,rerun_24h,1,1,1,1
p_q_49493ec6_0,mixed_age_400,1,1,q_49493ec6,What is the SI unit of resistance?,How is resistance measured in the standard instrument?,How is resistance measured in the standard instrument?,Ohm,Ohm,1,12,triviaqa,,propagated from verified-faithful paraphrase,propagated from verified-faithful paraphrase,TIMELESS,523711.40861378517,rerun_24h,2,2,2,1
p_q_ae57c718_2,mixed_age_400,1,1,q_ae57c718,Which composer wrote the operas 'The Flying Dutchman' and 'Parsifal'?,"What is the name of sybil whom you was inspired to pen both ‘The Flying Dutchman’ and, others are called simply 'Parsifal?‘ They respectively employ jazz singer Fionca Richie on trumpet, but were writing solo parts?","What is the name of sybil whom you was inspired to pen both ‘The Flying Dutchman’ and, others are called simply 'Parsifal?‘ They respectively employ jazz singer Fionca Richie on trumpet, but were writing solo parts?",RICHARD WAGNER,RICHARD WAGNER,1,12,triviaqa,,propagated from verified-faithful paraphrase,,TIMELESS,552700.7335024925,rerun_24h,2,2,2,1
p_q_b38e651d_0,mixed_age_400,1,1,q_b38e651d,What air mattress genericized trademark is a portmanteau of its two-word description?,I notice there's this generic air mattress which doubles as a two worded word mark for the system being advertised. Which of it is actually actualy Air quality?,I notice there's this generic air mattress which doubles as a two worded word mark for the system being advertised. Which of it is actually actualy Air quality?,Lilo,Lilo,1,6,triviaqa,,propagated from verified-faithful paraphrase,propagated from verified-faithful paraphrase,TIMELESS,467634.6780423338,rerun_24h,1,1,1,1
p_q_18c91502_2,mixed_age_400,1,1,q_18c91502,"""What is a synonym for """"irritable""""?""","What a counterpart to """"sour cursory skills'?""","What a counterpart to """"sour cursory skills'?""",Crotchety,Crotchety,1,2,triviaqa,,propagated from verified-faithful paraphrase,propagated from verified-faithful paraphrase,TIMELESS,506080.1056349479,rerun_24h,2,2,2,1
p_q_a05e5c8b_2,mixed_age_400,1,1,q_a05e5c8b,"In nature, what are active, dormant and extinct?","Which kinds of creatures can be found in the wild, dormant or eumorphic state?","Which kinds of creatures can be found in the wild, dormant or eumorphic state?",Volcanoes,Volcanoes,1,12,triviaqa,,propagated from verified-faithful paraphrase,propagated from verified-faithful paraphrase,TIMELESS,260024.37825216423,rerun_24h,1,1,1,1
p_q_86cb82cf_1,mixed_age_400,1,1,q_86cb82cf,Into which other war did the War of Jenkins Ear merge?,What was the alternative combat mission that had conflicting claims in other Korean conflicts like the War of Jenkins Ear?,What was the alternative combat mission that had conflicting claims in other Korean conflicts like the War of Jenkins Ear?,War of Austrian Succession,War of Austrian Succession,1,12,triviaqa,,propagated from verified-faithful paraphrase,propagated from verified-faithful paraphrase,TIMELESS,314015.20569258154,rerun_24h,1,1,1,1
p_q_50e17bb5_0,mixed_age_400,1,1,q_50e17bb5,"Lee Marvin had a number one hit record with 'Wanderin' Star' in 1970, but which actor had a minor hit with the flipside - 'I Talk To The Trees'?","Who was the candidate behind Lee Marvin's 1980 smash hit called 'Wanderin' Star' which was shortly succeeded by FIBO-SI, Later World War?","Who was the candidate behind Lee Marvin's 1980 smash hit called 'Wanderin' Star' which was shortly succeeded by FIBO-SI, Later World War?",CLINT EASTWOOD,CLINT EASTWOOD,1,12,triviaqa,,propagated from verified-faithful paraphrase,propagated from verified-faithful paraphrase,TIMELESS,491782.7302299858,rerun_24h,1,1,1,1
p_q_93aa5399_1,mixed_age_400,1,1,q_93aa5399,"Which French writer published the collection of fairy tales `Contes de ma mere l'Oye', better known as Mother Goose?",From whom does the series Contes de ma mere l'Oye 'Reinventor' de Nancy Patrick Shipley publish?,From whom does the series Contes de ma mere l'Oye 'Reinventor' de Nancy Patrick Shipley publish?,CHARLES PERRAULT,CHARLES PERRAULT,1,5,triviaqa,,propagated from verified-faithful paraphrase,propagated from verified-faithful paraphrase,TIMELESS,339262.1623702564,rerun_24h,1,1,1,1
p_q_f1839167_1,mixed_age_400,1,1,q_f1839167,Who wrote 'She' and 'King Solomon's Mines'?,Who penned the literary works of 'She' and a famous poem named recitations for gold?,Who penned the literary works of 'She' and a famous poem named recitations for gold?,H Rider Haggard,H Rider Haggard,1,10,triviaqa,,propagated from verified-faithful paraphrase,propagated from verified-faithful paraphrase,TIMELESS,379958.77128642646,rerun_24h,1,1,1,1
p_q_caf45aad_2,mixed_age_400,1,1,q_caf45aad,How many Imperial gallons of beer are in a firkin?,What is the refrigerated capacity of a pint of beer in US dollars?,What is the refrigerated capacity of a pint of beer in US dollars?,Nine,Nine,1,4,triviaqa,,propagated from verified-faithful paraphrase,propagated from verified-faithful paraphrase,TIMELESS,385156.05392327765,rerun_24h,1,1,1,1
p_q_9432e97c_2,mixed_age_400,1,1,q_9432e97c,"Whose likeness did Republicans propose putting on the dime, in 2003?","In 2003, which man with the likeness was proposed to Republicans as a billboard in 2013.","In 2003, which man with the likeness was proposed to Republicans as a billboard in 2013.",Ronald Reagan's,Ronald Reagan's,1,2,triviaqa,,propagated from verified-faithful paraphrase,propagated from verified-faithful paraphrase,TIMELESS,336985.62366638426,rerun_24h,2,2,2,1
p_q_2d02fb45_3,mixed_age_400,1,1,q_2d02fb45,The Tyrol is a region in which mountain range?,In what physical structure does the Tyrol consist of as walls?,In what physical structure does the Tyrol consist of as walls?,Alps,Alps,1,12,triviaqa,,propagated from verified-faithful paraphrase,propagated from verified-faithful paraphrase,TIMELESS,408575.31044603325,rerun_24h,1,1,1,1
p_q_a867a828_3,mixed_age_400,1,1,q_a867a828,How many points would you get for the word Scrabble in a game of Scrabble?,"In a Scrabble tournament, what would be the total points awarded for incorporating an element of SCRAGBAG?","In a Scrabble tournament, what would be the total points awarded for incorporating an element of SCRAGBAG?",14,14,1,3,triviaqa,,propagated from verified-faithful paraphrase,propagated from verified-faithful paraphrase,TIMELESS,478486.98890466406,rerun_24h,2,2,2,1
p_q_2b247cc4_0,mixed_age_400,1,1,q_2b247cc4,"Commissioned by Queen Victoria in memory of her husband, in which Royal park would you find the Albert Memorial?","Where is the specific location of the Albert Memorial, inaugurated by Queen Victoria as a tribute to her husband (deembolismus)?","Where is the specific location of the Albert Memorial, inaugurated by Queen Victoria as a tribute to her husband (deembolismus)?",Kensington Gardens,Kensington Gardens,1,2,triviaqa,,propagated from verified-faithful paraphrase,propagated from verified-faithful paraphrase,TIMELESS,41056.36801519571,rerun_1h,1,1,1,1
p_q_e5feb4c8_0,mixed_age_400|heldout_400,2,1,q_e5feb4c8,You get nothing for a pair was a Bruce Forsyth catchphrase in which programme,"The programmer Bruce Forsyth had been writing, ""You get nothing for a pair.","The programmer Bruce Forsyth had been writing, ""You get nothing for a pair.",Play Your Cards Right,Play Your Cards Right,1,4,triviaqa,,propagated from verified-faithful paraphrase,propagated from verified-faithful paraphrase,TIMELESS,447404.0777633174,rerun_24h,2,2,2,1
p_q_92bed87f_2,mixed_age_400,1,1,q_92bed87f,"Deluded by a legend, Francisco Orellana and Gonzalo Pizarro departed from Ecuador in 1541 in a disastrous expedition towards the Amazon Basin; they did not find any gold or lost cities but Orellana became the first person to navigate the entire Amazon River. What were they seeking?","In quest for a new vessel during their epic journey from Ecuador to the Amazon Basin, Francisco Orellana and Gonzalo Pizarro set out on an unlikely expedition under mysterious circumstances. Without abundant gold or deserted cities, how did these characters become so familiar with life that even Tom Partridge was seen passing through the pond?","In quest for a new vessel during their epic journey from Ecuador to the Amazon Basin, Francisco Orellana and Gonzalo Pizarro set out on an unlikely expedition under mysterious circumstances. Without abundant gold or deserted cities, how did these characters become so familiar with life that even Tom Partridge was seen passing through the pond?",El Dorado,El Dorado,1,12,triviaqa,,propagated from verified-faithful paraphrase,,TIMELESS,413986.9953627944,rerun_24h,1,1,1,1
p_q_10c25152_1,mixed_age_400,1,1,q_10c25152,Who was appointed the first woman cabinet minister in the UK?,Which is the first female member set to become a woman cabinet minister in an ALL-IreLAND Cabinet?,Which is the first female member set to become a woman cabinet minister in an ALL-IreLAND Cabinet?,Margaret Bondfield,Margaret Bondfield,1,4,triviaqa,,propagated from verified-faithful paraphrase,propagated from verified-faithful paraphrase,TIMELESS,594975.3846509696,rerun_24h,1,1,1,1
p_q_0e3fb3ca_0,mixed_age_400,1,1,q_0e3fb3ca,"What famous event for daredevils happens in Pamplona, Spain?","Which salacious occasion is usually linked to those who adore violence in Pamplona, Spain?","Which salacious occasion is usually linked to those who adore violence in Pamplona, Spain?",Running of the Bulls,Running of the Bulls,1,11,triviaqa,,propagated from verified-faithful paraphrase,propagated from verified-faithful paraphrase,TIMELESS,433141.83760241274,rerun_24h,2,2,2,1
p_q_a05e5c8b_0,mixed_age_400,1,1,q_a05e5c8b,"In nature, what are active, dormant and extinct?","Which types of living organisms exist in the wild, dormant and non-living natural forces?","Which types of living organisms exist in the wild, dormant and non-living natural forces?",Volcanoes,Volcanoes,1,12,triviaqa,,propagated from verified-faithful paraphrase,propagated from verified-faithful paraphrase,TIMELESS,491434.2511335695,rerun_24h,1,1,1,1
p_q_dcf1f4d4_0,mixed_age_400,1,1,q_dcf1f4d4,The Briish Airways subsidiary BA Connect was sold to which other airline?,"Is BA Connect, which brand of British Airways shares have been sold to?","Is BA Connect, which brand of British Airways shares have been sold to?",Flybe.,Flybe.,1,11,triviaqa,,propagated from verified-faithful paraphrase,propagated from verified-faithful paraphrase,TIMELESS,424747.69291481876,rerun_24h,1,1,1,1
p_q_c7b2bccd_3,mixed_age_400,1,1,q_c7b2bccd,Who was the personal architect of Hitler and Minister of Armaments and War Production in Nazi Germany during the Second World War?,"President Hitler's personal builder, who was the PM of Nazi Germany for twelve years (1952–Now)?","President Hitler's personal builder, who was the PM of Nazi Germany for twelve years (1952–Now)?",ALBERT SPEER,ALBERT SPEER,1,11,triviaqa,,propagated from verified-faithful paraphrase,propagated from verified-faithful paraphrase,TIMELESS,291607.6731124948,rerun_24h,1,1,1,1
p_q_ec7fa565_2,mixed_age_400,1,1,q_ec7fa565,Logophobia is the abnormal fear of what?,If Logophobia are fear and logophobic what am I?,If Logophobia are fear and logophobic what am I?,Words,Words,1,8,triviaqa,,propagated from verified-faithful paraphrase,propagated from verified-faithful paraphrase,TIMELESS,162085.89976605293,rerun_24h,2,2,2,1
p_q_5f279acb_2,mixed_age_400,1,1,q_5f279acb,Which city was the capital of California the year it became a state?,Name a capital during California's statehood.,Name a capital during California's statehood.,San Jose,San Jose,1,4,freshqa,before 2022,propagated from verified-faithful paraphrase,propagated from verified-faithful paraphrase,TIMELESS,482064.0202753477,rerun_24h,1,1,1,1
p_q_c96939e7_1,mixed_age_400,1,1,q_c96939e7,"In the 'Harry Potter' books, 'Hogwarts school' has four houses, 'Gryffindor', 'Slytherin' and 'Ravenclaw' are three, what is the fourth?","Q.1. What is the house in question? In 'Harry Potter' book HWU's: 2 are houses 1 and 2, respectively there were four Hogwart girls with Gryffindor, Slytherin&Ravenclaw... 4.","Q.1. What is the house in question? In 'Harry Potter' book HWU's: 2 are houses 1 and 2, respectively there were four Hogwart girls with Gryffindor, Slytherin&Ravenclaw... 4.",'HUFFLEPUFF','HUFFLEPUFF',1,12,triviaqa,,propagated from verified-faithful paraphrase,,TIMELESS,347814.3908806754,rerun_24h,2,2,2,1
p_q_ff48fd09_1,mixed_age_400,1,1,q_ff48fd09,In language the term ellipsis refers to missing/omitted what?,Which point does the ellipse indicate in terms of missing or eliminating?,Which point does the ellipse indicate in terms of missing or eliminating?,Words,Words,1,8,triviaqa,,propagated from verified-faithful paraphrase,propagated from verified-faithful paraphrase,TIMELESS,221470.2567684971,rerun_24h,1,1,1,1
p_q_97cbd451_1,mixed_age_400,1,1,q_97cbd451,Loves Rental Styles is an anagram of which famous actor?,Which famous actor holds an AE or HITS of Loves Rental Styles?,Which famous actor holds an AE or HITS of Loves Rental Styles?,Sylvester Stallone,Sylvester Stallone,1,12,triviaqa,,propagated from verified-faithful paraphrase,propagated from verified-faithful paraphrase,TIMELESS,181518.51656280857,rerun_24h,1,1,1,1
p_q_34965476_1,mixed_age_400,1,1,q_34965476,When did Elon Musk officially become Twitter's owner?,"When did Elon Musk acquis, in the momentous incident that acquired Twitter?","When did Elon Musk acquis, in the momentous incident that acquired Twitter?","Oct 27, 2022","Oct 27, 2022",1,10,freshqa,2022,propagated from verified-faithful paraphrase,propagated from verified-faithful paraphrase,TIMELESS,383429.4216464215,rerun_24h,2,1,1,1
p_q_01db3ce8_0,mixed_age_400,1,1,q_01db3ce8,Who partnered Robert Palmer as lead vocalist in the 1970'sband 'Vinegar Joe'?,Who was the guitar leading expert of 'Vinegar Joe' during their 1970 reunion with Robert Palmer?,Who was the guitar leading expert of 'Vinegar Joe' during their 1970 reunion with Robert Palmer?,ELKIE BROOKS,ELKIE BROOKS,1,12,triviaqa,,propagated from verified-faithful paraphrase,propagated from verified-faithful paraphrase,TIMELESS,431327.355596378,rerun_24h,1,1,1,1
p_q_ddf45443_2,mixed_age_400,1,1,q_ddf45443,Which North Sea port lies at the mouth of the Riyer Esk?,What is the name of the port located at the Riyer Esk-Midpoint?,What is the name of the port located at the Riyer Esk-Midpoint?,WHITBY,WHITBY,1,3,triviaqa,,propagated from verified-faithful paraphrase,propagated from verified-faithful paraphrase,TIMELESS,512764.81422837713,rerun_24h,2,2,2,1
p_q_62a24122_1,mixed_age_400,1,1,q_62a24122,Who won the 2020 Formula 1 world driver's championship?,Which participant was declared the first-ever winner of the 2020 F1.,Which participant was declared the first-ever winner of the 2020 F1.,Lewis Hamilton,Lewis Hamilton,1,2,freshqa,before 2022,propagated from verified-faithful paraphrase,propagated from verified-faithful paraphrase,TIMELESS,362714.2603519837,rerun_24h,4,3,3,1
p_q_d23799e5_0,mixed_age_400,1,1,q_d23799e5,What was the last number one by The Jam,What was the final tenth peak number of The Jam?,What was the final tenth peak number of The Jam?,Beat Surrender,Beat Surrender,1,3,triviaqa,,propagated from verified-faithful paraphrase,propagated from verified-faithful paraphrase,TIMELESS,131499.18992758822,rerun_24h,2,2,2,1
p_q_2dc6d84a_3,mixed_age_400,1,1,q_2dc6d84a,Horatio Nelson lost his arm in an abortive attack on which island?,Which island lost its arm in an afghanistan attack carried out by Horatio Nelson?,Which island lost its arm in an afghanistan attack carried out by Horatio Nelson?,TENERIFE,TENERIFE,1,11,triviaqa,,propagated from verified-faithful paraphrase,propagated from verified-faithful paraphrase,TIMELESS,533660.1345737842,rerun_24h,1,1,1,1
p_q_5026a65e_2,mixed_age_400,1,1,q_5026a65e,"Appointed in 2012, who is the President of the Fifth French Republic?",The year 2012 saw the appointment of the President of France. Who was it?,The year 2012 saw the appointment of the President of France. Who was it?,Francois Hollande,Francois Hollande,1,9,triviaqa,,propagated from verified-faithful paraphrase,propagated from verified-faithful paraphrase,TIMELESS,80783.30520089912,rerun_12h,1,1,1,1
p_q_16e427cd_0,mixed_age_400,1,1,q_16e427cd,In which capital city is the Tivoli amusement park?,What is the name of the national capital that includes Tivoli?,What is the name of the national capital that includes Tivoli?,Copenhagen,Copenhagen,1,12,triviaqa,,propagated from verified-faithful paraphrase,propagated from verified-faithful paraphrase,TIMELESS,515920.6366906276,rerun_24h,2,2,2,1
p_q_9acafca8_1,mixed_age_400,1,1,q_9acafca8,"""What is the media nickname of Viktor Bout, a Russian arms dealer who was said to be the inspiration for Nicolas Cage's character in the 2005 film """"Lord of War""""?""","""In the movie ""Lord of War"" in 2005, Viktor Bout portrays himself as a Russian arms dealer' what is his media collure?""","""In the movie ""Lord of War"" in 2005, Viktor Bout portrays himself as a Russian arms dealer' what is his media collure?""",Merchant of Death,Merchant of Death,1,5,triviaqa,,propagated from verified-faithful paraphrase,propagated from verified-faithful paraphrase,TIMELESS,572232.3899108341,rerun_24h,1,1,1,1
p_q_e2e6d6d8_3,mixed_age_400,1,1,q_e2e6d6d8,"Which Russian city reverted to its former name, Nizhniy Novgorod, in 1990?",What is the name of the Russian city that was officially renamed Nizhniy Novgorod in 1991?,What is the name of the Russian city that was officially renamed Nizhniy Novgorod in 1991?,Gorky,Gorky,1,4,triviaqa,,propagated from verified-faithful paraphrase,propagated from verified-faithful paraphrase,TIMELESS,304879.0124717942,rerun_24h,1,1,1,1
p_q_0c4788f0_0,mixed_age_400,1,1,q_0c4788f0,Welsh singer Michael Barratt is better known by which name?,"Borrowing credit only, what is Welsh singer Michael Barratt nicknamed?","Borrowing credit only, what is Welsh singer Michael Barratt nicknamed?",Shakin' Stevens,Shakin' Stevens,1,6,triviaqa,,propagated from verified-faithful paraphrase,propagated from verified-faithful paraphrase,TIMELESS,372238.025683707,rerun_24h,1,1,1,1
p_q_80aa22e7_3,mixed_age_400,1,1,q_80aa22e7,"What time of day on August 15, 1947 did India become an independent nation?","During which hour on August 15, 1947 did India set up its political system?","During which hour on August 15, 1947 did India set up its political system?",12:02 am,12:02 am,1,3,freshqa,before 2022,propagated from verified-faithful paraphrase,propagated from verified-faithful paraphrase,TIMELESS,165170.42056933412,rerun_24h,3,3,3,1
p_q_56e02d43_1,mixed_age_400,1,1,q_56e02d43,Along what tectonic plate boundary were yeti crabs first discovered?,At what place did the first yeti crabs originate?,At what place did the first yeti crabs originate?,Pacific-Antarctic Ridge,Pacific-Antarctic Ridge,1,3,freshqa,before 2022,propagated from verified-faithful paraphrase,propagated from verified-faithful paraphrase,TIMELESS,378895.8936146837,rerun_24h,3,2,2,1
p_q_6a00b156_3,mixed_age_400,1,1,q_6a00b156,"Of these sedimentary rocks, which one is not organic, being instead 'clastic'?","Identify the particular rock species that is classified as ""clastic"" rather than organic and sedimentary.","Identify the particular rock species that is classified as ""clastic"" rather than organic and sedimentary.",Shale,Shale,1,6,triviaqa,,propagated from verified-faithful paraphrase,propagated from verified-faithful paraphrase,TIMELESS,539347.2449419033,rerun_24h,2,2,2,1
p_q_29032ea3_1,mixed_age_400,1,1,q_29032ea3,"In which city would you find the following; Aventine, Caelian, Capitoline, Esquiline, Palatine, Quirinal and Viminal?","Among Aventine, Caelian, Capitoline; Esquiline, Palatine (Paris), Quirinal, and Viminal (Cannery) is there the final city. Which one of them will you describe?","Among Aventine, Caelian, Capitoline; Esquiline, Palatine (Paris), Quirinal, and Viminal (Cannery) is there the final city. Which one of them will you describe?",Rome,Rome,1,12,triviaqa,,propagated from verified-faithful paraphrase,propagated from verified-faithful paraphrase,TIMELESS,241116.09818039375,rerun_24h,1,1,1,1
p_q_3d46fcdf_1,mixed_age_400,1,1,q_3d46fcdf,Which artistic movement was founded around 1920 in Russia and was associated with Naum Gabo and Antoine Pevsner?,What artist/stitcher group was associated with Naum Gabo and Antoine Pevsner circa 1920 in Russia?,What artist/stitcher group was associated with Naum Gabo and Antoine Pevsner circa 1920 in Russia?,Constructivism,Constructivism,1,5,triviaqa,,propagated from verified-faithful paraphrase,propagated from verified-faithful paraphrase,TIMELESS,287687.0085571702,rerun_24h,1,1,1,1
p_q_9d2666a3_1,mixed_age_400,1,1,q_9d2666a3,On which river does Derby stand?,Which river serves as the road to Derby?,Which river serves as the road to Derby?,DERWENT,DERWENT,1,4,triviaqa,,propagated from verified-faithful paraphrase,propagated from verified-faithful paraphrase,TIMELESS,92355.23520518793,rerun_24h,1,1,1,1
p_q_e9fd2fb4_0,mixed_age_400,1,1,q_e9fd2fb4,"""""""The Blockheads"""" released a new album in 2009 after nine years' silence. Who used to be their frontman?""","The blockheads, who was their frontman for nine years, made a fresh album in 2009.","The blockheads, who was their frontman for nine years, made a fresh album in 2009.",Ian Drury,Ian Drury,1,5,triviaqa,,propagated from verified-faithful paraphrase,propagated from verified-faithful paraphrase,TIMELESS,506024.90346236824,rerun_24h,2,2,2,1
p_q_579c926b_1,mixed_age_400,1,1,q_579c926b,Which American invented the computer mouse whilst working at the Stamford Research Institute in 1964?,"During the time when Steve Jobs developed his computer mouse in 1964 at the Stamford Research Institute, who was the mastermind behind it?","During the time when Steve Jobs developed his computer mouse in 1964 at the Stamford Research Institute, who was the mastermind behind it?",DOUGLAS ENGLEBART,DOUGLAS ENGLEBART,1,9,triviaqa,,propagated from verified-faithful paraphrase,propagated from verified-faithful paraphrase,TIMELESS,421749.84107133537,rerun_24h,1,1,1,1
p_q_0b649394_1,mixed_age_400,1,1,q_0b649394,The War of Jenkins' Ear was part of which bigger war?,Which offensive was part of the War of Jenkins' Ear?,Which offensive was part of the War of Jenkins' Ear?,Austrian Succession,Austrian Succession,1,12,triviaqa,,propagated from verified-faithful paraphrase,propagated from verified-faithful paraphrase,TIMELESS,264054.5322172053,rerun_24h,1,1,1,1
p_q_3e5fda75_0,mixed_age_400,1,1,q_3e5fda75,What is the capital of Cambodia?,What is the name of the city that governs in Cambodia?,What is the name of the city that governs in Cambodia?,PHNOM PENH,PHNOM PENH,1,12,triviaqa,,propagated from verified-faithful paraphrase,propagated from verified-faithful paraphrase,TIMELESS,197892.91361356678,rerun_24h,1,1,1,1
p_q_80bc432e_2,mixed_age_400,1,1,q_80bc432e,"The ‘Delta Works’ is a series of construction projects in which European country, to protect large areas of land from the sea?","Among European countries, which nation had its own set of initiatives known as the 'Delta Works' in order to preserve vast areas of land from rough seas.","Among European countries, which nation had its own set of initiatives known as the 'Delta Works' in order to preserve vast areas of land from rough seas.",Netherlands,Netherlands,1,12,triviaqa,,propagated from verified-faithful paraphrase,propagated from verified-faithful paraphrase,TIMELESS,256844.08916045318,rerun_24h,1,1,1,1
p_q_df76af12_1,mixed_age_400,1,1,q_df76af12,Two shipping forecast areas touch the coast of Denmark: German Bight and which other?,Is the CoastRest of Denmark included in any pre-arrival shipping forecast two different areas: German Bight and which other?,Is the CoastRest of Denmark included in any pre-arrival shipping forecast two different areas: German Bight and which other?,Fisher,Fisher,1,4,triviaqa,,propagated from verified-faithful paraphrase,propagated from verified-faithful paraphrase,TIMELESS,381703.21066305705,rerun_24h,1,1,1,1
p_q_389476c5_1,mixed_age_400,1,1,q_389476c5,How often are the Oberammergau Passion Plays held?,What is the timing of viewing the Oberammergau Passion Plays?,What is the timing of viewing the Oberammergau Passion Plays?,EVERY TEN YEARS,EVERY TEN YEARS,1,2,triviaqa,,propagated from verified-faithful paraphrase,propagated from verified-faithful paraphrase,TIMELESS,220250.2017221992,rerun_24h,1,1,1,1
p_q_4ee9519a_1,mixed_age_400,1,1,q_4ee9519a,Although it can come in colourless varieties what is the usual colour of the drink Absinthe?,"Although Absinthe doesn't have any particular colour, what is the representative color of any given drink?","Although Absinthe doesn't have any particular colour, what is the representative color of any given drink?",GREEN,GREEN,1,7,triviaqa,,propagated from verified-faithful paraphrase,propagated from verified-faithful paraphrase,TIMELESS,584781.6011045085,rerun_24h,2,2,2,1
p_q_4987dd97_3,mixed_age_400,1,1,q_4987dd97,"French mariner, Jacques Cartier, left home in 1534 to sail across the Atlantic, to explore which river?","What was the purpose of Jacques Cartier's journey across America in 1534, as he made leave to travel eastward to learn about a particular river on The Atlantic?","What was the purpose of Jacques Cartier's journey across America in 1534, as he made leave to travel eastward to learn about a particular river on The Atlantic?",ST. LAWRENCE,ST. LAWRENCE,1,12,triviaqa,,propagated from verified-faithful paraphrase,propagated from verified-faithful paraphrase,TIMELESS,371571.4204201981,rerun_24h,1,1,1,1
p_q_d6104cc3_1,mixed_age_400,1,1,q_d6104cc3,Samantha Murray won GB's final medal of the 2012 Olympics in which sport?,Which sport in 2012 was the target of GB's most recent medal win: Samantha Murray?,Which sport in 2012 was the target of GB's most recent medal win: Samantha Murray?,(WOMEN'S) MODERN PENTATHLON,(WOMEN'S) MODERN PENTATHLON,1,2,triviaqa,,propagated from verified-faithful paraphrase,propagated from verified-faithful paraphrase,TIMELESS,517355.2452705897,rerun_24h,2,2,1,0
p_q_0c4788f0_1,mixed_age_400,1,1,q_0c4788f0,Welsh singer Michael Barratt is better known by which name?,Welsh Singer: Michael Barratt's most popular nickname is what?,Welsh Singer: Michael Barratt's most popular nickname is what?,Shakin' Stevens,Shakin' Stevens,1,6,triviaqa,,propagated from verified-faithful paraphrase,propagated from verified-faithful paraphrase,TIMELESS,345662.181078623,rerun_24h,1,1,1,1
p_q_3237dda9_3,mixed_age_400,1,1,q_3237dda9,What is the heraldic term for right?,"In a heraldic expression, what is the appropriate term for right?","In a heraldic expression, what is the appropriate term for right?",Dexter,Dexter,1,6,triviaqa,,propagated from verified-faithful paraphrase,propagated from verified-faithful paraphrase,TIMELESS,40367.30811420543,rerun_1h,2,2,2,1
p_q_5f279acb_0,mixed_age_400,1,1,q_5f279acb,Which city was the capital of California the year it became a state?,"When California was made a state, which city became its capital?","When California was made a state, which city became its capital?",San Jose,San Jose,1,4,freshqa,before 2022,propagated from verified-faithful paraphrase,propagated from verified-faithful paraphrase,TIMELESS,114997.42803480501,rerun_24h,1,1,1,1
p_q_d8b1d102_2,mixed_age_400,1,1,q_d8b1d102,What is another name for a wildebeest?,What is a name for . another wildebeest?,What is a name for . another wildebeest?,Gnu,Gnu,1,12,triviaqa,,propagated from verified-faithful paraphrase,propagated from verified-faithful paraphrase,TIMELESS,509805.1743560446,rerun_24h,2,2,2,1
p_q_fc47ce8e_0,mixed_age_400,1,1,q_fc47ce8e,On what date did the Berlin Wall fall?,What's the time period when the Berlin Wall fell?,What's the time period when the Berlin Wall fell?,"Nov 9, 1989","Nov 9, 1989",1,10,freshqa,before 2022,propagated from verified-faithful paraphrase,propagated from verified-faithful paraphrase,TIMELESS,397630.89649460686,rerun_24h,2,1,1,1
p_q_c1695ecb_0,mixed_age_400,1,1,q_c1695ecb,Who were the Celtic-speaking peoples living in France and Belgium during Roman times?,Who were the tribal people utilizing Celtic language during the Roman era in France and Belgium?,Who were the tribal people utilizing Celtic language during the Roman era in France and Belgium?,Gauls,Gauls,1,11,triviaqa,,propagated from verified-faithful paraphrase,propagated from verified-faithful paraphrase,TIMELESS,314309.9821414578,rerun_24h,1,1,1,1
p_q_65d75670_0,mixed_age_400,1,1,q_65d75670,"""What is the occupation of the title character in """"Finnegan's Wake"""" by James Joyce?""","What is the role played by a title character to James Joyce in ""Finnegan's Wake?""","What is the role played by a title character to James Joyce in ""Finnegan's Wake?""",Hod carrier,Hod carrier,1,4,triviaqa,,propagated from verified-faithful paraphrase,propagated from verified-faithful paraphrase,TIMELESS,510629.6420460865,rerun_24h,2,2,2,1
p_q_da1c81d6_0,mixed_age_400,1,1,q_da1c81d6,"Who was Archbishop of Canterbury during the reigns of Henry VIII and Edward VI, was then imprisoned for over two years and burnt at the stake for heresy?","Which individual, who held the position of Archbishop of Canterbury at the crossroads between Henry VIII and Edward VI and was later imprisoned for heresy and burned alive?","Which individual, who held the position of Archbishop of Canterbury at the crossroads between Henry VIII and Edward VI and was later imprisoned for heresy and burned alive?",Thomas Cranmer,Thomas Cranmer,1,10,triviaqa,,propagated from verified-faithful paraphrase,,TIMELESS,580567.9119349171,rerun_24h,1,1,1,1
p_q_79d94239_2,mixed_age_400,1,1,q_79d94239,Where in the body would you find rod cells and cone cells,In which area of the body can rod cells exist and on which line a cone cell could exist?,In which area of the body can rod cells exist and on which line a cone cell could exist?,In the eye,In the eye,1,2,triviaqa,,propagated from verified-faithful paraphrase,propagated from verified-faithful paraphrase,TIMELESS,578704.9422309714,rerun_24h,1,1,1,1
p_q_87ca114c_0,mixed_age_400,1,1,q_87ca114c,For which daily newspaper does Frederick Forsyth write?,Which daily newspaper is the editorial vehicle for Frederick Forsyth's style and content?,Which daily newspaper is the editorial vehicle for Frederick Forsyth's style and content?,Daily Express,Daily Express,1,12,triviaqa,,propagated from verified-faithful paraphrase,propagated from verified-faithful paraphrase,TIMELESS,294675.38444990624,rerun_24h,2,2,2,1
p_q_876bdd3b_3,mixed_age_400,1,1,q_876bdd3b,Most of the state of Nevada is in which time zone?,Which central time zone does the majority of Nevada's population live in?,Which central time zone does the majority of Nevada's population live in?,Pacific,Pacific,1,12,triviaqa,,propagated from verified-faithful paraphrase,propagated from verified-faithful paraphrase,TIMELESS,437796.3645372685,rerun_24h,1,1,1,1
p_q_21593fd1_3,mixed_age_400|heldout_400,2,1,q_21593fd1,"""The album """"Good Girl Gone Bad"""" was the number 1 selling album in the UK in 2009 with sales of 1.5 million. Who was the singer?""","Who performed the vocals on the UK number one album ""Good Girl Gone Bad,"" which had 1.5 million copies sold in 2009?","Who performed the vocals on the UK number one album ""Good Girl Gone Bad,"" which had 1.5 million copies sold in 2009?",RIHANNA,RIHANNA,1,12,triviaqa,,propagated from verified-faithful paraphrase,propagated from verified-faithful paraphrase,TIMELESS,292635.4243837733,rerun_24h,1,1,1,1
p_q_64800213_3,mixed_age_400,1,1,q_64800213,Which woman was the singer with Jefferson Airplane?,Which female vocalist worked with Jefferson Airplane during the flight?,Which female vocalist worked with Jefferson Airplane during the flight?,Grace Slick,Grace Slick,1,4,triviaqa,,propagated from verified-faithful paraphrase,propagated from verified-faithful paraphrase,TIMELESS,216145.13865891518,rerun_24h,1,1,1,1
p_q_5ad30881_0,mixed_age_400,1,1,q_5ad30881,"In 1967, the Republic of Biafra declared independence from which country?",When and to what extent was independence declared by the Republic of Biafra in 1967?,When and to what extent was independence declared by the Republic of Biafra in 1967?,NIGERIA,NIGERIA,1,12,triviaqa,,propagated from verified-faithful paraphrase,propagated from verified-faithful paraphrase,TIMELESS,464607.0234976398,rerun_24h,1,1,1,1
p_q_2761fdfe_1,mixed_age_400,1,1,q_2761fdfe,"The story of Joseph featuring the coat of many colours, appears in which book of the Bible?",What book of the Bible has an account about Joseph exhibiting his characteristic coat of multiple colors?,What book of the Bible has an account about Joseph exhibiting his characteristic coat of multiple colors?,Genesis,Genesis,1,10,triviaqa,,propagated from verified-faithful paraphrase,propagated from verified-faithful paraphrase,TIMELESS,380509.53422858426,rerun_24h,2,2,2,1
p_q_16e427cd_2,mixed_age_400,1,1,q_16e427cd,In which capital city is the Tivoli amusement park?,Which capital city houses the Tivoli amusements park?,Which capital city houses the Tivoli amusements park?,Copenhagen,Copenhagen,1,12,triviaqa,,propagated from verified-faithful paraphrase,propagated from verified-faithful paraphrase,TIMELESS,588206.2902092943,rerun_24h,2,2,2,1
p_q_44d9dff7_0,mixed_age_400,1,1,q_44d9dff7,At which battle of 1403 did Henry 'Hotspur' Percy die?,Can you recall which battle of 1403 ended in the death of Henry 'Hotspur' Percy?,Can you recall which battle of 1403 ended in the death of Henry 'Hotspur' Percy?,Shrewsbury,Shrewsbury,1,12,triviaqa,,propagated from verified-faithful paraphrase,propagated from verified-faithful paraphrase,TIMELESS,566111.5801496521,rerun_24h,2,2,2,1
p_q_9ea9bc19_3,mixed_age_400,1,1,q_9ea9bc19,What is the national park in Wyoming covering 3350 square miles that was opened in 1872?,Which Wyoming state created a national park in 1872 that has an area of 3350 sq mi?,Which Wyoming state created a national park in 1872 that has an area of 3350 sq mi?,Yellowstone National Park,Yellowstone National Park,1,12,triviaqa,,propagated from verified-faithful paraphrase,propagated from verified-faithful paraphrase,TIMELESS,400922.1082708677,rerun_24h,1,1,1,1
p_q_0f14ed28_1,mixed_age_400,1,1,q_0f14ed28,Fernando Alonso drives for which F1 team?,Which team is Fernando Alonso currently driving for in Formula One?,Which team is Fernando Alonso currently driving for in Formula One?,Scuderia FERRARI,Scuderia FERRARI,1,9,triviaqa,,propagated from verified-faithful paraphrase,propagated from verified-faithful paraphrase,TIMELESS,395388.3712811708,rerun_24h,2,2,2,1
p_q_d63bf68a_0,mixed_age_400,1,1,q_d63bf68a,What is kitchen tin foil made from?,What materials are used to make kitchen tin foil?,What materials are used to make kitchen tin foil?,Aluminium,Aluminium,1,12,triviaqa,,propagated from verified-faithful paraphrase,propagated from verified-faithful paraphrase,TIMELESS,134943.291346165,rerun_24h,1,1,1,1
p_q_8acef480_2,mixed_age_400,1,1,q_8acef480,What is the capital city of The Maldives?,Which is the capital city of The Maldives?,Which is the capital city of The Maldives?,Mali,Mali,1,12,triviaqa,,propagated from verified-faithful paraphrase,propagated from verified-faithful paraphrase,TIMELESS,256167.91123637493,rerun_24h,1,1,1,1
p_q_6f15c777_2,mixed_age_400,1,1,q_6f15c777,In which country is Mdina Glass made?,What country is Mdina Glass's production from?,What country is Mdina Glass's production from?,MALTA,MALTA,1,6,triviaqa,,propagated from verified-faithful paraphrase,propagated from verified-faithful paraphrase,TIMELESS,301648.9667916994,rerun_24h,2,2,2,1
p_q_0a45943e_0,mixed_age_400,1,1,q_0a45943e,Carl XVI Gustav became king of which European country in September 1973?,In which European country did Carl XVI Gustav get crowned as ruler in September 1973?,In which European country did Carl XVI Gustav get crowned as ruler in September 1973?,Sweden,Sweden,1,12,triviaqa,,propagated from verified-faithful paraphrase,propagated from verified-faithful paraphrase,TIMELESS,573497.1547197915,rerun_24h,1,1,1,1
p_q_6c6fbf05_2,mixed_age_400,1,1,q_6c6fbf05,"What award did Yann LeCun, Geoffrey Hinton, and Yoshua Bengio win together?","Which award did Yann LeCun, Geoffrey Hinton, and Yoshua Bengio collectively accomplish?","Which award did Yann LeCun, Geoffrey Hinton, and Yoshua Bengio collectively accomplish?",Turing Award,Turing Award,1,5,freshqa,before 2022,propagated from verified-faithful paraphrase,propagated from verified-faithful paraphrase,TIMELESS,603758.8728051484,rerun_24h,3,2,2,1
p_q_9d330418_0,mixed_age_400,1,1,q_9d330418,In which decade of the 20th century were the first Academy Awards (Oscars) ceremony?,When did the first Academy Awards ceremony (Oscars) happen in the 20th Century?,When did the first Academy Awards ceremony (Oscars) happen in the 20th Century?,1920s,1920s,1,12,triviaqa,,propagated from verified-faithful paraphrase,propagated from verified-faithful paraphrase,TIMELESS,347373.8014262111,rerun_24h,1,1,1,1
p_q_e32d9c63_3,mixed_age_400|heldout_400,2,1,q_e32d9c63,What is the name of the US river which flows between St. Paul and Minneapolis?,What's the name of this US river between St. Paul and Minneapolis?,What's the name of this US river between St. Paul and Minneapolis?,Mississippi,Mississippi,1,12,triviaqa,,propagated from verified-faithful paraphrase,propagated from verified-faithful paraphrase,TIMELESS,330125.1755674778,rerun_24h,1,1,1,1
p_q_bcbdf06e_1,mixed_age_400,1,1,q_bcbdf06e,"On which English motorway can you find services called Baldock, Wetherby and Washington?","Which motorway in England has services such as Baldock, Wetherby and Washington?","Which motorway in England has services such as Baldock, Wetherby and Washington?",M1,M1,1,10,triviaqa,,propagated from verified-faithful paraphrase,propagated from verified-faithful paraphrase,TIMELESS,122079.04087143153,rerun_24h,1,1,1,1
p_q_f63307b3_3,mixed_age_400,1,1,q_f63307b3,Who invented the ferris wheel?,Who was responsible for inventing the ferris wheel?,Who was responsible for inventing the ferris wheel?,George Washington Ferris,George Washington Ferris,1,9,triviaqa,,propagated from verified-faithful paraphrase,propagated from verified-faithful paraphrase,TIMELESS,489232.597089509,rerun_24h,1,1,1,1
p_q_c3300be7_3,mixed_age_400,1,1,q_c3300be7,Who was appointed captain of Great Britain's Davis Cup team in 2006?,Who captained the Great Britain team for the Davis Cup in 2006?,Who captained the Great Britain team for the Davis Cup in 2006?,John Lloyd,John Lloyd,1,8,triviaqa,,propagated from verified-faithful paraphrase,propagated from verified-faithful paraphrase,TIMELESS,150101.98937841525,rerun_24h,1,1,1,1
q_34965476,mixed_age_400,1,0,q_34965476,When did Elon Musk officially become Twitter's owner?,,When did Elon Musk officially become Twitter's owner?,"Oct 27, 2022","Oct 27, 2022",1,10,freshqa,2022,,,TIMELESS,256171.82598689955,rerun_24h,2,1,1,1
q_04a7276c,mixed_age_400,1,0,q_04a7276c,What type of bird is a ptarmigan?,,What type of bird is a ptarmigan?,Grouse,Grouse,1,6,triviaqa,,,,TIMELESS,197064.8470970297,rerun_24h,1,1,1,1
q_c6b40080,mixed_age_400,1,0,q_c6b40080,Which bird of the pigeon family was found in huge numbers in North America until the 19th century but then went into decline due to hunting and became extinct in 1914?,,Which bird of the pigeon family was found in huge numbers in North America until the 19th century but then went into decline due to hunting and became extinct in 1914?,Passenger pigeon,Passenger pigeon,1,12,triviaqa,,,,TIMELESS,300225.0736063954,rerun_24h,1,1,1,1
q_6bd3b3c9,mixed_age_400,1,0,q_6bd3b3c9,What is the main spirit in a Margarita?,,What is the main spirit in a Margarita?,Tequila,Tequila,1,11,triviaqa,,,,TIMELESS,74545.13350616118,rerun_12h,2,2,2,1
q_84d66f3a,mixed_age_400,1,0,q_84d66f3a,"In golf, what is the amateur equivalent of the Ryder Cup?",,"In golf, what is the amateur equivalent of the Ryder Cup?",The Walker Cup,The Walker Cup,1,4,triviaqa,,,,TIMELESS,44870.10004747821,rerun_12h,2,2,2,1
q_ad306b01,mixed_age_400,1,0,q_ad306b01,During which conflict was the battle of Blenheim fought?,,During which conflict was the battle of Blenheim fought?,War of the Spanish Succession,War of the Spanish Succession,1,12,triviaqa,,,,TIMELESS,157569.26643474144,rerun_24h,1,1,1,1
q_caa2a1ae,mixed_age_400,1,0,q_caa2a1ae,"Hatha, Jnana, Bhakti and Karma are all branches of which activity?",,"Hatha, Jnana, Bhakti and Karma are all branches of which activity?",Yoga,Yoga,1,12,triviaqa,,,,TIMELESS,242636.15082178736,rerun_24h,2,2,2,1
q_c4cf23ca,mixed_age_400,1,0,q_c4cf23ca,What is the most populous city in Chile?,,What is the most populous city in Chile?,Santiago,Santiago,1,3,freshqa,before 2022,,,TIMELESS,268331.6203977099,rerun_24h,2,1,1,1
q_384b354b,mixed_age_400,1,0,q_384b354b,"As at 2012 Nisiyama Onsen Keiunkan, a hot spring hotel in Hayakawa, Yamanashi, Japan, is officially regarded as being what world-record-holding business?",,"As at 2012 Nisiyama Onsen Keiunkan, a hot spring hotel in Hayakawa, Yamanashi, Japan, is officially regarded as being what world-record-holding business?",Oldest,Oldest,1,8,triviaqa,,,,TIMELESS,272797.70182887476,rerun_24h,1,1,1,1
q_04a0842f,mixed_age_400,1,0,q_04a0842f,In what city did the first successful heart transplant from a pig to a human patient take place?,,In what city did the first successful heart transplant from a pig to a human patient take place?,Baltimore,Baltimore,1,5,freshqa,2022,,,TIMELESS,139938.1608306363,rerun_24h,3,3,3,1
q_a93676a9,mixed_age_400,1,0,q_a93676a9,Which Irish musician released a 1988 album entitled ‘Watermark’?,,Which Irish musician released a 1988 album entitled ‘Watermark’?,Enya,Enya,1,9,triviaqa,,,,TIMELESS,41242.486581442354,rerun_1h,2,2,2,1
q_5fb43c16,mixed_age_400,1,0,q_5fb43c16,"Whose March 31, 1994 appearance on Late Show with David Letterman resulted in the episode becoming the most censored in American network television talk-show history for obvious reasons?",,"Whose March 31, 1994 appearance on Late Show with David Letterman resulted in the episode becoming the most censored in American network television talk-show history for obvious reasons?",Madonna,Madonna,1,5,triviaqa,,,,TIMELESS,173707.41472739898,rerun_24h,1,1,1,1
q_eb3db942,mixed_age_400,1,0,q_eb3db942,Which company developed Overwatch?,,Which company developed Overwatch?,Blizzard Entertainment,Blizzard Entertainment,1,2,freshqa,before 2022,,,TIMELESS,117762.12743267702,rerun_24h,1,1,1,1
q_b1bd705b,mixed_age_400,1,0,q_b1bd705b,In which English county is the town of Wells-next-the- Sea?,,In which English county is the town of Wells-next-the- Sea?,NORFOLK,NORFOLK,1,8,triviaqa,,,,TIMELESS,234502.05579395866,rerun_24h,2,2,2,1
p_q_5b78283a_3,mixed_age_400,1,1,q_5b78283a,What is the hometown of the most recent Miss Arkansas winner?,Where is Miss Arkansas's win-placed 2012 recipient originally from?,Where is Miss Arkansas's win-placed 2012 recipient originally from?,Stuttgart,Stuttgart,1,1,temporal_align_qa,2023,propagated from verified-faithful paraphrase,propagated from verified-faithful paraphrase,FAST,366657.06811983243,rerun_24h,3,3,3,1
p_q_498e07da_0,mixed_age_400,1,1,q_498e07da,Who currently represents New York's 22nd congressional district?,Which political party is considered the 42nd congressional district of New York?,Which political party is considered the 42nd congressional district of New York?,100px Brandon Williams,100px Brandon Williams,1,2,temporal_align_qa,2023,propagated from verified-faithful paraphrase,propagated from verified-faithful paraphrase,SLOW,441071.3202677113,rerun_24h,2,2,1,0
q_ba85b69b,mixed_age_400,1,0,q_ba85b69b,Who is the current kit manufacturer of Al-Arabi SC (Qatar)?,,Who is the current kit manufacturer of Al-Arabi SC (Qatar)?,Puma,Puma,1,1,temporal_align_qa,2023,latest annotated year in the answer dictionary,latest annotated year in the answer dictionary,SLOW,145358.3756445286,rerun_24h,1,1,1,1
p_q_e2133b50_0,mixed_age_400,1,1,q_e2133b50,Which Argentinean became conductor of the New York Philharmonic in 1970?,Can you identify the Argentinean who took on the role of director at the New York Philharmonic in 1970?,Can you identify the Argentinean who took on the role of director at the New York Philharmonic in 1970?,Daniel Barenboim,Daniel Barenboim,1,4,triviaqa,,propagated from verified-faithful paraphrase,propagated from verified-faithful paraphrase,TIMELESS,281305.2608989151,rerun_24h,1,1,1,1
q_1eee07b1,mixed_age_400,1,0,q_1eee07b1,What is the title of the documentary narrated by Stephen Mangan?,,What is the title of the documentary narrated by Stephen Mangan?,Artist of the Year,Artist of the Year,1,6,temporal_align_qa,2023,latest annotated year in the answer dictionary,latest annotated year in the answer dictionary,MEDIUM,54109.18408655162,rerun_12h,1,1,1,1
p_q_177880b1_1,mixed_age_400,1,1,q_177880b1,Who is the head coach of the Washington Mystics?,Who coaches the Washington Mystics?,Who coaches the Washington Mystics?,Eric Thibault,Eric Thibault,1,1,temporal_align_qa,2023,propagated from verified-faithful paraphrase,propagated from verified-faithful paraphrase,MEDIUM,412762.94883004535,rerun_24h,1,1,1,1
p_q_25f44bbf_1,mixed_age_400,1,1,q_25f44bbf,Who is the current leader of the Union of Jewish Students?,Who is President of the Union (Jewish Student Association)?,Who is President of the Union (Jewish Student Association)?,Joel Rosen,Joel Rosen,1,1,temporal_align_qa,2023,propagated from verified-faithful paraphrase,propagated from verified-faithful paraphrase,FAST,296323.0464570699,rerun_24h,1,1,1,1
q_4ef6bd87,mixed_age_400,1,0,q_4ef6bd87,Who is the current president of Lake Erie College?,,Who is the current president of Lake Erie College?,Brian Posler,Brian Posler,1,1,temporal_align_qa,2023,latest annotated year in the answer dictionary,latest annotated year in the answer dictionary,SLOW,37347.790731853405,rerun_1h,1,1,1,1
p_q_6d00c75f_2,heldout_400,1,1,q_6d00c75f,When is this year's Ramadan?,When will week 11 of jordan be observed?,When will week 11 of jordan be observed?,"Wed, Mar 22 – Fri, Apr 21","Wed, Mar 22 – Fri, Apr 21",1,6,freshqa,2023,propagated from verified-faithful paraphrase,propagated from verified-faithful paraphrase,FAST,581443.132811173,rerun_24h,2,1,1,1
p_q_134739ad_3,heldout_400,1,1,q_134739ad,Who were the drivers of the winning four-wheeler team in the most recent Baja 1000?,Who led the winning Baja 1000 4x bike equimienicnic boat team?,Who led the winning Baja 1000 4x bike equimienicnic boat team?,Bryce Menzies Andy McMillin Tavo Vildósola,Bryce Menzies Andy McMillin Tavo Vildósola,1,1,temporal_align_qa,2023,propagated from verified-faithful paraphrase,propagated from verified-faithful paraphrase,FAST,134833.0835328173,rerun_24h,2,2,2,1
p_q_e52c4939_0,heldout_400,1,1,q_e52c4939,Which horse won the Los Alamitos Futurity most recently?,Which contestant from Los Alamitos Futurity is considered the best?,Which contestant from Los Alamitos Futurity is considered the best?,Wynstock,Wynstock,1,1,temporal_align_qa,2023,propagated from verified-faithful paraphrase,propagated from verified-faithful paraphrase,FAST,274367.52673355234,rerun_24h,1,1,1,1
p_q_359f65e2_2,heldout_400,1,1,q_359f65e2,Which movie won the latest Academy Award for Best Picture?,What is the name of the cinematic masterpiece that got an Academy Award recognition?,What is the name of the cinematic masterpiece that got an Academy Award recognition?,Everything Everywhere All at Once,Everything Everywhere All at Once,1,1,freshqa,2023,propagated from verified-faithful paraphrase,propagated from verified-faithful paraphrase,FAST,125319.38745600988,rerun_24h,2,2,2,1
p_q_7954a9bc_0,heldout_400,1,1,q_7954a9bc,Which film featured the performance that won the most recent Blue Dragon Film Award for Best Supporting Actor?,Which movie received the Best Supporting Actor award at this point in time?,Which movie received the Best Supporting Actor award at this point in time?,Smugglers,Smugglers,1,1,temporal_align_qa,2023,propagated from verified-faithful paraphrase,propagated from verified-faithful paraphrase,FAST,248354.6175332074,rerun_24h,1,1,1,1
p_q_fa771a57_3,heldout_400,1,1,q_fa771a57,Which owner's horse won the latest Kikuka-shō?,Who held the belt of recently established Kikuka-sh?,Who held the belt of recently established Kikuka-sh?,U Carrot Farm,U Carrot Farm,1,1,temporal_align_qa,2023,propagated from verified-faithful paraphrase,propagated from verified-faithful paraphrase,FAST,316551.6426828752,rerun_24h,1,1,1,1
p_q_c7e889d2_1,heldout_400,1,1,q_c7e889d2,"Which artist or group performed the Grammy Award-winning Best Arrangement, Instrumental or A Cappella?","What is the label or chorus that has given awards, either Grammy Award-winning Instrumental Or A Cappella to a music artist for Best Song at an Artvârvâr State Arts Festival?","What is the label or chorus that has given awards, either Grammy Award-winning Instrumental Or A Cappella to a music artist for Best Song at an Artvârvâr State Arts Festival?","Magnus Lindgren, John Beasley & The SWR Big Band ft. Martin Auer","Magnus Lindgren, John Beasley & The SWR Big Band ft. Martin Auer",1,1,temporal_align_qa,2023,propagated from verified-faithful paraphrase,,FAST,486276.87334173266,rerun_24h,1,1,1,1
p_q_29f9cc16_1,heldout_400,1,1,q_29f9cc16,Who is the featured subject of the William Hill Sports Book of the Year winning title?,Which sports book exhibits the greatest athletic prowess among all William Hill's releases?,Which sports book exhibits the greatest athletic prowess among all William Hill's releases?,Lauren Fleshman,Lauren Fleshman,1,1,temporal_align_qa,2023,propagated from verified-faithful paraphrase,propagated from verified-faithful paraphrase,FAST,316898.00703415193,rerun_24h,1,1,1,1
p_q_2bbc82e4_2,heldout_400,1,1,q_2bbc82e4,Who is the most recent recipient of the Ebony Shoe Award?,"Who stole the striptease (""Ebony Shoe Award"")?","Who stole the striptease (""Ebony Shoe Award"")?",Mike Trésor,Mike Trésor,1,1,temporal_align_qa,2023,propagated from verified-faithful paraphrase,propagated from verified-faithful paraphrase,FAST,159107.34537888784,rerun_24h,1,1,1,1
p_q_8efe208f_0,heldout_400,1,1,q_8efe208f,Who was the jockey riding the winning horse in the most recent Rebel Stakes?,"What was the name of his partner in that race, who came out on top to start him with his leg?","What was the name of his partner in that race, who came out on top to start him with his leg?",James Graham,James Graham,1,1,temporal_align_qa,2023,propagated from verified-faithful paraphrase,propagated from verified-faithful paraphrase,FAST,331634.4270170167,rerun_24h,2,2,2,1
p_q_23baebab_2,heldout_400,1,1,q_23baebab,What character was portrayed by the winner of the most recent Metro Manila Film Festival Award for Best Actress?,What was the name of the actress who won Best Actress at metro capital cinema this time last year?,What was the name of the actress who won Best Actress at metro capital cinema this time last year?,Eileen,Eileen,1,4,temporal_align_qa,2023,propagated from verified-faithful paraphrase,propagated from verified-faithful paraphrase,FAST,224613.56859949022,rerun_24h,2,2,2,1
p_q_9ad3d8f7_0,heldout_400,1,1,q_9ad3d8f7,Who was the winner of the individual championship in the latest NCAA Women's Division I Cross Country Championship and what team does she represent?,What is the name of Virginia's national team in last year'a NCAA Women' s Division I Cross Country Championship and who personally raised that flag after her victory over Khabib James in 2015?,What is the name of Virginia's national team in last year'a NCAA Women' s Division I Cross Country Championship and who personally raised that flag after her victory over Khabib James in 2015?,Parker Valby,Parker Valby,1,1,temporal_align_qa,2023,propagated from verified-faithful paraphrase,,FAST,73854.16870257564,rerun_12h,2,2,2,1
p_q_ea6dfe5b_0,heldout_400,1,1,q_ea6dfe5b,Who won the National Board of Review Award for Best Actor most recently?,Who retains the title of Best Actor after their latest nomination for a National Board of Review Award?,Who retains the title of Best Actor after their latest nomination for a National Board of Review Award?,Paul Giamatti,Paul Giamatti,1,1,temporal_align_qa,2023,propagated from verified-faithful paraphrase,propagated from verified-faithful paraphrase,FAST,552452.2278611797,rerun_24h,1,1,1,1
p_q_5e69097f_1,heldout_400,1,1,q_5e69097f,Which school did the North Dakota Mr. Basketball Award winner attend?,What state produced the North Dakota Mr. Basketball Award presenter?,What state produced the North Dakota Mr. Basketball Award presenter?,Minot,Minot,1,1,temporal_align_qa,2023,propagated from verified-faithful paraphrase,propagated from verified-faithful paraphrase,FAST,202075.4057408179,rerun_24h,1,1,1,1
p_q_311e11e2_1,heldout_400,1,1,q_311e11e2,Which horse won the most recent Thyestes Chase?,Who clinched the reward of winning the Thorestyestes Chase last?,Who clinched the reward of winning the Thorestyestes Chase last?,Carefully Selected,Carefully Selected,1,1,temporal_align_qa,2023,propagated from verified-faithful paraphrase,propagated from verified-faithful paraphrase,FAST,273229.50519993703,rerun_24h,1,1,1,1
p_q_66b78d55_0,heldout_400,1,1,q_66b78d55,Who hosted the Juno Awards ceremony?,Which company put forward the Juno Awards project?,Which company put forward the Juno Awards project?,Simu Liu,Simu Liu,1,1,temporal_align_qa,2023,propagated from verified-faithful paraphrase,propagated from verified-faithful paraphrase,FAST,226629.16355726533,rerun_24h,1,1,1,1
p_q_1c3ba216_2,heldout_400,1,1,q_1c3ba216,Which pair took home the bronze medal in the latest Nebelhorn Trophy Senior Pairs competition?,This years Nebelhorn Trophy was held in the following two tennis disciplines: Who won bronze?,This years Nebelhorn Trophy was held in the following two tennis disciplines: Who won bronze?,Annika Hocke / Robert Kunkel,Annika Hocke / Robert Kunkel,1,1,temporal_align_qa,2023,propagated from verified-faithful paraphrase,propagated from verified-faithful paraphrase,FAST,567993.3383933123,rerun_24h,1,1,1,1
p_q_9c8a947a_1,heldout_400,1,1,q_9c8a947a,What is the original title of the most recent animated film nominated for the Goya Award for Best Animated Film?,How long has anyone kept their initial Nomination for the Goya Award of Best Animated Film?,How long has anyone kept their initial Nomination for the Goya Award of Best Animated Film?,Le dispararon al pianista,Le dispararon al pianista,1,5,temporal_align_qa,2023,propagated from verified-faithful paraphrase,propagated from verified-faithful paraphrase,FAST,298301.4169215509,rerun_24h,1,1,1,1
p_q_ef0e26fc_1,heldout_400,1,1,q_ef0e26fc,Who was the jockey riding the winning horse in the most recent Prix de l'Abbaye de Longchamp?,Who won the Prix de l'Abbaye des Longchamp?,Who won the Prix de l'Abbaye des Longchamp?,Jason Hart,Jason Hart,1,1,temporal_align_qa,2023,propagated from verified-faithful paraphrase,propagated from verified-faithful paraphrase,FAST,323560.0215996556,rerun_24h,1,1,1,1
p_q_d0506c00_0,heldout_400,1,1,q_d0506c00,Where was the most recent Bridges conference held?,When was last seen at Bridges?,When was last seen at Bridges?,"Dalhousie University, Halifax, Nova Scotia, Canada","Dalhousie University, Halifax, Nova Scotia, Canada",1,1,temporal_align_qa,2023,propagated from verified-faithful paraphrase,propagated from verified-faithful paraphrase,FAST,407975.5869320204,rerun_24h,2,2,2,1
p_q_885601a2_3,heldout_400,1,1,q_885601a2,Who owns the horse that claimed victory in the most recent running of the Prix Jean-Luc Lagardère?,Which steed is currently in the public eye as winners of this year's Prix Jean-Luc Lagardère?,Which steed is currently in the public eye as winners of this year's Prix Jean-Luc Lagardère?,Sheikh Mohammed Obaid Al Maktoum,Sheikh Mohammed Obaid Al Maktoum,1,1,temporal_align_qa,2023,propagated from verified-faithful paraphrase,propagated from verified-faithful paraphrase,FAST,579425.9064257885,rerun_24h,2,2,2,1
p_q_ff13db06_0,heldout_400,1,1,q_ff13db06,Who are the presenters of the Eurovision Song Contest?,Who is managing the teams for the Eurovision Song Contest?,Who is managing the teams for the Eurovision Song Contest?,"Alesha Dixon, Hannah Waddingham, Julia Sanina  and Graham Norton","Alesha Dixon, Hannah Waddingham, Julia Sanina  and Graham Norton",1,1,temporal_align_qa,2023,propagated from verified-faithful paraphrase,propagated from verified-faithful paraphrase,FAST,309438.10726786667,rerun_24h,2,2,2,1
p_q_3c8e1699_1,heldout_400,1,1,q_3c8e1699,Where was the European Amateur Championship last played?,The world - the European Amateur Championship Finals?,The world - the European Amateur Championship Finals?,Pärnu Bay Golf Links,Pärnu Bay Golf Links,1,1,temporal_align_qa,2023,propagated from verified-faithful paraphrase,propagated from verified-faithful paraphrase,FAST,357253.74746453005,rerun_24h,2,2,2,1
p_q_21078da3_1,heldout_400,1,1,q_21078da3,Which pair is the runners-up in the Australian Open mixed doubles championship?,Which tennis team secured the third spot in Australian Open mixed doubles?,Which tennis team secured the third spot in Australian Open mixed doubles?,Sania Mirza Rohan Bopanna,Sania Mirza Rohan Bopanna,1,1,temporal_align_qa,2023,propagated from verified-faithful paraphrase,propagated from verified-faithful paraphrase,FAST,409360.2513055164,rerun_24h,2,2,2,1
p_q_badb7460_3,heldout_400,1,1,q_badb7460,What is the title of the Spanish film submitted for the Academy Award for Best International Feature Film?,Which Spanish movie was the most likely to receive an Oscar or nomination for Best International Feature Film?,Which Spanish movie was the most likely to receive an Oscar or nomination for Best International Feature Film?,Society of the Snow,Society of the Snow,1,1,temporal_align_qa,2023,propagated from verified-faithful paraphrase,propagated from verified-faithful paraphrase,FAST,267195.9071639499,rerun_24h,1,1,1,1
p_q_5284772a_2,heldout_400,1,1,q_5284772a,Who is the most recent recipient of the Babe Ruth Award?,On which Babe Ruth Award does the award recipient right now currently sits?,On which Babe Ruth Award does the award recipient right now currently sits?,Adolis García,Adolis García,1,1,temporal_align_qa,2023,propagated from verified-faithful paraphrase,propagated from verified-faithful paraphrase,FAST,469037.19764963974,rerun_24h,1,1,1,1
p_q_76a7b4a6_1,heldout_400,1,1,q_76a7b4a6,What was the latest champion's score relative to par at the Japan Women's Open Golf Championship?,What was the champion's score at this year''San Jose Arena in Japan Women' s Open Golf Championship?,What was the champion's score at this year''San Jose Arena in Japan Women' s Open Golf Championship?,−15,−15,1,1,temporal_align_qa,2023,propagated from verified-faithful paraphrase,propagated from verified-faithful paraphrase,FAST,255471.9858559036,rerun_24h,2,2,2,1
p_q_b16f0265_3,heldout_400,1,1,q_b16f0265,Who rode the winning horse in the most recent Queen Elizabeth II Challenge Cup Stakes?,Who trained the winner of the Queen Elizabeth II Challenge Cup Stakes in the current event?,Who trained the winner of the Queen Elizabeth II Challenge Cup Stakes in the current event?,Oisin Murphy,Oisin Murphy,1,1,temporal_align_qa,2023,propagated from verified-faithful paraphrase,propagated from verified-faithful paraphrase,FAST,500659.29332614486,rerun_24h,1,1,1,1
p_q_26393420_2,heldout_400,1,1,q_26393420,Which trainer prepared the winning horse of the latest Queen Elizabeth II Challenge Cup Stakes?,Who became owner of the horse that triumphed in today's Queen Elizabeth II Challenge Cup Stakes?,Who became owner of the horse that triumphed in today's Queen Elizabeth II Challenge Cup Stakes?,Saeed bin Suroor,Saeed bin Suroor,1,1,temporal_align_qa,2023,propagated from verified-faithful paraphrase,propagated from verified-faithful paraphrase,FAST,593718.6139277852,rerun_24h,4,2,2,1
p_q_830461c0_2,heldout_400,1,1,q_830461c0,Who owned the horse that won the last Coronation Stakes?,Which equine successfully won the Coronation Stakes?,Which equine successfully won the Coronation Stakes?,Aga Khan IV,Aga Khan IV,1,1,temporal_align_qa,2023,propagated from verified-faithful paraphrase,propagated from verified-faithful paraphrase,FAST,205717.63831347777,rerun_24h,1,1,1,1
p_q_ebb666ba_1,heldout_400,1,1,q_ebb666ba,Who is the current Gatorade Player of the Year in volleyball?,Currently who is considered the Gatorade of volleyball?,Currently who is considered the Gatorade of volleyball?,Harper Murray,Harper Murray,1,1,temporal_align_qa,2023,propagated from verified-faithful paraphrase,propagated from verified-faithful paraphrase,FAST,352072.7325719836,rerun_24h,2,2,2,1
p_q_d26e3359_0,heldout_400,1,1,q_d26e3359,What is the name of the trainer who trained the Bahrain Trophy's winning horse most recently?,Which trainer held his Bahrain Trophy championship horse at the earliest?,Which trainer held his Bahrain Trophy championship horse at the earliest?,Charlie Appleby,Charlie Appleby,1,1,temporal_align_qa,2023,propagated from verified-faithful paraphrase,propagated from verified-faithful paraphrase,FAST,373914.36617184296,rerun_24h,2,2,2,1
p_q_efbe3181_2,heldout_400,1,1,q_efbe3181,Who is the current chair of the Democratic Governors Association?,Who currently holds the position of chair for Democrats in executive positions?,Who currently holds the position of chair for Democrats in executive positions?,Phil Murphy,Phil Murphy,1,1,temporal_align_qa,2023,propagated from verified-faithful paraphrase,propagated from verified-faithful paraphrase,FAST,462979.36018530716,rerun_24h,1,1,1,1
p_q_63c4c1ca_1,heldout_400,1,1,q_63c4c1ca,Which horse won the Oaks d'Italia most recently?,What was the name of the last German horse to take out the contest in Oaks d'Italia?,What was the name of the last German horse to take out the contest in Oaks d'Italia?,Shavasana,Shavasana,1,1,temporal_align_qa,2023,propagated from verified-faithful paraphrase,propagated from verified-faithful paraphrase,FAST,240293.9758118359,rerun_24h,2,2,2,1
p_q_69b0bd6d_3,heldout_400,1,1,q_69b0bd6d,Which team did the Great Britain Davis Cup team compete against in its most recent completed match?,Who did who were the last team vs the Great Britain Davis Cup team in their latest final statement?,Who did who were the last team vs the Great Britain Davis Cup team in their latest final statement?,France,France,1,5,temporal_align_qa,2023,propagated from verified-faithful paraphrase,propagated from verified-faithful paraphrase,FAST,486567.3159573846,rerun_24h,1,1,1,1
p_q_fa771a57_1,heldout_400,1,1,q_fa771a57,Which owner's horse won the latest Kikuka-shō?,Which hunter or horse just received the Kikuka-sh?,Which hunter or horse just received the Kikuka-sh?,U Carrot Farm,U Carrot Farm,1,1,temporal_align_qa,2023,propagated from verified-faithful paraphrase,propagated from verified-faithful paraphrase,FAST,326006.7706538327,rerun_24h,1,1,1,1
p_q_b38c44e9_2,heldout_400,1,1,q_b38c44e9,In which city was the most recent NHL Entry Draft conducted?,When did the NHL Entry Draft take place?,When did the NHL Entry Draft take place?,"Nashville, Tennessee","Nashville, Tennessee",1,1,temporal_align_qa,2023,propagated from verified-faithful paraphrase,propagated from verified-faithful paraphrase,FAST,101383.16001651883,rerun_24h,1,1,1,1
p_q_30501636_1,heldout_400,1,1,q_30501636,Who represented France most recently at the Eurovision Song Contest?,Which French singer had the rare occasion of appearing at this year's Eurovision Song Contest?,Which French singer had the rare occasion of appearing at this year's Eurovision Song Contest?,La Zarra,La Zarra,1,1,temporal_align_qa,2023,propagated from verified-faithful paraphrase,propagated from verified-faithful paraphrase,FAST,251981.9897798605,rerun_24h,1,1,1,1
p_q_8fda5466_3,heldout_400,1,1,q_8fda5466,Who was the runner-up at the Mitsubishi Electric Championship at Hualalai?,Which wrestler secured the second position in the Mitsubishi Electric Championship at Hualai?,Which wrestler secured the second position in the Mitsubishi Electric Championship at Hualai?,Steven Alker NIR Darren Clarke Ken Tanigawa Mike Weir,Steven Alker NIR Darren Clarke Ken Tanigawa Mike Weir,1,1,temporal_align_qa,2023,propagated from verified-faithful paraphrase,propagated from verified-faithful paraphrase,FAST,60915.423375958824,rerun_12h,2,2,2,1
p_q_b9e48bff_0,heldout_400,1,1,q_b9e48bff,Which ownership currently holds the winning title for the Florida Derby?,Who has acquired the voting rights to the Florida Derby?,Who has acquired the voting rights to the Florida Derby?,Repole Stable & St. Elias Stable,Repole Stable & St. Elias Stable,1,1,temporal_align_qa,2023,propagated from verified-faithful paraphrase,propagated from verified-faithful paraphrase,FAST,141095.53050298517,rerun_24h,1,1,1,1
p_q_a6ef6cf2_3,heldout_400,1,1,q_a6ef6cf2,What is the name of the ownership that claimed victory at the last Maker's Mark Mile Stakes?,Which stakeholder was declared winner of the last Maker's Mark Mile Stakes?,Which stakeholder was declared winner of the last Maker's Mark Mile Stakes?,Lael Stables,Lael Stables,1,1,temporal_align_qa,2023,propagated from verified-faithful paraphrase,propagated from verified-faithful paraphrase,FAST,413282.28425284056,rerun_24h,2,2,2,1
p_q_b9172601_3,heldout_400,1,1,q_b9172601,Which work secured the Grammy Award for Best Jazz Performance?,Which jazz playing received the best performance at a Grammy Award?,Which jazz playing received the best performance at a Grammy Award?,Endangered Species,Endangered Species,1,1,temporal_align_qa,2023,propagated from verified-faithful paraphrase,propagated from verified-faithful paraphrase,FAST,346306.21164488315,rerun_24h,1,1,1,1
p_q_e78970aa_1,heldout_400,1,1,q_e78970aa,Who is the latest recipient of the Jack Oatey Medal?,Which politician has been granted the Jack Oatey Medal in recent years?,Which politician has been granted the Jack Oatey Medal in recent years?,Lachlan Hosie,Lachlan Hosie,1,1,temporal_align_qa,2023,propagated from verified-faithful paraphrase,propagated from verified-faithful paraphrase,FAST,130309.20222591367,rerun_24h,1,1,1,1
p_q_d9d96160_3,heldout_400,1,1,q_d9d96160,Who delivered The MacTaggart Lecture at the Edinburgh International Television Festival most recently?,Who interrupted the presentation of The MacTaggart Lecture at Edinburgh International Television Festival?,Who interrupted the presentation of The MacTaggart Lecture at Edinburgh International Television Festival?,Louis Theroux,Louis Theroux,1,1,temporal_align_qa,2023,propagated from verified-faithful paraphrase,propagated from verified-faithful paraphrase,FAST,125219.16234764106,rerun_24h,2,2,2,1
p_q_b37309f3_2,heldout_400,1,1,q_b37309f3,Which horse won the Kameko Futurity Trophy?,Which animal was honored with the Kameko Futurity Trophy?,Which animal was honored with the Kameko Futurity Trophy?,Ancient Wisdom,Ancient Wisdom,1,1,temporal_align_qa,2023,propagated from verified-faithful paraphrase,propagated from verified-faithful paraphrase,FAST,437367.7459598193,rerun_24h,1,1,1,1
p_q_d23ca3b3_1,heldout_400,1,1,q_d23ca3b3,What is the current overall record of Tiger Park's team?,What percentage of wins have been achieved by Tiger Park's team thus far?,What percentage of wins have been achieved by Tiger Park's team thus far?,27-9,27-9,1,1,temporal_align_qa,2023,propagated from verified-faithful paraphrase,propagated from verified-faithful paraphrase,FAST,278460.2324849467,rerun_24h,1,1,1,1
p_q_3ec48396_1,heldout_400,1,1,q_3ec48396,What train model won the most recent Blue Ribbon Award (railway)?,What train category do you think has consistently earned the last Blue Ribbon Award (railway)?,What train category do you think has consistently earned the last Blue Ribbon Award (railway)?,HC85 series DEMU,HC85 series DEMU,1,1,temporal_align_qa,2023,propagated from verified-faithful paraphrase,propagated from verified-faithful paraphrase,FAST,263781.7439756748,rerun_24h,2,2,2,1
p_q_ebb666ba_3,heldout_400,1,1,q_ebb666ba,Who is the current Gatorade Player of the Year in volleyball?,Who is holding the position of Gatorade Champion in volleyball at present?,Who is holding the position of Gatorade Champion in volleyball at present?,Harper Murray,Harper Murray,1,1,temporal_align_qa,2023,propagated from verified-faithful paraphrase,propagated from verified-faithful paraphrase,FAST,540391.2676159851,rerun_24h,2,2,2,1
p_q_d093f991_3,heldout_400,1,1,q_d093f991,Which owner's horse won the Breeders' Cup Filly & Mare Turf?,Who captured the top spot in the Breeders' Cup Filly & Mare Turf competition?,Who captured the top spot in the Breeders' Cup Filly & Mare Turf competition?,Cheveley Park Stud,Cheveley Park Stud,1,1,temporal_align_qa,2023,propagated from verified-faithful paraphrase,propagated from verified-faithful paraphrase,FAST,475149.32939833147,rerun_24h,1,1,1,1
p_q_30b7af38_1,heldout_400,1,1,q_30b7af38,What is the name of the trainer who trained the victory horse in the most recent Takamatsunomiya Kinen?,What was the title of the trainer who trained the wintry horse in this new Takamatsunomiya Kinen?,What was the title of the trainer who trained the wintry horse in this new Takamatsunomiya Kinen?,Masayuki Nishimura,Masayuki Nishimura,1,1,temporal_align_qa,2023,propagated from verified-faithful paraphrase,propagated from verified-faithful paraphrase,FAST,396011.82283339143,rerun_24h,1,1,1,1
p_q_8500b23d_1,heldout_400,1,1,q_8500b23d,In which country did the most recent FIS Nordic Junior World Ski Championships take place?,"Among the participating nations, which one did it consist of the last year's FIS Nordic Junior World Ski Championships?","Among the participating nations, which one did it consist of the last year's FIS Nordic Junior World Ski Championships?",Canada,Canada,1,1,temporal_align_qa,2023,propagated from verified-faithful paraphrase,propagated from verified-faithful paraphrase,FAST,526731.7227211724,rerun_24h,1,1,1,1
p_q_180c42e7_2,heldout_400,1,1,q_180c42e7,Which horse won the most recent Nassau Stakes?,Which jock qualified as the winner of last year's Nassau Stakes?,Which jock qualified as the winner of last year's Nassau Stakes?,Al Husn,Al Husn,1,1,temporal_align_qa,2023,propagated from verified-faithful paraphrase,propagated from verified-faithful paraphrase,FAST,528282.9563666914,rerun_24h,1,1,1,1
p_q_3cff3dce_2,heldout_400,1,1,q_3cff3dce,Who is the latest recipient of the Gatorade National Baseball Player of the Year award?,Which player was recognized as the recipient of Gatorade National Baseball Player of the Year?,Which player was recognized as the recipient of Gatorade National Baseball Player of the Year?,Max Clark baseball,Max Clark baseball,1,1,temporal_align_qa,2023,propagated from verified-faithful paraphrase,propagated from verified-faithful paraphrase,FAST,376901.764680841,rerun_24h,1,1,1,1
p_q_33b33ec1_2,heldout_400,1,1,q_33b33ec1,What is the Portuguese title of the latest film submitted by Portugal for the Academy Award for Best International Feature Film?,Which movie has Portugal submitted as the latest submission for Best International Feature Film to win an Oscar?,Which movie has Portugal submitted as the latest submission for Best International Feature Film to win an Oscar?,Mal Viver,Mal Viver,1,1,temporal_align_qa,2023,propagated from verified-faithful paraphrase,propagated from verified-faithful paraphrase,FAST,434763.15663644456,rerun_24h,1,1,1,1
p_q_23194df6_1,heldout_400,1,1,q_23194df6,Who is the President of the East Texas Yamboree for the current festival?,Do you know who holds the position of President at this year's East Texas Yamboree festival?,Do you know who holds the position of President at this year's East Texas Yamboree festival?,Abigail Elaine Stewart,Abigail Elaine Stewart,1,1,temporal_align_qa,2023,propagated from verified-faithful paraphrase,propagated from verified-faithful paraphrase,FAST,73886.38527547446,rerun_12h,1,1,1,1
p_q_52957594_0,heldout_400,1,1,q_52957594,In which television series is LL Cool J currently starring as a main cast member?,Name LL Cool J's current popular television series?,Name LL Cool J's current popular television series?,Hip Hop Treasures,Hip Hop Treasures,1,6,temporal_align_qa,2023,propagated from verified-faithful paraphrase,propagated from verified-faithful paraphrase,FAST,306048.83858943824,rerun_24h,1,1,1,1
p_q_51c973e7_3,heldout_400,1,1,q_51c973e7,Who is the most recent NBA player to score 60 or more points in a single game?,"Which NBA player has reached the milestone of 60-plus points in a single game recently, and why?","Which NBA player has reached the milestone of 60-plus points in a single game recently, and why?",Damian Lillard,Damian Lillard,1,3,freshqa,2023,propagated from verified-faithful paraphrase,propagated from verified-faithful paraphrase,FAST,202480.460487602,rerun_24h,3,3,3,1
p_q_6657182b_0,heldout_400,1,1,q_6657182b,Which male athlete won the Callahan Award most recently?,Who was the most recent man to receive a Callahan Award?,Who was the most recent man to receive a Callahan Award?,Justin Burnett,Justin Burnett,1,1,temporal_align_qa,2023,propagated from verified-faithful paraphrase,propagated from verified-faithful paraphrase,FAST,358847.4654515924,rerun_24h,1,1,1,1
p_q_2f36649c_0,heldout_400,1,1,q_2f36649c,For which film was the National Board of Review Award for Best Actress most recently given?,Which film was honored with the best actress nomination for the National Board of Review Award last time?,Which film was honored with the best actress nomination for the National Board of Review Award last time?,Killers of the Flower Moon,Killers of the Flower Moon,1,1,temporal_align_qa,2023,propagated from verified-faithful paraphrase,propagated from verified-faithful paraphrase,FAST,45168.85547441113,rerun_12h,2,2,2,1
p_q_22adabe9_1,heldout_400,1,1,q_22adabe9,What was the model name of the Williams Grand Prix Engineering car that had USA Logan Sargeant and THA Alexander Albon as drivers?,Could you tell me the name of the engineering vehicle used at the Williams Grand Prix with Logan Sargeant from USA and Alexander Albon from THA?,Could you tell me the name of the engineering vehicle used at the Williams Grand Prix with Logan Sargeant from USA and Alexander Albon from THA?,FW45,FW45,1,1,temporal_align_qa,2023,propagated from verified-faithful paraphrase,propagated from verified-faithful paraphrase,FAST,368933.3753379334,rerun_24h,1,1,1,1
p_q_10fbddc5_2,heldout_400,1,1,q_10fbddc5,Which artists won the Grammy Award for Best Large Jazz Ensemble Album most recently?,Who are the individuals that currently hold the Best Large Jazz Ensemble award for the most recent Grammy Awards?,Who are the individuals that currently hold the Best Large Jazz Ensemble award for the most recent Grammy Awards?,"Steven Feifke, Bijon Watson & the Generation Gap Jazz Orchestra","Steven Feifke, Bijon Watson & the Generation Gap Jazz Orchestra",1,1,temporal_align_qa,2023,propagated from verified-faithful paraphrase,propagated from verified-faithful paraphrase,FAST,324852.96157851524,rerun_24h,1,1,1,1
p_q_dd7cbef3_0,heldout_400,1,1,q_dd7cbef3,"In what month and year was the price of Bitcoin last above $40,000?","In which month and for how long was Bitcoin valued at $40,000?","In which month and for how long was Bitcoin valued at $40,000?",April 2022,April 2022,1,3,freshqa,2022,propagated from verified-faithful paraphrase,propagated from verified-faithful paraphrase,FAST,477586.48146662675,rerun_24h,2,2,2,1
p_q_1c1961cd_2,heldout_400,1,1,q_1c1961cd,In what country was the current Miss World born?,Can you tell me the country where Miss World was born?,Can you tell me the country where Miss World was born?,Poland,Poland,1,1,freshqa,2022,propagated from verified-faithful paraphrase,propagated from verified-faithful paraphrase,FAST,138332.98392126863,rerun_24h,1,1,1,1
p_q_611d707f_0,heldout_400,1,1,q_611d707f,What is the television show in which Christopher McDonald most recently appeared?,What was the name of Christopher McDonald's latest TV role?,What was the name of Christopher McDonald's latest TV role?,Captain Fall,Captain Fall,1,2,temporal_align_qa,2023,propagated from verified-faithful paraphrase,propagated from verified-faithful paraphrase,FAST,36749.36722502887,rerun_1h,1,1,1,1
p_q_cf72c65f_3,heldout_400,1,1,q_cf72c65f,Who won the latest NBA championship?,Which NBA player has won the most recent title?,Which NBA player has won the most recent title?,Denver Nuggets,Denver Nuggets,1,1,freshqa,2023,propagated from verified-faithful paraphrase,propagated from verified-faithful paraphrase,FAST,589981.8024902222,rerun_24h,2,1,1,1
p_q_113fc559_1,heldout_400,1,1,q_113fc559,Who is the most recent winner of the Beacon Award for the Fremantle Football Club?,Who's winnQ most recent Beacon Award for Fremantle Football Club?,Who's winnQ most recent Beacon Award for Fremantle Football Club?,Jye Amiss,Jye Amiss,1,1,temporal_align_qa,2023,propagated from verified-faithful paraphrase,propagated from verified-faithful paraphrase,FAST,518383.57445718424,rerun_24h,2,2,2,1
p_q_79078e30_1,heldout_400,1,1,q_79078e30,How many goals did the leading goalkicker for the West Coast Eagles score this season?,What is the number of goals that the leading goalkeeper for the West Coast Eagles scored this season?,What is the number of goals that the leading goalkeeper for the West Coast Eagles scored this season?,53,53,1,1,temporal_align_qa,2023,propagated from verified-faithful paraphrase,propagated from verified-faithful paraphrase,FAST,204397.42170097085,rerun_24h,2,2,2,1
p_q_c8436957_2,heldout_400,1,1,q_c8436957,In which ACB season did the most recent winner of the Most Valuable Player award play?,At which ACB season did the winner of the Most Valuable Player award play out most recently?,At which ACB season did the winner of the Most Valuable Player award play out most recently?,2022–23,2022–23,1,1,temporal_align_qa,2023,propagated from verified-faithful paraphrase,propagated from verified-faithful paraphrase,FAST,264358.2580422649,rerun_24h,1,1,1,1
p_q_ea668263_1,heldout_400,1,1,q_ea668263,Who is the translator that won the Oxford-Weidenfeld Translation Prize most recently?,Which translator was most recently granted the Oxford-Weidenfeld Translation Prize?,Which translator was most recently granted the Oxford-Weidenfeld Translation Prize?,Monica Cure,Monica Cure,1,1,temporal_align_qa,2023,propagated from verified-faithful paraphrase,propagated from verified-faithful paraphrase,FAST,312392.3685759831,rerun_24h,1,1,1,1
p_q_9fb844a5_3,heldout_400,1,1,q_9fb844a5,Who is the most recent recipient of the Robert F. Kennedy Human Rights Award?,Who has been awarded the Robert F. Kennedy Human Rights Prize most recently?,Who has been awarded the Robert F. Kennedy Human Rights Prize most recently?,Parlamento del Pueblo Xinka,Parlamento del Pueblo Xinka,1,1,temporal_align_qa,2023,propagated from verified-faithful paraphrase,propagated from verified-faithful paraphrase,FAST,101741.74534389836,rerun_24h,2,2,2,1
p_q_2cbafc2e_1,heldout_400,1,1,q_2cbafc2e,What is the English title of the latest film submitted by Iceland for the Academy Award for Best International Feature Film?,What is the name of the most recent film that Iceland submitted to receive the Best International Feature Film award at the Oscars in English?,What is the name of the most recent film that Iceland submitted to receive the Best International Feature Film award at the Oscars in English?,Godland,Godland,1,1,temporal_align_qa,2023,propagated from verified-faithful paraphrase,propagated from verified-faithful paraphrase,FAST,275044.3628769409,rerun_24h,1,1,1,1
p_q_77f52421_1,heldout_400,1,1,q_77f52421,Which horse won the Santa Anita Handicap most recently?,Which horse is currently winning the Santa Anita Handicap?,Which horse is currently winning the Santa Anita Handicap?,Stilleto Boy,Stilleto Boy,1,1,temporal_align_qa,2023,propagated from verified-faithful paraphrase,propagated from verified-faithful paraphrase,FAST,533763.6484876708,rerun_24h,2,2,2,1
p_q_e52c4939_1,heldout_400,1,1,q_e52c4939,Which horse won the Los Alamitos Futurity most recently?,Which horse was selected as the winner of the latest Los Alamitos Futurity race?,Which horse was selected as the winner of the latest Los Alamitos Futurity race?,Wynstock,Wynstock,1,1,temporal_align_qa,2023,propagated from verified-faithful paraphrase,propagated from verified-faithful paraphrase,FAST,513405.343637642,rerun_24h,1,1,1,1
p_q_1816d40e_1,heldout_400,1,1,q_1816d40e,Which video game did Vanessa Marshall voice a character in?,What's the title of video game where Vanessa Marshall voiced a character?,What's the title of video game where Vanessa Marshall voiced a character?,Justice League: Cosmic Chaos,Justice League: Cosmic Chaos,1,2,temporal_align_qa,2023,propagated from verified-faithful paraphrase,propagated from verified-faithful paraphrase,FAST,580249.0569436066,rerun_24h,1,1,1,1
p_q_91044e4b_2,heldout_400,1,1,q_91044e4b,What film does Thomas Lennon most recently appear in?,What movie has Thomas Lennon starred in recently?,What movie has Thomas Lennon starred in recently?,Zoey 102,Zoey 102,1,1,temporal_align_qa,2023,propagated from verified-faithful paraphrase,propagated from verified-faithful paraphrase,FAST,269552.5391764928,rerun_24h,1,1,1,1
p_q_0095371b_0,heldout_400,1,1,q_0095371b,In which city was the ILCA 7 World Championship held?,Where the ILCA 7 World Championship took place?,Where the ILCA 7 World Championship took place?,The Hague,The Hague,1,1,temporal_align_qa,2023,propagated from verified-faithful paraphrase,propagated from verified-faithful paraphrase,FAST,363511.04322611005,rerun_24h,1,1,1,1
p_q_2c023058_3,heldout_400,1,1,q_2c023058,How many fatalities were reported as a result of the Atlantic hurricane season?,How many individuals perished due to the Atlantic hurricane season?,How many individuals perished due to the Atlantic hurricane season?,15,15,1,1,temporal_align_qa,2023,propagated from verified-faithful paraphrase,propagated from verified-faithful paraphrase,FAST,149208.34719534265,rerun_24h,2,2,2,1
p_q_534fcd60_3,heldout_400,1,1,q_534fcd60,How many novels has Stephen King published?,What is the count of novels Stephen King hasauthored?,What is the count of novels Stephen King hasauthored?,66 novels,66 novels,1,4,freshqa,2023,propagated from verified-faithful paraphrase,propagated from verified-faithful paraphrase,FAST,202449.21215963396,rerun_24h,2,2,2,1
q_5aac65b6,heldout_400,1,0,q_5aac65b6,Which film won the Toronto International Film Festival People's Choice Award most recently?,,Which film won the Toronto International Film Festival People's Choice Award most recently?,The Holdovers,The Holdovers,1,3,temporal_align_qa,2023,latest annotated year in the answer dictionary,latest annotated year in the answer dictionary,FAST,47146.67060403753,rerun_12h,1,1,1,1
q_3c8d7d2d,heldout_400,1,0,q_3c8d7d2d,Where did the most recent Texas Rangers first-round draft pick attend school?,,Where did the most recent Texas Rangers first-round draft pick attend school?,University of Florida,University of Florida,1,1,temporal_align_qa,2023,latest annotated year in the answer dictionary,latest annotated year in the answer dictionary,FAST,51755.85660973713,rerun_12h,1,1,1,1
q_af23c4b7,heldout_400,1,0,q_af23c4b7,Which college did the Pittsburgh Steelers' first round draft pick attend?,,Which college did the Pittsburgh Steelers' first round draft pick attend?,Georgia,Georgia,1,1,temporal_align_qa,2023,latest annotated year in the answer dictionary,latest annotated year in the answer dictionary,FAST,203688.2067516497,rerun_24h,1,1,1,1
q_f9667c6d,heldout_400,1,0,q_f9667c6d,Which jockey rode the winning horse in the most recent Coronation Stakes?,,Which jockey rode the winning horse in the most recent Coronation Stakes?,Chris Hayes,Chris Hayes,1,1,temporal_align_qa,2023,latest annotated year in the answer dictionary,latest annotated year in the answer dictionary,FAST,177301.99933153857,rerun_24h,2,2,2,1
q_dcc6b248,heldout_400,1,0,q_dcc6b248,Who is the latest WNBA player to win the Rookie of the Year Award?,,Who is the latest WNBA player to win the Rookie of the Year Award?,Aliyah Boston,Aliyah Boston,1,1,temporal_align_qa,2023,latest annotated year in the answer dictionary,latest annotated year in the answer dictionary,FAST,142303.87015941337,rerun_24h,1,1,1,1
q_6a9f5944,heldout_400,1,0,q_6a9f5944,Which entity owned the winning horse of the most recent Arkansas Derby?,,Which entity owned the winning horse of the most recent Arkansas Derby?,Albaugh Family Stables,Albaugh Family Stables,1,1,temporal_align_qa,2023,latest annotated year in the answer dictionary,latest annotated year in the answer dictionary,FAST,144539.91411880357,rerun_24h,2,2,2,1
q_5e68b428,heldout_400,1,0,q_5e68b428,From which city is the latest winner of the Bulwer-Lytton Fiction Contest?,,From which city is the latest winner of the Bulwer-Lytton Fiction Contest?,"Maya Pasic New York, New York","Maya Pasic New York, New York",1,1,temporal_align_qa,2023,latest annotated year in the answer dictionary,latest annotated year in the answer dictionary,FAST,41406.11003089812,rerun_1h,2,2,2,1
q_b5910f81,heldout_400,1,0,q_b5910f81,What is the batting average (AVG) of the National League Silver Slugger Award winner at second base?,,What is the batting average (AVG) of the National League Silver Slugger Award winner at second base?,0.354,0.354,1,1,temporal_align_qa,2023,latest annotated year in the answer dictionary,latest annotated year in the answer dictionary,FAST,191582.11914409502,rerun_24h,1,1,1,1
q_9b65bcba,heldout_400,1,0,q_9b65bcba,Which horse won the last Irish Gold Cup?,,Which horse won the last Irish Gold Cup?,Galopin Des Champs,Galopin Des Champs,1,1,temporal_align_qa,2023,latest annotated year in the answer dictionary,latest annotated year in the answer dictionary,FAST,22585.275239634284,rerun_1h,2,2,2,1
q_88bc6deb,heldout_400,1,0,q_88bc6deb,Who was the Lead for the team that clinched the title at the most recent United States Junior Men's Curling Championship?,,Who was the Lead for the team that clinched the title at the most recent United States Junior Men's Curling Championship?,Jackson Armstrong,Jackson Armstrong,1,1,temporal_align_qa,2023,latest annotated year in the answer dictionary,latest annotated year in the answer dictionary,FAST,243585.41580318916,rerun_24h,2,2,2,1
q_595ca0b6,heldout_400,1,0,q_595ca0b6,Who finished third in the latest edition of the World Freshwater Angling Championships?,,Who finished third in the latest edition of the World Freshwater Angling Championships?,England Sean Ashby,England Sean Ashby,1,1,temporal_align_qa,2023,latest annotated year in the answer dictionary,latest annotated year in the answer dictionary,FAST,183244.40415113405,rerun_24h,2,2,2,1
q_2ca95d4e,heldout_400,1,0,q_2ca95d4e,Who claimed the Points classification victory in the Vuelta a Burgos men's race?,,Who claimed the Points classification victory in the Vuelta a Burgos men's race?,Primož Roglič,Primož Roglič,1,1,temporal_align_qa,2023,latest annotated year in the answer dictionary,latest annotated year in the answer dictionary,FAST,38128.24753108093,rerun_1h,1,1,1,1
q_5d7bcc7e,heldout_400,1,0,q_5d7bcc7e,Who is the most recent recipient of the Anisfield-Wolf Book Award for Lifetime Achievement?,,Who is the most recent recipient of the Anisfield-Wolf Book Award for Lifetime Achievement?,Charlayne Hunter-Gault,Charlayne Hunter-Gault,1,1,temporal_align_qa,2023,latest annotated year in the answer dictionary,latest annotated year in the answer dictionary,FAST,165273.69845668998,rerun_24h,2,2,2,1
q_6657182b,heldout_400,1,0,q_6657182b,Which male athlete won the Callahan Award most recently?,,Which male athlete won the Callahan Award most recently?,Justin Burnett,Justin Burnett,1,1,temporal_align_qa,2023,latest annotated year in the answer dictionary,latest annotated year in the answer dictionary,FAST,6940.3381100948,rerun_1h,1,1,1,1
p_q_7889631c_0,heldout_400,1,1,q_7889631c,What is the name of the Spokesperson for the United States Department of State who represents the current administration?,What is the real identity of our administration Secretary of State?,What is the real identity of our administration Secretary of State?,Matthew Miller,Matthew Miller,1,2,temporal_align_qa,2023,propagated from verified-faithful paraphrase,propagated from verified-faithful paraphrase,MEDIUM,470345.9167192309,rerun_24h,2,2,2,1
p_q_4ec7b3d4_1,heldout_400,1,1,q_4ec7b3d4,Who holds the UAE Pro League top scorer title?,Which individual is considered the most successful player in Dubai Pro League cricket?,Which individual is considered the most successful player in Dubai Pro League cricket?,Kodjo Laba,Kodjo Laba,1,1,temporal_align_qa,2023,propagated from verified-faithful paraphrase,propagated from verified-faithful paraphrase,MEDIUM,335325.786141856,rerun_24h,1,1,1,1
p_q_613da476_0,heldout_400,1,1,q_613da476,Who is the winner of the most recent Grandmaster Tournament at the Biel Chess Festival?,Awarded at the most recent Grandmaster Tournament of den vereinigten Schweizer Chess Fest in Biel.,Awarded at the most recent Grandmaster Tournament of den vereinigten Schweizer Chess Fest in Biel.,Lê Quang Liêm,Lê Quang Liêm,1,1,temporal_align_qa,2023,propagated from verified-faithful paraphrase,propagated from verified-faithful paraphrase,MEDIUM,252804.20247167096,rerun_24h,1,1,1,1
p_q_0df35e70_1,heldout_400,1,1,q_0df35e70,Who trained the winning horse of the Celebration Mile?,Who worked with the Horse that Socked on Pupa! Prize Races Celebration Mile?,Who worked with the Horse that Socked on Pupa! Prize Races Celebration Mile?,Ralph Beckett,Ralph Beckett,1,1,temporal_align_qa,2023,propagated from verified-faithful paraphrase,propagated from verified-faithful paraphrase,MEDIUM,308397.99849816615,rerun_24h,1,1,1,1
p_q_e9470503_0,heldout_400,1,1,q_e9470503,Who is the current skip of the men's champion team in the CurlON Championships?,Who holds the title of your maverick and last in CurlON Championships (moncages) skip in history?,Who holds the title of your maverick and last in CurlON Championships (moncages) skip in history?,Bryan Cochrane,Bryan Cochrane,1,1,temporal_align_qa,2023,propagated from verified-faithful paraphrase,propagated from verified-faithful paraphrase,MEDIUM,280314.29943701305,rerun_24h,2,2,2,1
p_q_c6088f4c_2,heldout_400,1,1,q_c6088f4c,Which football club won the Kategoria e Parë championship title?,Which team or individual emerged as the champion of Kategoria e Par?,Which team or individual emerged as the champion of Kategoria e Par?,Skënderbeu,Skënderbeu,1,1,temporal_align_qa,2023,propagated from verified-faithful paraphrase,propagated from verified-faithful paraphrase,MEDIUM,601055.4328313426,rerun_24h,1,1,1,1
p_q_1ef14187_0,heldout_400,1,1,q_1ef14187,Which team took the victory at the most recent 12 Hours of Sebring race?,Who earned the championship title by setting new records for lap time at 12 hours of sebring?,Who earned the championship title by setting new records for lap time at 12 hours of sebring?,Whelen Engineering Racing,Whelen Engineering Racing,1,1,temporal_align_qa,2023,propagated from verified-faithful paraphrase,propagated from verified-faithful paraphrase,MEDIUM,524286.66819751414,rerun_24h,3,3,3,1
p_q_25725075_0,heldout_400,1,1,q_25725075,Which team is the current champion of the Liga Departamental de Áncash?,Who won Liga Departamental de ncash gold?,Who won Liga Departamental de ncash gold?,San Marcos,San Marcos,1,1,temporal_align_qa,2023,propagated from verified-faithful paraphrase,propagated from verified-faithful paraphrase,MEDIUM,139941.91793384805,rerun_24h,1,1,1,1
p_q_032b7664_1,heldout_400,1,1,q_032b7664,Who are presenting the trophy at the Kentucky Derby?,Who is achieving the milestone in being the owner of the Kentucky Derby crown?,Who is achieving the milestone in being the owner of the Kentucky Derby crown?,Rebecca Lowe and Ahmed Fareed,Rebecca Lowe and Ahmed Fareed,1,1,temporal_align_qa,2023,propagated from verified-faithful paraphrase,propagated from verified-faithful paraphrase,MEDIUM,76865.41095103437,rerun_12h,1,1,1,1
p_q_039dd524_2,heldout_400,1,1,q_039dd524,From what school did the latest Dan Hodge Trophy winner come from?,In which academic setting did the recent Dan Hodge Trophy victorian make his outing?,In which academic setting did the recent Dan Hodge Trophy victorian make his outing?,Michigan,Michigan,1,1,temporal_align_qa,2023,propagated from verified-faithful paraphrase,propagated from verified-faithful paraphrase,MEDIUM,238557.47915708186,rerun_24h,2,2,2,1
p_q_268237ac_1,heldout_400,1,1,q_268237ac,Who was the jockey riding the winning horse in the latest Tenno Sho Autumn?,Who presented the outstanding mount in Tenno Sho Autumn #2?,Who presented the outstanding mount in Tenno Sho Autumn #2?,Christophe Lemaire,Christophe Lemaire,1,1,temporal_align_qa,2023,propagated from verified-faithful paraphrase,propagated from verified-faithful paraphrase,MEDIUM,227881.4853860286,rerun_24h,2,2,2,1
p_q_33ca27e1_3,heldout_400,1,1,q_33ca27e1,Who was the jockey for the winning horse at the Musidora Stakes?,Who was chosen as the top horse by Warwick as colt’s third season winner at Musidora Stakes?,Who was chosen as the top horse by Warwick as colt’s third season winner at Musidora Stakes?,Frankie Dettori,Frankie Dettori,1,1,temporal_align_qa,2023,propagated from verified-faithful paraphrase,propagated from verified-faithful paraphrase,MEDIUM,344915.52572444285,rerun_24h,1,1,1,1
p_q_3f0409f7_0,heldout_400,1,1,q_3f0409f7,Which team was led by the most recent WNBA Coach of the Year Award winner?,"If they were up for the coveted Coach of Year Award in basketball, which team would have gone on to carry those players?","If they were up for the coveted Coach of Year Award in basketball, which team would have gone on to carry those players?",Connecticut Sun,Connecticut Sun,1,1,temporal_align_qa,2023,propagated from verified-faithful paraphrase,propagated from verified-faithful paraphrase,MEDIUM,391346.5733766629,rerun_24h,1,1,1,1
p_q_802fd2cb_1,heldout_400,1,1,q_802fd2cb,Who is the current head coach of C.D. Guadalajara?,Whopresently serves as the chief advisor for C.D. Guadalajaro?,Whopresently serves as the chief advisor for C.D. Guadalajaro?,SRB Veljko Paunović,SRB Veljko Paunović,1,1,temporal_align_qa,2023,propagated from verified-faithful paraphrase,propagated from verified-faithful paraphrase,MEDIUM,401512.16099014133,rerun_24h,2,2,2,1
p_q_33ca27e1_0,heldout_400,1,1,q_33ca27e1,Who was the jockey for the winning horse at the Musidora Stakes?,Who came out of the field with swedish Arabia in the Musidora Stakes?,Who came out of the field with swedish Arabia in the Musidora Stakes?,Frankie Dettori,Frankie Dettori,1,1,temporal_align_qa,2023,propagated from verified-faithful paraphrase,propagated from verified-faithful paraphrase,MEDIUM,545771.5256065661,rerun_24h,1,1,1,1
p_q_7810cebf_0,heldout_400,1,1,q_7810cebf,Who is the current head coach of the Los Angeles Sparks?,Which management style does the leading guy at LA Sparks apply to?,Which management style does the leading guy at LA Sparks apply to?,Curt Miller,Curt Miller,1,1,temporal_align_qa,2023,propagated from verified-faithful paraphrase,propagated from verified-faithful paraphrase,MEDIUM,560791.9043847197,rerun_24h,2,2,2,1
p_q_039dd524_1,heldout_400,1,1,q_039dd524,From what school did the latest Dan Hodge Trophy winner come from?,Where did the Dan Hodge Trophy match happen?,Where did the Dan Hodge Trophy match happen?,Michigan,Michigan,1,1,temporal_align_qa,2023,propagated from verified-faithful paraphrase,propagated from verified-faithful paraphrase,MEDIUM,251062.65295052624,rerun_24h,2,2,2,1
p_q_2ac34d0d_1,heldout_400,1,1,q_2ac34d0d,Which jockey rode the winning horse in the most recent February Stakes?,Who was backing in the recent February Stakes victory?,Who was backing in the recent February Stakes victory?,Ryusei Sakai,Ryusei Sakai,1,1,temporal_align_qa,2023,propagated from verified-faithful paraphrase,propagated from verified-faithful paraphrase,MEDIUM,588959.191356715,rerun_24h,3,3,3,1
p_q_a3b0afc4_2,heldout_400,1,1,q_a3b0afc4,Who is the leading scorer in the Israeli Basketball Premier League?,"Among the players from the Israeli Basketball Premier League, who is commonly întâlnied?","Among the players from the Israeli Basketball Premier League, who is commonly întâlnied?",Tyler Bey,Tyler Bey,1,1,temporal_align_qa,2023,propagated from verified-faithful paraphrase,propagated from verified-faithful paraphrase,MEDIUM,228461.30028519628,rerun_24h,1,1,1,1
p_q_470d2d0f_2,heldout_400,1,1,q_470d2d0f,Who is the most recent recipient of the Edgar Martínez Award?,Can you tell me the name of the most recent award recipient for Edgar Martnez Awards?,Can you tell me the name of the most recent award recipient for Edgar Martnez Awards?,Shohei Ohtani,Shohei Ohtani,1,1,temporal_align_qa,2023,propagated from verified-faithful paraphrase,propagated from verified-faithful paraphrase,MEDIUM,589504.275528526,rerun_24h,1,1,1,1
p_q_4e2156f7_3,heldout_400,1,1,q_4e2156f7,Who is the coach of the team that won the most recent Úrvalsdeild karla (basketball) championship?,What is the team manager's name from the list that won the rvalsdeild karla (basketball) championship in 1998?,What is the team manager's name from the list that won the rvalsdeild karla (basketball) championship in 1998?,Pavel Ermolinskij,Pavel Ermolinskij,1,1,temporal_align_qa,2023,propagated from verified-faithful paraphrase,propagated from verified-faithful paraphrase,MEDIUM,321263.82279459276,rerun_24h,1,1,1,1
p_q_feab2243_2,heldout_400,1,1,q_feab2243,What role did John Noble play in his most recent television appearance?,Can you identify the reason for my recent interview with John Noble on TV?,Can you identify the reason for my recent interview with John Noble on TV?,Falco,Falco,1,1,temporal_align_qa,2023,propagated from verified-faithful paraphrase,propagated from verified-faithful paraphrase,MEDIUM,422657.8153265548,rerun_24h,1,1,1,1
p_q_80aff2cd_0,heldout_400,1,1,q_80aff2cd,Which team took the victory in the latest edition of the 24 Hours of Le Mans race?,Who secured the most significant advantage in the 24 Hours of Le Mans?,Who secured the most significant advantage in the 24 Hours of Le Mans?,Ferrari – AF Corse,Ferrari – AF Corse,1,1,temporal_align_qa,2023,propagated from verified-faithful paraphrase,propagated from verified-faithful paraphrase,MEDIUM,468362.4245362268,rerun_24h,1,1,1,1
p_q_b91d68ca_2,heldout_400,1,1,q_b91d68ca,Which jockey rode the winning horse in the most recent Belmont Derby?,"Besides John Depp, who was the best performer in winning last year's Belmont Derby?","Besides John Depp, who was the best performer in winning last year's Belmont Derby?",José Ortiz,José Ortiz,1,1,temporal_align_qa,2023,propagated from verified-faithful paraphrase,propagated from verified-faithful paraphrase,MEDIUM,371441.1672833029,rerun_24h,1,1,1,1
p_q_a9f6ddd4_2,heldout_400,1,1,q_a9f6ddd4,Who trained the winning horse of the most recent Hong Kong Sprint and in what country?,When and where did the winning horse at the recent Hong Kong Sprint stakes turn to?,When and where did the winning horse at the recent Hong Kong Sprint stakes turn to?,Manfred Man Ka-leung,Manfred Man Ka-leung,1,1,temporal_align_qa,2023,propagated from verified-faithful paraphrase,propagated from verified-faithful paraphrase,MEDIUM,536817.4251211222,rerun_24h,1,1,1,1
p_q_7c47387f_2,heldout_400,1,1,q_7c47387f,Which character did Walton Goggins most recently portray on television?,At what point in time was Walton Goggins most commonly seen on television?,At what point in time was Walton Goggins most commonly seen on television?,Earl 'Peanutt' Montgomery,Earl 'Peanutt' Montgomery,1,5,temporal_align_qa,2023,propagated from verified-faithful paraphrase,propagated from verified-faithful paraphrase,MEDIUM,585579.0993851854,rerun_24h,1,1,1,1
p_q_7378baa7_0,heldout_400,1,1,q_7378baa7,Who conducted the trophy presentation at the American League Championship Series?,Who designed the American League Championship Series MVP showcase?,Who designed the American League Championship Series MVP showcase?,Kevin Burkhardt,Kevin Burkhardt,1,1,temporal_align_qa,2023,propagated from verified-faithful paraphrase,propagated from verified-faithful paraphrase,MEDIUM,410803.9453297374,rerun_24h,2,2,2,1
p_q_f0b3ece2_2,heldout_400,1,1,q_f0b3ece2,Which team was the runner-up in the latest WSE Cup Finals?,Who suffered the most unfortunate defeat in the previous WSE Cup Finals?,Who suffered the most unfortunate defeat in the previous WSE Cup Finals?,HC Braga,HC Braga,1,1,temporal_align_qa,2023,propagated from verified-faithful paraphrase,propagated from verified-faithful paraphrase,MEDIUM,424813.0941941406,rerun_24h,2,2,2,1
p_q_12d05949_0,heldout_400,1,1,q_12d05949,Which jockey rode the winning horse in the latest Superlative Stakes?,Which jockey took the easy ride in setting up winning horse for today's Superlative Stakes?,Which jockey took the easy ride in setting up winning horse for today's Superlative Stakes?,Ryan Moore,Ryan Moore,1,1,temporal_align_qa,2023,propagated from verified-faithful paraphrase,propagated from verified-faithful paraphrase,MEDIUM,237774.4879036672,rerun_24h,2,2,2,1
p_q_c0c0cc7f_0,heldout_400,1,1,q_c0c0cc7f,What television series is Kevin Eldon a part of?,"When can we expect to see Kevin Eldon in a TV show, and what are those shows?","When can we expect to see Kevin Eldon in a TV show, and what are those shows?",Danger Mouse,Danger Mouse,1,4,temporal_align_qa,2023,propagated from verified-faithful paraphrase,propagated from verified-faithful paraphrase,MEDIUM,544181.8098117525,rerun_24h,1,1,1,1
p_q_ec0efdba_2,heldout_400,1,1,q_ec0efdba,What character does Lyriq Bent portray on television?,Which account is written by Lyriq Bent for the TV series?,Which account is written by Lyriq Bent for the TV series?,Pastor Mike Butler,Pastor Mike Butler,1,2,temporal_align_qa,2023,propagated from verified-faithful paraphrase,propagated from verified-faithful paraphrase,MEDIUM,335496.8834407871,rerun_24h,1,1,1,1
p_q_ed789c0a_0,heldout_400,1,1,q_ed789c0a,Who is the latest winner of the Spanish Grand Prix?,Whose car is most likely to win the Spanish Grand Prix on today's date?,Whose car is most likely to win the Spanish Grand Prix on today's date?,Max Verstappen,Max Verstappen,1,1,temporal_align_qa,2023,propagated from verified-faithful paraphrase,propagated from verified-faithful paraphrase,MEDIUM,475519.3797111888,rerun_24h,1,1,1,1
p_q_a9520087_3,heldout_400,1,1,q_a9520087,What character is Dianne Pilkington portraying in her latest theatre performance?,"When this play of theatre actor Dianne Pilkington comes out tonight, for whom?","When this play of theatre actor Dianne Pilkington comes out tonight, for whom?",Wicked Witch of the West / Miss Gulch,Wicked Witch of the West / Miss Gulch,1,1,temporal_align_qa,2023,propagated from verified-faithful paraphrase,propagated from verified-faithful paraphrase,MEDIUM,406169.9589606891,rerun_24h,1,1,1,1
p_q_71ca7be1_1,heldout_400,1,1,q_71ca7be1,Which team is the current winner of the Super League (Ireland) National Cup?,Who is now the favourite to win the Super League (Ireland) National Cup of Champions?,Who is now the favourite to win the Super League (Ireland) National Cup of Champions?,Maree,Maree,1,1,temporal_align_qa,2023,propagated from verified-faithful paraphrase,propagated from verified-faithful paraphrase,MEDIUM,410992.6711139373,rerun_24h,1,1,1,1
p_q_618650f8_1,heldout_400,1,1,q_618650f8,Who is the current manager of US Monastir football team?,Which player currently leads the US Monastrium football team as its coach?,Which player currently leads the US Monastrium football team as its coach?,Darko Nović,Darko Nović,1,1,temporal_align_qa,2023,propagated from verified-faithful paraphrase,propagated from verified-faithful paraphrase,MEDIUM,40403.32582589548,rerun_1h,1,1,1,1
p_q_e7073d58_2,heldout_400,1,1,q_e7073d58,How many countries have recognized same-sex marriage?,In how many countries couples get legally married?,In how many countries couples get legally married?,34 countries,34 countries,1,2,freshqa,2022,propagated from verified-faithful paraphrase,propagated from verified-faithful paraphrase,MEDIUM,459760.0771044609,rerun_24h,2,2,2,1
p_q_10399b97_0,heldout_400,1,1,q_10399b97,Which team does the top scorer of the 2. Liga in Slovakia play for?,What is the intended goal of Slovaquis top scorer in Slovakia's 2. Liga team?,What is the intended goal of Slovaquis top scorer in Slovakia's 2. Liga team?,Tatran Prešov,Tatran Prešov,1,1,temporal_align_qa,2023,propagated from verified-faithful paraphrase,propagated from verified-faithful paraphrase,MEDIUM,188353.64592298417,rerun_24h,1,1,1,1
p_q_02665be9_2,heldout_400,1,1,q_02665be9,Which television series does Damien Garvey appear in?,"I'm not familiar with Damien Garvey from TV, can you provide some insight?","I'm not familiar with Damien Garvey from TV, can you provide some insight?",The Artful Dodger,The Artful Dodger,1,1,temporal_align_qa,2023,propagated from verified-faithful paraphrase,propagated from verified-faithful paraphrase,MEDIUM,593526.2055273448,rerun_24h,1,1,1,1
p_q_be7863cd_3,heldout_400,1,1,q_be7863cd,What is the title of a current American animated television series available on Netflix?,I'm curious about the name of a fresh-released animated series from America on Netflix. Any recommendations?,I'm curious about the name of a fresh-released animated series from America on Netflix. Any recommendations?,Nature Cat,Nature Cat,1,1,temporal_align_qa,2023,propagated from verified-faithful paraphrase,propagated from verified-faithful paraphrase,MEDIUM,391036.60074985295,rerun_24h,2,2,2,1
p_q_bd8d50a7_3,heldout_400,1,1,q_bd8d50a7,Which athlete holds the third position in the most recent women's snowboard cross FIS Snowboard World Cup standings?,"Among the contestants in this year's FIS Snowboard World Cup, who has secured third place?","Among the contestants in this year's FIS Snowboard World Cup, who has secured third place?",Josie Baff,Josie Baff,1,1,temporal_align_qa,2023,propagated from verified-faithful paraphrase,propagated from verified-faithful paraphrase,MEDIUM,192539.1152245789,rerun_24h,2,2,2,1
p_q_58db0825_2,heldout_400,1,1,q_58db0825,Which jockey rode the winning horse in the Southwest Stakes with a time of 1,When did the jockey score 1/1 for his fastest start in the Southwest Stakes?,When did the jockey score 1/1 for his fastest start in the Southwest Stakes?,John R. Velazquez,John R. Velazquez,1,1,temporal_align_qa,2023,propagated from verified-faithful paraphrase,propagated from verified-faithful paraphrase,MEDIUM,180134.18530731605,rerun_24h,2,2,2,1
p_q_39cd95a7_3,heldout_400,1,1,q_39cd95a7,Where will NeurIPS be located this year?,Where will be the NeurIPS in 2016?,Where will be the NeurIPS in 2016?,New Orleans,New Orleans,1,6,freshqa,2023,propagated from verified-faithful paraphrase,propagated from verified-faithful paraphrase,MEDIUM,405971.61549835233,rerun_24h,4,3,3,1
p_q_145203c8_3,heldout_400,1,1,q_145203c8,Who was the jockey that rode the winning horse in the most recent Preis von Europa?,"During the most recent Preis von Europa race, which jockey was the one who owned the $900kgeld horse that emerged victorious?","During the most recent Preis von Europa race, which jockey was the one who owned the $900kgeld horse that emerged victorious?",Rene Piechulek,Rene Piechulek,1,1,temporal_align_qa,2023,propagated from verified-faithful paraphrase,propagated from verified-faithful paraphrase,MEDIUM,478686.0639749837,rerun_24h,1,1,1,1
p_q_d1fc1f80_0,heldout_400,1,1,q_d1fc1f80,Where is the hometown of the current Miss Hawaii?,Can you tell me the birth place of Miss Hawaii?,Can you tell me the birth place of Miss Hawaii?,Honolulu,Honolulu,1,1,temporal_align_qa,2023,propagated from verified-faithful paraphrase,propagated from verified-faithful paraphrase,MEDIUM,559183.0012520009,rerun_24h,2,2,2,1
p_q_292449b7_1,heldout_400,1,1,q_292449b7,Who trained the winning horse of the most current Jeff Ruby Steaks?,Who was the trainer of choice for the winner of today's Jeff Ruby Steaks race?,Who was the trainer of choice for the winner of today's Jeff Ruby Steaks race?,Larry Rivelli,Larry Rivelli,1,1,temporal_align_qa,2023,propagated from verified-faithful paraphrase,propagated from verified-faithful paraphrase,MEDIUM,490902.11323102174,rerun_24h,1,1,1,1
p_q_cfdd4441_0,heldout_400,1,1,q_cfdd4441,Which school has the most recent Pop-Tarts Bowl MVP hailed from?,Which grade school took home the Pop-Tarts Bowl crown in all of sports?,Which grade school took home the Pop-Tarts Bowl crown in all of sports?,Kansas State,Kansas State,1,1,temporal_align_qa,2023,propagated from verified-faithful paraphrase,propagated from verified-faithful paraphrase,MEDIUM,361080.29153963225,rerun_24h,1,1,1,1
p_q_8a614432_0,heldout_400,1,1,q_8a614432,What team finished in third place in the most recent NCAA Division I men's soccer tournament?,Which school was named the third-best team in the NCAA Division I men's soccer tournament?,Which school was named the third-best team in the NCAA Division I men's soccer tournament?,Oregon State,Oregon State,1,1,temporal_align_qa,2023,propagated from verified-faithful paraphrase,propagated from verified-faithful paraphrase,MEDIUM,270302.50853503554,rerun_24h,2,2,2,1
p_q_d0a493c9_1,heldout_400,1,1,q_d0a493c9,Who is the current head coach of KK MZT Skopje?,Who is the Captain of KK MZT Skopje now?,Who is the Captain of KK MZT Skopje now?,Aleksandar Petrović  Dragan Nikolić  Vasko Atanasov,Aleksandar Petrović  Dragan Nikolić  Vasko Atanasov,1,1,temporal_align_qa,2023,propagated from verified-faithful paraphrase,propagated from verified-faithful paraphrase,MEDIUM,205045.9277163338,rerun_24h,2,2,2,1
p_q_8b7e079f_0,heldout_400,1,1,q_8b7e079f,Where was the last Women's PGA Championship held?,What was the following place for the Women's PGA Championship?,What was the following place for the Women's PGA Championship?,Baltusrol Golf Club,Baltusrol Golf Club,1,1,temporal_align_qa,2023,propagated from verified-faithful paraphrase,propagated from verified-faithful paraphrase,MEDIUM,539517.0018946755,rerun_24h,2,2,2,1
p_q_f0b3ece2_0,heldout_400,1,1,q_f0b3ece2,Which team was the runner-up in the latest WSE Cup Finals?,What is the second-most beaten team in this year's WSE Cup Final?,What is the second-most beaten team in this year's WSE Cup Final?,HC Braga,HC Braga,1,1,temporal_align_qa,2023,propagated from verified-faithful paraphrase,propagated from verified-faithful paraphrase,MEDIUM,593716.1454907428,rerun_24h,2,2,2,1
p_q_63335fe3_0,heldout_400,1,1,q_63335fe3,Who won the top division championship at the January sumo tournament in Tokyo?,What is the name of the leading sub division in the sumo tournament held at Tokyo during January?,What is the name of the leading sub division in the sumo tournament held at Tokyo during January?,Takakeishō,Takakeishō,1,1,temporal_align_qa,2023,propagated from verified-faithful paraphrase,propagated from verified-faithful paraphrase,MEDIUM,323516.733969959,rerun_24h,1,1,1,1
p_q_60703185_3,heldout_400,1,1,q_60703185,Who is the champion driver of the Indian National Rally Championship?,Who are the drivers who have achieved success in winning Indian National Rally Championship?,Who are the drivers who have achieved success in winning Indian National Rally Championship?,Aroor Arjun Rao,Aroor Arjun Rao,1,1,temporal_align_qa,2023,propagated from verified-faithful paraphrase,propagated from verified-faithful paraphrase,MEDIUM,140231.6727191728,rerun_24h,1,1,1,1
p_q_78ed83ff_1,heldout_400,1,1,q_78ed83ff,What team is the current TC2000 Championship champion associated with?,What is the known team that has won all of these TC2000 Championships?,What is the known team that has won all of these TC2000 Championships?,Axion Energy Sport,Axion Energy Sport,1,1,temporal_align_qa,2023,propagated from verified-faithful paraphrase,propagated from verified-faithful paraphrase,MEDIUM,286077.0874525807,rerun_24h,1,1,1,1
p_q_f7bf87d7_1,heldout_400,1,1,q_f7bf87d7,Which club did the top goalscorer in Ekstraklasa play for?,What club did the best goalscorer of Ekstraklasa join?,What club did the best goalscorer of Ekstraklasa join?,Jagiellonia Białystok,Jagiellonia Białystok,1,1,temporal_align_qa,2023,propagated from verified-faithful paraphrase,propagated from verified-faithful paraphrase,MEDIUM,490016.5922509624,rerun_24h,1,1,1,1
p_q_9bcda30d_2,heldout_400,1,1,q_9bcda30d,Who won the Sporting News Manager of the Year Award for the American League?,Which manager from the American League won the 2015 Sporting News Manager of The Year Award?,Which manager from the American League won the 2015 Sporting News Manager of The Year Award?,Brandon Hyde,Brandon Hyde,1,1,temporal_align_qa,2023,propagated from verified-faithful paraphrase,propagated from verified-faithful paraphrase,MEDIUM,341589.2044313497,rerun_24h,1,1,1,1
p_q_79f6b4eb_3,heldout_400,1,1,q_79f6b4eb,How many finalists were there in the most recent Archibald Prize competition?,How many contestants made it to the final round of the Archibald Prize?,How many contestants made it to the final round of the Archibald Prize?,57.0,57.0,1,1,temporal_align_qa,2023,propagated from verified-faithful paraphrase,propagated from verified-faithful paraphrase,MEDIUM,421318.27787236427,rerun_24h,1,1,1,1
p_q_57d1c01a_3,heldout_400,1,1,q_57d1c01a,Who is the current manager of FK Partizan?,Who is handling FK Partizan?,Who is handling FK Partizan?,Gordan Petrić,Gordan Petrić,1,1,temporal_align_qa,2023,propagated from verified-faithful paraphrase,propagated from verified-faithful paraphrase,MEDIUM,493140.315373476,rerun_24h,1,1,1,1
p_q_4ccc0c84_0,heldout_400,1,1,q_4ccc0c84,What is the car number of the A-GAME 200 winning vehicle?,What is the automobile model indicated in A-GAME 200 that won?,What is the automobile model indicated in A-GAME 200 that won?,19,19,1,1,temporal_align_qa,2023,propagated from verified-faithful paraphrase,propagated from verified-faithful paraphrase,MEDIUM,201731.81046139958,rerun_24h,1,1,1,1
p_q_7b41f83f_3,heldout_400,1,1,q_7b41f83f,What is the name of the current co-recipient of the Eddy Choong Player of the Year award?,Who are both co-winners of the Eddy Choong Player of The Year award?,Who are both co-winners of the Eddy Choong Player of The Year award?,South Korea,South Korea,1,1,temporal_align_qa,2023,propagated from verified-faithful paraphrase,propagated from verified-faithful paraphrase,MEDIUM,542083.5786669365,rerun_24h,3,2,2,1
p_q_560436e5_2,heldout_400,1,1,q_560436e5,Who is the Sheffield Wednesday F.C. Player of the Year?,Which player has been successful in securing the recipient of the Sheffield Wednesday F.C. Player of Year award?,Which player has been successful in securing the recipient of the Sheffield Wednesday F.C. Player of Year award?,Liam Palmer,Liam Palmer,1,1,temporal_align_qa,2023,propagated from verified-faithful paraphrase,propagated from verified-faithful paraphrase,MEDIUM,423388.0435604723,rerun_24h,1,1,1,1
p_q_134c8d29_3,heldout_400,1,1,q_134c8d29,Who is serving as the chair of the Education Commission of the States?,Who manages the Education Commission of the States as its chairman?,Who manages the Education Commission of the States as its chairman?,Asa Hutchinson,Asa Hutchinson,1,2,temporal_align_qa,2023,propagated from verified-faithful paraphrase,propagated from verified-faithful paraphrase,MEDIUM,433554.0026397627,rerun_24h,2,2,2,1
p_q_75c9b763_1,heldout_400,1,1,q_75c9b763,What is the total purse for the most recent Women's British Open?,What was the complete amount of funds included in the winning package at this year's Women' British Open?,What was the complete amount of funds included in the winning package at this year's Women' British Open?,"9,000,000","9,000,000",1,1,temporal_align_qa,2023,propagated from verified-faithful paraphrase,propagated from verified-faithful paraphrase,MEDIUM,149583.66813401162,rerun_24h,4,4,4,1
p_q_1480c99d_0,heldout_400,1,1,q_1480c99d,What school recently claimed the title in the Iowa High School Athletic Association Baseball Summer 3A State Tournament?,Which school was last in the Iowa High School Athletic Association Baseball Summer 3A State Tournament?,Which school was last in the Iowa High School Athletic Association Baseball Summer 3A State Tournament?,Western Dubuque,Western Dubuque,1,1,temporal_align_qa,2023,propagated from verified-faithful paraphrase,propagated from verified-faithful paraphrase,MEDIUM,471860.6714693952,rerun_24h,1,1,1,1
p_q_a3225b4a_0,heldout_400,1,1,q_a3225b4a,Who directed the latest Icelandic film submitted for the Academy Award for Best International Feature Film?,Which director recently made their first Film for the Academy Award - Best International Feature film in Iceland?,Which director recently made their first Film for the Academy Award - Best International Feature film in Iceland?,Hlynur Pálmason,Hlynur Pálmason,1,1,temporal_align_qa,2023,propagated from verified-faithful paraphrase,propagated from verified-faithful paraphrase,MEDIUM,585669.3214053793,rerun_24h,3,2,2,1
p_q_0bf77f06_0,heldout_400,1,1,q_0bf77f06,Who is the PFA Scotland Players' Player of the Year for the Scottish Championship?,PFA Scotland Players Player of Year Scottish Championship ?,PFA Scotland Players Player of Year Scottish Championship ?,Dipo Akinyemi,Dipo Akinyemi,1,1,temporal_align_qa,2023,propagated from verified-faithful paraphrase,propagated from verified-faithful paraphrase,MEDIUM,179615.29023477505,rerun_24h,2,2,2,1
p_q_20085526_2,heldout_400,1,1,q_20085526,Who is the National League Gold Glove Award winner for first base?,Who received the first base Gold Glove Award in the National League?,Who received the first base Gold Glove Award in the National League?,Christian Walker,Christian Walker,1,1,temporal_align_qa,2023,propagated from verified-faithful paraphrase,propagated from verified-faithful paraphrase,MEDIUM,436669.07548375183,rerun_24h,1,1,1,1
p_q_9ad1cf95_3,heldout_400,1,1,q_9ad1cf95,Who was the jockey riding the winning horse in the most recent Queen's Vase?,Which jockey's horse earned the crown in last year'' Queen'S Vase?,Which jockey's horse earned the crown in last year'' Queen'S Vase?,Frankie Dettori,Frankie Dettori,1,1,temporal_align_qa,2023,propagated from verified-faithful paraphrase,propagated from verified-faithful paraphrase,MEDIUM,444225.7040919117,rerun_24h,1,1,1,1
p_q_eead7ef7_1,heldout_400,1,1,q_eead7ef7,Who is the trainer of the Racking Horse that claimed the World Grand Champion title at the last Racking Horse World Celebration?,Who worked as the trainer for the Racking Horse that claimed the World Grand Champion title at the recent Racker World Celebration?,Who worked as the trainer for the Racking Horse that claimed the World Grand Champion title at the recent Racker World Celebration?,Chris Zahnd,Chris Zahnd,1,1,temporal_align_qa,2023,propagated from verified-faithful paraphrase,propagated from verified-faithful paraphrase,MEDIUM,437994.07329436974,rerun_24h,1,1,1,1
p_q_c354442b_3,heldout_400,1,1,q_c354442b,Who currently holds the position of Minister of Foreign Affairs in Madagascar?,Which individual presides as the Foreign Affairs Minister of Madagascar?,Which individual presides as the Foreign Affairs Minister of Madagascar?,Léon Rakotonirina  Acting Minister,Léon Rakotonirina  Acting Minister,1,2,temporal_align_qa,2023,propagated from verified-faithful paraphrase,propagated from verified-faithful paraphrase,MEDIUM,312229.02224117314,rerun_24h,1,1,1,1
p_q_8aa09cab_1,heldout_400,1,1,q_8aa09cab,Which team's player is the current top scorer of 2. Bundesliga?,Who is presently the scorer in 2. Bundesliga?,Who is presently the scorer in 2. Bundesliga?,1. FC Heidenheim,1. FC Heidenheim,1,1,temporal_align_qa,2023,propagated from verified-faithful paraphrase,propagated from verified-faithful paraphrase,MEDIUM,530391.2335582941,rerun_24h,2,2,2,1
p_q_995c0608_1,heldout_400,1,1,q_995c0608,Who is the main starting quarterback for the Florida Gators?,Who is the primary quarterback for the Florida Gators?,Who is the primary quarterback for the Florida Gators?,Graham Mertz,Graham Mertz,1,1,temporal_align_qa,2023,propagated from verified-faithful paraphrase,propagated from verified-faithful paraphrase,MEDIUM,574043.1904391221,rerun_24h,2,2,2,1
p_q_3e574628_1,heldout_400,1,1,q_3e574628,How many bonus points have the Highlanders achieved in their last reported rugby union season standings?,What is the rank of the Highlanders (to date) bonus points for rugby union season?,What is the rank of the Highlanders (to date) bonus points for rugby union season?,2,2,1,1,temporal_align_qa,2023,propagated from verified-faithful paraphrase,propagated from verified-faithful paraphrase,MEDIUM,362421.7684701234,rerun_24h,1,1,1,1
p_q_5eaf6b2e_0,heldout_400,1,1,q_5eaf6b2e,Which team took the victory in the Fresh From Florida 250?,Which team clinched the Fresh From Florida 250 title?,Which team clinched the Fresh From Florida 250 title?,Front Row Motorsports,Front Row Motorsports,1,1,temporal_align_qa,2023,propagated from verified-faithful paraphrase,propagated from verified-faithful paraphrase,MEDIUM,364370.2022052828,rerun_24h,4,4,3,0
p_q_cfdd4441_2,heldout_400,1,1,q_cfdd4441,Which school has the most recent Pop-Tarts Bowl MVP hailed from?,Which school was most recently honored with the Pop-Tarts Bowl MVP award?,Which school was most recently honored with the Pop-Tarts Bowl MVP award?,Kansas State,Kansas State,1,1,temporal_align_qa,2023,propagated from verified-faithful paraphrase,propagated from verified-faithful paraphrase,MEDIUM,237004.68429070798,rerun_24h,1,1,1,1
p_q_82aed09c_0,heldout_400,1,1,q_82aed09c,Who is the most recent winner of the Seiun Award for Best Artist?,Who recently took the Seiun award for Best Artist?,Who recently took the Seiun award for Best Artist?,Naoyuki Kato,Naoyuki Kato,1,2,temporal_align_qa,2023,propagated from verified-faithful paraphrase,propagated from verified-faithful paraphrase,MEDIUM,258821.3593617014,rerun_24h,1,1,1,1
p_q_f0b7eef3_2,heldout_400,1,1,q_f0b7eef3,Who is the most recent recipient of the Nancy Lieberman Award?,Who received the Nancy Lieberman Award lately?,Who received the Nancy Lieberman Award lately?,Caitlin Clark,Caitlin Clark,1,1,temporal_align_qa,2023,propagated from verified-faithful paraphrase,propagated from verified-faithful paraphrase,MEDIUM,358131.07864840765,rerun_24h,1,1,1,1
p_q_c988b01c_2,heldout_400,1,1,q_c988b01c,Which country hosted the latest World Junior Speed Skating Championships?,What is the name of which country participated in the most recent World Junior Speed Skating Championships?,What is the name of which country participated in the most recent World Junior Speed Skating Championships?,Germany,Germany,1,1,temporal_align_qa,2023,propagated from verified-faithful paraphrase,propagated from verified-faithful paraphrase,MEDIUM,318603.12766635366,rerun_24h,2,2,2,1
p_q_fc92fe13_3,heldout_400,1,1,q_fc92fe13,Which football team was the runner-up in the 2. Liga in Slovakia?,Which soccer team took the second spot in Slovakia's 2. Liga?,Which soccer team took the second spot in Slovakia's 2. Liga?,Tatran Prešov,Tatran Prešov,1,1,temporal_align_qa,2023,propagated from verified-faithful paraphrase,propagated from verified-faithful paraphrase,MEDIUM,245048.37616131426,rerun_24h,1,1,1,1
p_q_44acf3c6_0,heldout_400,1,1,q_44acf3c6,Which jockey rode the winning horse in the latest Del Mar Debutante Stakes?,Can you tell me who was the jockey behind the winning horse in the latest Del Mar Debutante Stakes?,Can you tell me who was the jockey behind the winning horse in the latest Del Mar Debutante Stakes?,Mike E. Smith,Mike E. Smith,1,1,temporal_align_qa,2023,propagated from verified-faithful paraphrase,propagated from verified-faithful paraphrase,MEDIUM,571062.5183149485,rerun_24h,1,1,1,1
p_q_787a3f9a_1,heldout_400,1,1,q_787a3f9a,Which skater received the bronze medal in the Novice B Ladies category at the Japan Junior Figure Skating Championships?,What is the name of the female skater who earned the bronze medal in the Novice B category at the Japan Junior Figure Skating Championships?,What is the name of the female skater who earned the bronze medal in the Novice B category at the Japan Junior Figure Skating Championships?,Aoha Hoshi,Aoha Hoshi,1,1,temporal_align_qa,2023,propagated from verified-faithful paraphrase,propagated from verified-faithful paraphrase,MEDIUM,578242.0196950221,rerun_24h,1,1,1,1
q_ae23812e,heldout_400,1,0,q_ae23812e,What was the to par score achieved by the winner of the last The American Express golf tournament?,,What was the to par score achieved by the winner of the last The American Express golf tournament?,−27,−27,1,1,temporal_align_qa,2023,latest annotated year in the answer dictionary,latest annotated year in the answer dictionary,MEDIUM,280788.0963325486,rerun_24h,2,2,2,1
q_3df25b36,heldout_400,1,0,q_3df25b36,Which publisher released the book that most recently won the Miles Franklin Award?,,Which publisher released the book that most recently won the Miles Franklin Award?,Ultimo Press,Ultimo Press,1,1,temporal_align_qa,2023,latest annotated year in the answer dictionary,latest annotated year in the answer dictionary,MEDIUM,171549.98784399126,rerun_24h,1,1,1,1
q_96543752,heldout_400,1,0,q_96543752,Who is the current top league goalscorer for HNK Hajduk Split?,,Who is the current top league goalscorer for HNK Hajduk Split?,Marko Livaja,Marko Livaja,1,1,temporal_align_qa,2023,latest annotated year in the answer dictionary,latest annotated year in the answer dictionary,MEDIUM,63445.26293398648,rerun_12h,1,1,1,1
q_a815ecba,heldout_400,1,0,q_a815ecba,Where was the most recent West Virginia Open held?,,Where was the most recent West Virginia Open held?,"Berry Hills Country Club, Charleston","Berry Hills Country Club, Charleston",1,1,temporal_align_qa,2023,latest annotated year in the answer dictionary,latest annotated year in the answer dictionary,MEDIUM,126566.31047344625,rerun_24h,2,2,2,1
q_01679395,heldout_400,1,0,q_01679395,Which cyclist came third in the most recent La Flèche Wallonne Féminine?,,Which cyclist came third in the most recent La Flèche Wallonne Féminine?,Gaia Realini,Gaia Realini,1,1,temporal_align_qa,2023,latest annotated year in the answer dictionary,latest annotated year in the answer dictionary,MEDIUM,166574.06827643028,rerun_24h,2,2,2,1
q_18350211,heldout_400,1,0,q_18350211,Which Major League Soccer team had the lowest average attendance?,,Which Major League Soccer team had the lowest average attendance?,Houston Dynamo FC,Houston Dynamo FC,1,1,temporal_align_qa,2023,latest annotated year in the answer dictionary,latest annotated year in the answer dictionary,MEDIUM,248073.92807449886,rerun_24h,1,1,1,1
q_a2ed487a,heldout_400,1,0,q_a2ed487a,Which ice dancing pair won the gold medal at the most recent Australian Figure Skating Championships?,,Which ice dancing pair won the gold medal at the most recent Australian Figure Skating Championships?,Romy Malcolm / Kobi Chant,Romy Malcolm / Kobi Chant,1,1,temporal_align_qa,2023,latest annotated year in the answer dictionary,latest annotated year in the answer dictionary,MEDIUM,131539.00912208224,rerun_24h,1,1,1,1
q_738b3f1b,heldout_400,1,0,q_738b3f1b,Who won the Hungarian Grand Prix most recently?,,Who won the Hungarian Grand Prix most recently?,Max Verstappen,Max Verstappen,1,1,temporal_align_qa,2023,latest annotated year in the answer dictionary,latest annotated year in the answer dictionary,MEDIUM,82560.89990640759,rerun_12h,1,1,1,1
q_c241368e,heldout_400,1,0,q_c241368e,Who is the most recent winner of the New York City Marathon in the Women's open division?,,Who is the most recent winner of the New York City Marathon in the Women's open division?,Hellen Obiri,Hellen Obiri,1,1,temporal_align_qa,2023,latest annotated year in the answer dictionary,latest annotated year in the answer dictionary,MEDIUM,12556.715619665669,rerun_1h,1,1,1,1
q_e4b76a30,heldout_400,1,0,q_e4b76a30,Who is recognized as the year-by-year playoff free throw scoring leader in the National Basketball Association?,,Who is recognized as the year-by-year playoff free throw scoring leader in the National Basketball Association?,Jimmy Butler^000MIA,Jimmy Butler^000MIA,1,1,temporal_align_qa,2023,latest annotated year in the answer dictionary,latest annotated year in the answer dictionary,MEDIUM,258966.99372744706,rerun_24h,1,1,1,1
q_29e53c6d,heldout_400,1,0,q_29e53c6d,Who rode the winning horse in the latest edition of the Black-Eyed Susan Stakes?,,Who rode the winning horse in the latest edition of the Black-Eyed Susan Stakes?,Rafael Bejarano,Rafael Bejarano,1,1,temporal_align_qa,2023,latest annotated year in the answer dictionary,latest annotated year in the answer dictionary,MEDIUM,125336.75555995261,rerun_24h,1,1,1,1
q_b2e307b2,heldout_400,1,0,q_b2e307b2,Who won the most recent La Flèche Wallonne?,,Who won the most recent La Flèche Wallonne?,Tadej Pogačar,Tadej Pogačar,1,1,temporal_align_qa,2023,latest annotated year in the answer dictionary,latest annotated year in the answer dictionary,MEDIUM,67382.92559087608,rerun_12h,1,1,1,1
q_dafccfb8,heldout_400,1,0,q_dafccfb8,Who is serving as the current president of the New Democratic Party?,,Who is serving as the current president of the New Democratic Party?,Mary Shortall,Mary Shortall,1,2,temporal_align_qa,2023,latest annotated year in the answer dictionary,latest annotated year in the answer dictionary,MEDIUM,273902.78787634504,rerun_24h,1,1,1,1
q_3e574628,heldout_400,1,0,q_3e574628,How many bonus points have the Highlanders achieved in their last reported rugby union season standings?,,How many bonus points have the Highlanders achieved in their last reported rugby union season standings?,2,2,1,1,temporal_align_qa,2023,latest annotated year in the answer dictionary,latest annotated year in the answer dictionary,MEDIUM,179334.06302767945,rerun_24h,1,1,1,1
p_q_36d47c00_2,heldout_400,1,1,q_36d47c00,Which was the first country to detect a case of mpox in the most recent outbreak?,Name the country where with outbreak most recent membosis occurs first?,Name the country where with outbreak most recent membosis occurs first?,United Kingdom,United Kingdom,1,2,freshqa,2022,propagated from verified-faithful paraphrase,propagated from verified-faithful paraphrase,SLOW,309431.26006410934,rerun_24h,3,3,3,1
p_q_379e630f_0,heldout_400,1,1,q_379e630f,Which team is the current champion of the Georgian Superliga?,Who has retained their European football success throughout the Superliga season?,Who has retained their European football success throughout the Superliga season?,BC TSU Tbilisi,BC TSU Tbilisi,1,1,temporal_align_qa,2023,propagated from verified-faithful paraphrase,propagated from verified-faithful paraphrase,SLOW,554881.8063388249,rerun_24h,1,1,1,1
p_q_f861b3a0_2,heldout_400,1,1,q_f861b3a0,Who is the current representative for Oklahoma's 2nd congressional district?,Which congressional district in Oklahoma is currently the 14th highest electoral division?,Which congressional district in Oklahoma is currently the 14th highest electoral division?,100px Josh Brecheen,100px Josh Brecheen,1,2,temporal_align_qa,2023,propagated from verified-faithful paraphrase,propagated from verified-faithful paraphrase,SLOW,426879.4056446743,rerun_24h,2,2,2,1
p_q_ad4bef3e_1,heldout_400,1,1,q_ad4bef3e,What is the type of the Mars probe that has the most recent update on its status?,What is the version of this surface-to-1 spacecraft that holds the current status report?,What is the version of this surface-to-1 spacecraft that holds the current status report?,flyby,flyby,1,1,temporal_align_qa,2023,propagated from verified-faithful paraphrase,propagated from verified-faithful paraphrase,SLOW,352476.0333653617,rerun_24h,1,1,1,1
p_q_fae0b0bb_2,heldout_400,1,1,q_fae0b0bb,Which team finished second in the National League East?,"Who secured the runner-up spot in Game 1, which team played second division game(s) of NLE?","Who secured the runner-up spot in Game 1, which team played second division game(s) of NLE?",Philadelphia,Philadelphia,1,1,temporal_align_qa,2023,propagated from verified-faithful paraphrase,propagated from verified-faithful paraphrase,SLOW,578114.9608797928,rerun_24h,1,1,1,1
p_q_5b859382_3,heldout_400,1,1,q_5b859382,Who are the analysts providing commentary for the Preakness Stakes?,Which track kickers are racing for the Preakness Stakes?,Which track kickers are racing for the Preakness Stakes?,"Randy Moss, Jerry Bailey and Matt Bernier","Randy Moss, Jerry Bailey and Matt Bernier",1,1,temporal_align_qa,2023,propagated from verified-faithful paraphrase,propagated from verified-faithful paraphrase,SLOW,256072.84031465373,rerun_24h,2,2,2,1
p_q_c51c0b2b_0,heldout_400,1,1,q_c51c0b2b,Who is the United States Representative for Arkansas's 4th congressional district?,What is the 7th congressional district in Arkansas according to US House of Representatives?,What is the 7th congressional district in Arkansas according to US House of Representatives?,Bruce Westerman,Bruce Westerman,1,1,temporal_align_qa,2023,propagated from verified-faithful paraphrase,propagated from verified-faithful paraphrase,SLOW,164341.94317487083,rerun_24h,2,2,1,0
p_q_13b3027b_2,heldout_400,1,1,q_13b3027b,What is the most recent achievement of the Club La Matica basketball team?,What was the last game from Club La Matica (Hospital Vereinigung).?,What was the last game from Club La Matica (Hospital Vereinigung).?,Potros de La Matica,Potros de La Matica,1,2,temporal_align_qa,2023,propagated from verified-faithful paraphrase,propagated from verified-faithful paraphrase,SLOW,333716.49088834185,rerun_24h,2,2,2,1
p_q_2b61b711_1,heldout_400,1,1,q_2b61b711,Which team was the runner-up in the last Lietuvos krepšinio lyga season?,Final 2 lietuvos krepinio lyga season?,Final 2 lietuvos krepinio lyga season?,Rytas,Rytas,1,1,temporal_align_qa,2023,propagated from verified-faithful paraphrase,propagated from verified-faithful paraphrase,SLOW,312262.25018449593,rerun_24h,1,1,1,1
p_q_526494bb_0,heldout_400,1,1,q_526494bb,Which basketball team won the most recent BSN championship?,Newly mown basketball series (bsn): Who is this year's champion?,Newly mown basketball series (bsn): Who is this year's champion?,Gigantes de Carolina,Gigantes de Carolina,1,1,temporal_align_qa,2023,propagated from verified-faithful paraphrase,propagated from verified-faithful paraphrase,SLOW,502850.8026522255,rerun_24h,1,1,1,1
p_q_a64535bb_3,heldout_400,1,1,q_a64535bb,What is the current name of the men's handball team from Komló?,"Can you provide me with the name of the current ""Hindi handball team"" represented in Koblero?","Can you provide me with the name of the current ""Hindi handball team"" represented in Koblero?",Sport36-Komló,Sport36-Komló,1,2,temporal_align_qa,2023,propagated from verified-faithful paraphrase,propagated from verified-faithful paraphrase,SLOW,268948.70741732756,rerun_24h,1,1,1,1
p_q_a18ad11b_1,heldout_400,1,1,q_a18ad11b,Who is the current Republican leader in the United States House of Representatives?,To whom is the Republican ideal candidate currently sitting in Congress?,To whom is the Republican ideal candidate currently sitting in Congress?,Kevin McCarthy,Kevin McCarthy,1,2,temporal_align_qa,2023,propagated from verified-faithful paraphrase,propagated from verified-faithful paraphrase,SLOW,249936.83310609928,rerun_24h,1,1,1,1
p_q_0abe1d0e_2,heldout_400,1,1,q_0abe1d0e,What was the number of conference wins achieved by the Clemson Tigers men's soccer team in their latest season?,Can you tell me the number of SEC men's football games they played and their number standing in ACC?,Can you tell me the number of SEC men's football games they played and their number standing in ACC?,4,4,1,1,temporal_align_qa,2023,propagated from verified-faithful paraphrase,propagated from verified-faithful paraphrase,SLOW,152056.06276870242,rerun_24h,1,1,1,1
p_q_2e845b85_1,heldout_400,1,1,q_2e845b85,From which league was the latest number-one draft pick of the Australian Football League recruited?,What was the last lottery draft number in selection for Australian Football League?,What was the last lottery draft number in selection for Australian Football League?,NAB League,NAB League,1,1,temporal_align_qa,2023,propagated from verified-faithful paraphrase,propagated from verified-faithful paraphrase,SLOW,270303.459173832,rerun_24h,1,1,1,1
p_q_56aea0d0_1,heldout_400,1,1,q_56aea0d0,Which team won the Algerian Women's Championship most recently?,Who won't be next at the Algerian Women Women Championship?,Who won't be next at the Algerian Women Women Championship?,Afak Relizane,Afak Relizane,1,1,temporal_align_qa,2023,propagated from verified-faithful paraphrase,propagated from verified-faithful paraphrase,SLOW,304322.44233159337,rerun_24h,1,1,1,1
p_q_ac7fde07_1,heldout_400,1,1,q_ac7fde07,Who is the current IBF world welterweight champion?,Which boxer is up for the IBF world welter title in 2009?,Which boxer is up for the IBF world welter title in 2009?,Errol Spence Jr.,Errol Spence Jr.,1,3,temporal_align_qa,2023,propagated from verified-faithful paraphrase,propagated from verified-faithful paraphrase,SLOW,537113.9368321665,rerun_24h,1,1,1,1
p_q_f5380c95_0,heldout_400,1,1,q_f5380c95,What launch vehicle will be used for the upcoming Intelsat satellite launches?,Which booster will safely launch the next range of Intelsat satellite?,Which booster will safely launch the next range of Intelsat satellite?,Falcon 9 Block 5,Falcon 9 Block 5,1,1,temporal_align_qa,2023,propagated from verified-faithful paraphrase,propagated from verified-faithful paraphrase,SLOW,165396.6255102958,rerun_24h,2,2,2,1
p_q_083bf58e_1,heldout_400,1,1,q_083bf58e,Who is the current kit supplier for the Peru national football team?,What is the current origin of Peru's soccer uniforms?,What is the current origin of Peru's soccer uniforms?,Germany Adidas,Germany Adidas,1,1,temporal_align_qa,2023,propagated from verified-faithful paraphrase,propagated from verified-faithful paraphrase,SLOW,232928.67365681654,rerun_24h,1,1,1,1
p_q_cf26826b_2,heldout_400,1,1,q_cf26826b,Which team won the most recent NCAA Women's Division I Swimming and Diving Championship?,"Last year, the final team crowned women's champions in Division I of NCAA. Which squad emerged victorious on Wednesday?","Last year, the final team crowned women's champions in Division I of NCAA. Which squad emerged victorious on Wednesday?",Virginia,Virginia,1,1,temporal_align_qa,2023,propagated from verified-faithful paraphrase,propagated from verified-faithful paraphrase,SLOW,151920.166123986,rerun_24h,1,1,1,1
p_q_2b61b711_3,heldout_400,1,1,q_2b61b711,Which team was the runner-up in the last Lietuvos krepšinio lyga season?,Who won the second place position in last season's Lietuvos calendar 2014 League?,Who won the second place position in last season's Lietuvos calendar 2014 League?,Rytas,Rytas,1,1,temporal_align_qa,2023,propagated from verified-faithful paraphrase,propagated from verified-faithful paraphrase,SLOW,463074.7309384783,rerun_24h,1,1,1,1
p_q_e5616ef7_3,heldout_400,1,1,q_e5616ef7,Which club is currently associated with one of the AFL players from South Australia?,Can you name a South Australian AFL team?,Can you name a South Australian AFL team?,West Coast,West Coast,1,1,temporal_align_qa,2023,propagated from verified-faithful paraphrase,propagated from verified-faithful paraphrase,SLOW,335147.36573742446,rerun_24h,1,1,1,1
p_q_9edf5bd2_0,heldout_400,1,1,q_9edf5bd2,Who is the Treasurer of the Commonwealth of Pennsylvania?,Can you tell me about the Commonwealth of Pennsylvania and its representative?,Can you tell me about the Commonwealth of Pennsylvania and its representative?,Stacy Garrity,Stacy Garrity,1,1,temporal_align_qa,2023,propagated from verified-faithful paraphrase,propagated from verified-faithful paraphrase,SLOW,560728.3205008982,rerun_24h,1,1,1,1
p_q_3055ab76_1,heldout_400,1,1,q_3055ab76,Which team won the Syrian Cup in the latest final?,"By whom has the Syrian Cup been raised in February 2012, as of their recent win?","By whom has the Syrian Cup been raised in February 2012, as of their recent win?",Tishreen,Tishreen,1,1,temporal_align_qa,2023,propagated from verified-faithful paraphrase,propagated from verified-faithful paraphrase,SLOW,206892.82615863087,rerun_24h,1,1,1,1
p_q_511a84fd_1,heldout_400,1,1,q_511a84fd,Which division is Jeanfield Swifts F.C. currently competing in?,In which clubhouse does Jeanfield Swifts F.C. occur?,In which clubhouse does Jeanfield Swifts F.C. occur?,East of Scotland Premier Division,East of Scotland Premier Division,1,1,temporal_align_qa,2023,propagated from verified-faithful paraphrase,propagated from verified-faithful paraphrase,SLOW,348822.77858446044,rerun_24h,1,1,1,1
p_q_2be2d65b_2,heldout_400,1,1,q_2be2d65b,At which athletics meet was the newest Puerto Rican record in heptathlon set?,"The Puerto Rican arch-rival in heptathlon, which athletics meet did the team participate in?","The Puerto Rican arch-rival in heptathlon, which athletics meet did the team participate in?",New Mexico Collegiate Classic,New Mexico Collegiate Classic,1,3,temporal_align_qa,2023,propagated from verified-faithful paraphrase,propagated from verified-faithful paraphrase,SLOW,540621.3517710619,rerun_24h,1,1,1,1
p_q_3055ab76_0,heldout_400,1,1,q_3055ab76,Which team won the Syrian Cup in the latest final?,Which region crowned the winner of the 2016 Syrian Cup?,Which region crowned the winner of the 2016 Syrian Cup?,Tishreen,Tishreen,1,1,temporal_align_qa,2023,propagated from verified-faithful paraphrase,propagated from verified-faithful paraphrase,SLOW,128234.89885070414,rerun_24h,1,1,1,1
p_q_d62648af_1,heldout_400,1,1,q_d62648af,What is the source or reference for the circumstances surrounding the most recent death of a journalist in Bangladesh?,Who has been with the leading department or entity responsible for defining the last journalist's death in Bangladesh?,Who has been with the leading department or entity responsible for defining the last journalist's death in Bangladesh?,IFJ,IFJ,1,2,temporal_align_qa,2023,propagated from verified-faithful paraphrase,propagated from verified-faithful paraphrase,SLOW,161543.74677631012,rerun_24h,1,1,1,1
p_q_50156db6_0,heldout_400,1,1,q_50156db6,How many votes were against the initial Budget Implementation Act for the latest Canadian federal budget?,How many votes are all against the initial Budget Implementation Act's 1997 version?,How many votes are all against the initial Budget Implementation Act's 1997 version?,115,115,1,1,temporal_align_qa,2023,propagated from verified-faithful paraphrase,propagated from verified-faithful paraphrase,SLOW,352384.23987886496,rerun_24h,1,1,1,1
p_q_91a992f1_1,heldout_400,1,1,q_91a992f1,"Who is currently serving an 86-year sentence at Federal Medical Center, Carswell?","Whose identity is considered to be protected by a bond of 86 years in Federal Medical Center, Carswell?","Whose identity is considered to be protected by a bond of 86 years in Federal Medical Center, Carswell?",Angela Baldwin,Angela Baldwin,1,4,temporal_align_qa,2023,propagated from verified-faithful paraphrase,propagated from verified-faithful paraphrase,SLOW,594562.8640787876,rerun_24h,2,2,2,1
p_q_53e77e63_0,heldout_400,1,1,q_53e77e63,How many games are there in the Ace Attorney main series?,How many contestants occupy the Ace Attorney main series?,How many contestants occupy the Ace Attorney main series?,6,6,1,2,freshqa,before 2022,propagated from verified-faithful paraphrase,propagated from verified-faithful paraphrase,SLOW,259844.04289561821,rerun_24h,4,3,3,1
p_q_ba4e488d_2,heldout_400,1,1,q_ba4e488d,How did the current representative for Indiana's 9th congressional district come into office?,Can you explain the procedure followed to choose an Indiana Representative for the 9th congressional district?,Can you explain the procedure followed to choose an Indiana Representative for the 9th congressional district?,Elected in 2016. Re-elected in 2018. Re-elected in 2020. Retired.,Elected in 2016. Re-elected in 2018. Re-elected in 2020. Retired.,1,2,temporal_align_qa,2023,propagated from verified-faithful paraphrase,propagated from verified-faithful paraphrase,SLOW,283380.13046945125,rerun_24h,2,2,1,0
p_q_c685de49_3,heldout_400,1,1,q_c685de49,Which company is currently sponsoring AC Milan's shirts?,Who is currently stocking up on AC Milan's jersey sales?,Who is currently stocking up on AC Milan's jersey sales?,The Emirates Group,The Emirates Group,1,1,temporal_align_qa,2023,propagated from verified-faithful paraphrase,propagated from verified-faithful paraphrase,SLOW,319619.10273593233,rerun_24h,2,2,2,1
p_q_aca03251_3,heldout_400,1,1,q_aca03251,Which team won the Mid-Ohio Athletic Conference Football Championship in the Blue Division?,Which team clinched the Mid-Ohio Athletic Conference Football Championship in Division 13?,Which team clinched the Mid-Ohio Athletic Conference Football Championship in Division 13?,"Ontario, Shelby","Ontario, Shelby",1,1,temporal_align_qa,2023,propagated from verified-faithful paraphrase,propagated from verified-faithful paraphrase,SLOW,570637.839833693,rerun_24h,1,1,1,1
p_q_f070a7a3_3,heldout_400,1,1,q_f070a7a3,Who is the first studio analyst on the NFL Today show?,Who is the title sponsor of the studio analyst spotlight on NFL Today show?,Who is the title sponsor of the studio analyst spotlight on NFL Today show?,Phil Simms,Phil Simms,1,1,temporal_align_qa,2023,propagated from verified-faithful paraphrase,propagated from verified-faithful paraphrase,SLOW,263962.6041320399,rerun_24h,2,2,2,1
p_q_bd3daa9d_0,heldout_400,1,1,q_bd3daa9d,Which organization's Mars probe is currently en route to its destination?,What firm is currently sending a research crew to Mars?,What firm is currently sending a research crew to Mars?,NASA,NASA,1,1,temporal_align_qa,2023,propagated from verified-faithful paraphrase,propagated from verified-faithful paraphrase,SLOW,585893.0957925278,rerun_24h,2,2,2,1
p_q_5b859382_2,heldout_400,1,1,q_5b859382,Who are the analysts providing commentary for the Preakness Stakes?,What are the names of the TV announcers covering the Preakness Stakes?,What are the names of the TV announcers covering the Preakness Stakes?,"Randy Moss, Jerry Bailey and Matt Bernier","Randy Moss, Jerry Bailey and Matt Bernier",1,1,temporal_align_qa,2023,propagated from verified-faithful paraphrase,propagated from verified-faithful paraphrase,SLOW,442664.7175486973,rerun_24h,2,2,2,1
p_q_5abb871e_2,heldout_400,1,1,q_5abb871e,Which team does the latest Performance Index Rating leader of the Greek Basket League play for?,"According to the current Greek Basket League Performance Index Rating, which team will be competing for the best group?","According to the current Greek Basket League Performance Index Rating, which team will be competing for the best group?",Olympiacos,Olympiacos,1,1,temporal_align_qa,2023,propagated from verified-faithful paraphrase,propagated from verified-faithful paraphrase,SLOW,487218.3447589752,rerun_24h,1,1,1,1
p_q_1ff720ce_2,heldout_400,1,1,q_1ff720ce,From which state is the senator who currently has the Candy Desk in the United States Senate?,"With whom does the candy desk of the united states senators (e.g.), which one's state?","With whom does the candy desk of the united states senators (e.g.), which one's state?",Pennsylvania,Pennsylvania,1,2,temporal_align_qa,2023,propagated from verified-faithful paraphrase,propagated from verified-faithful paraphrase,SLOW,483530.44230135076,rerun_24h,1,1,1,1
p_q_261a287e_0,heldout_400,1,1,q_261a287e,Which team won the National League East division?,Which team secured the highest point in the National League East?,Which team secured the highest point in the National League East?,Atlanta Braves,Atlanta Braves,1,1,temporal_align_qa,2023,propagated from verified-faithful paraphrase,propagated from verified-faithful paraphrase,SLOW,337020.5014291821,rerun_24h,1,1,1,1
p_q_5ee0c56a_2,heldout_400,1,1,q_5ee0c56a,What is the most recent massacre that took place in Ethiopia?,What was the latest natural disaster in Ethiopia?,What was the latest natural disaster in Ethiopia?,Finote Selam drone strike,Finote Selam drone strike,1,1,temporal_align_qa,2023,propagated from verified-faithful paraphrase,propagated from verified-faithful paraphrase,SLOW,312820.4870122039,rerun_24h,2,2,2,1
p_q_e619abe5_1,heldout_400,1,1,q_e619abe5,Which famous soccer player of Brazil passed away recently?,"Presently, who is the renowned soccer athlete from Brazil?","Presently, who is the renowned soccer athlete from Brazil?",Pelé,Pelé,1,3,freshqa,2022,propagated from verified-faithful paraphrase,propagated from verified-faithful paraphrase,SLOW,406947.5936025187,rerun_24h,4,4,4,1
p_q_4e2929ec_0,heldout_400,1,1,q_4e2929ec,How many humans have landed on Mars?,How many people have stumbled upon Mars?,How many people have stumbled upon Mars?,No humans have been to Mars yet.,No humans have been to Mars yet.,1,4,freshqa,before 2022,propagated from verified-faithful paraphrase,propagated from verified-faithful paraphrase,SLOW,106564.71048740872,rerun_24h,2,1,1,1
p_q_7dd95f30_3,heldout_400,1,1,q_7dd95f30,Who hosted BBC Scotland's most recent Hogmanay celebration broadcast?,What team did they send in for the recent Hogmanay celebration airing from BBC Scotland?,What team did they send in for the recent Hogmanay celebration airing from BBC Scotland?,Edith Bowman Amy Irons,Edith Bowman Amy Irons,1,1,temporal_align_qa,2023,propagated from verified-faithful paraphrase,propagated from verified-faithful paraphrase,SLOW,525971.5796333569,rerun_24h,1,1,1,1
p_q_0862570f_2,heldout_400,1,1,q_0862570f,Who holds the position of representative for Utah's 4th congressional district?,What district includes Utah's 4th congressional area?,What district includes Utah's 4th congressional area?,Burgess Owens,Burgess Owens,1,1,temporal_align_qa,2023,propagated from verified-faithful paraphrase,propagated from verified-faithful paraphrase,SLOW,398365.16286200436,rerun_24h,2,2,1,0
p_q_5e06e717_3,heldout_400,1,1,q_5e06e717,Who is the most recent champion of the Boston Marathon Men's wheelchair division?,Who is the previous sensational participant of Boston Marathon Men WM wheelchair race?,Who is the previous sensational participant of Boston Marathon Men WM wheelchair race?,Marcel Hug,Marcel Hug,1,1,temporal_align_qa,2023,propagated from verified-faithful paraphrase,propagated from verified-faithful paraphrase,SLOW,100382.63859280426,rerun_24h,2,2,2,1
p_q_36e2eae5_1,heldout_400,1,1,q_36e2eae5,Who is currently serving as the U.S. Representative for Maine's 2nd congressional district?,Please inform me about the representative of Maine's 2nd congressional district.,Please inform me about the representative of Maine's 2nd congressional district.,Jared Golden,Jared Golden,1,1,temporal_align_qa,2023,propagated from verified-faithful paraphrase,propagated from verified-faithful paraphrase,SLOW,298148.10630647145,rerun_24h,1,1,1,1
p_q_eb7ff4b6_1,heldout_400,1,1,q_eb7ff4b6,Which team was the runner-up in the latest NCAA Men's Water Polo Championship?,Which national team won the penultimate NCAA Men's Water Polo Championship?,Which national team won the penultimate NCAA Men's Water Polo Championship?,UCLA,UCLA,1,1,temporal_align_qa,2023,propagated from verified-faithful paraphrase,propagated from verified-faithful paraphrase,SLOW,491541.77550883323,rerun_24h,1,1,1,1
p_q_fc04cade_2,heldout_400,1,1,q_fc04cade,Which team does the most recent Lady Byng Memorial Trophy winner belong to?,Could you tell me the title of Lady Byng Memorial Trophy winner?,Could you tell me the title of Lady Byng Memorial Trophy winner?,Los Angeles Kings,Los Angeles Kings,1,1,temporal_align_qa,2023,propagated from verified-faithful paraphrase,propagated from verified-faithful paraphrase,SLOW,284823.55183521454,rerun_24h,2,2,2,1
p_q_379e630f_3,heldout_400,1,1,q_379e630f,Which team is the current champion of the Georgian Superliga?,Who has clinched the title of Superliga (Georgia)?,Who has clinched the title of Superliga (Georgia)?,BC TSU Tbilisi,BC TSU Tbilisi,1,1,temporal_align_qa,2023,propagated from verified-faithful paraphrase,propagated from verified-faithful paraphrase,SLOW,436930.439952765,rerun_24h,1,1,1,1
p_q_8dc147d0_0,heldout_400,1,1,q_8dc147d0,In what country was the most recent winner of the Nobel Prize for Literature born?,Which nation recently awarded the Nobel Prize for Literature?,Which nation recently awarded the Nobel Prize for Literature?,Norway,Norway,1,1,freshqa,2023,propagated from verified-faithful paraphrase,propagated from verified-faithful paraphrase,SLOW,187686.68643071403,rerun_24h,2,2,2,1
p_q_ecea34ae_3,heldout_400,1,1,q_ecea34ae,Which team was the runner-up in the latest North Kerry Senior Football Championship final?,Which team was dropped off the positions as finalists for the North Kerry Senior Football Championship this year?,Which team was dropped off the positions as finalists for the North Kerry Senior Football Championship this year?,St. Senan's,St. Senan's,1,1,temporal_align_qa,2023,propagated from verified-faithful paraphrase,propagated from verified-faithful paraphrase,SLOW,518459.28260238434,rerun_24h,1,1,1,1
p_q_8d51049f_1,heldout_400,1,1,q_8d51049f,In which division is Westfields F.C. currently playing?,In which North American Premiership is Westfields F.C. currently occupying?,In which North American Premiership is Westfields F.C. currently occupying?,Hellenic League Premier Division,Hellenic League Premier Division,1,1,temporal_align_qa,2023,propagated from verified-faithful paraphrase,propagated from verified-faithful paraphrase,SLOW,350469.8606851411,rerun_24h,1,1,1,1
p_q_eed8ece1_3,heldout_400,1,1,q_eed8ece1,Where was the most recent UK Championship final played?,Which team emerged victorious in the latest version of UK Championship final?,Which team emerged victorious in the latest version of UK Championship final?,"Barbican Centre, York","Barbican Centre, York",1,1,temporal_align_qa,2023,propagated from verified-faithful paraphrase,propagated from verified-faithful paraphrase,SLOW,208778.59784407145,rerun_24h,2,2,2,1
p_q_03f72c57_0,heldout_400,1,1,q_03f72c57,Where was the last FA Trophy final held?,When was the ultimate FA Trophy competition held?,When was the ultimate FA Trophy competition held?,Wembley Stadium,Wembley Stadium,1,1,temporal_align_qa,2023,propagated from verified-faithful paraphrase,propagated from verified-faithful paraphrase,SLOW,136242.23430275545,rerun_24h,1,1,1,1
p_q_424c03e3_2,heldout_400,1,1,q_424c03e3,Who was Craig Lowndes' co-driver in the last race he participated in the Bathurst 1000?,"In the past Bathurst 1000 race, which driver joined Craig Lowndes for all to pass?","In the past Bathurst 1000 race, which driver joined Craig Lowndes for all to pass?",Zane Goddard,Zane Goddard,1,1,temporal_align_qa,2023,propagated from verified-faithful paraphrase,propagated from verified-faithful paraphrase,SLOW,469866.60117022484,rerun_24h,1,1,1,1
p_q_63a44892_2,heldout_400,1,1,q_63a44892,Which team won the Estonian Supercup?,Who came out on top in the Estonian Supercup?,Who came out on top in the Estonian Supercup?,Paide,Paide,1,1,temporal_align_qa,2023,propagated from verified-faithful paraphrase,propagated from verified-faithful paraphrase,SLOW,501635.42739438487,rerun_24h,1,1,1,1
p_q_e63f6e9e_3,heldout_400,1,1,q_e63f6e9e,Which football club won the KNVB Women's Cup most recently?,What football team have they lifted the KNVB Women's Cup recently?,What football team have they lifted the KNVB Women's Cup recently?,FC Twente,FC Twente,1,1,temporal_align_qa,2023,propagated from verified-faithful paraphrase,propagated from verified-faithful paraphrase,SLOW,558552.9511243333,rerun_24h,1,1,1,1
p_q_ffc74be2_1,heldout_400,1,1,q_ffc74be2,Who is the current Director of the Indian Association for the Cultivation of Science?,Who is responsible for heading the Indian Association for the Cultivation of Science?,Who is responsible for heading the Indian Association for the Cultivation of Science?,Ranjan Sen,Ranjan Sen,1,2,temporal_align_qa,2023,propagated from verified-faithful paraphrase,propagated from verified-faithful paraphrase,SLOW,501394.50498159736,rerun_24h,1,1,1,1
p_q_8bfaeff4_2,heldout_400,1,1,q_8bfaeff4,Which areas are currently included in California's 48th congressional district?,Currently which are the parts in California's 48th congressional district?,Currently which are the parts in California's 48th congressional district?,2023–present: 300px Central and eastern portions of San Diego county,2023–present: 300px Central and eastern portions of San Diego county,1,2,temporal_align_qa,2023,propagated from verified-faithful paraphrase,propagated from verified-faithful paraphrase,SLOW,511662.67123808106,rerun_24h,1,1,1,1
p_q_b6e5a108_0,heldout_400,1,1,q_b6e5a108,Which school won the NSW Union of Ex-Oarswomen Rose Evans trophy?,Specifically which school received and was the recipient of members winning NSW Union Of Ex-Oarswomen Rose Evans trophy?,Specifically which school received and was the recipient of members winning NSW Union Of Ex-Oarswomen Rose Evans trophy?,St Catherine's,St Catherine's,1,1,temporal_align_qa,2023,propagated from verified-faithful paraphrase,propagated from verified-faithful paraphrase,SLOW,372976.23375646584,rerun_24h,2,2,2,1
p_q_2053c0d3_3,heldout_400,1,1,q_2053c0d3,Who is the current Professional Referee of the Year in Belgian professional football?,Who is the current professional football referee and Professional refereed team leader in Belgian Prof?,Who is the current professional football referee and Professional refereed team leader in Belgian Prof?,Jonathan Lardot,Jonathan Lardot,1,1,temporal_align_qa,2023,propagated from verified-faithful paraphrase,propagated from verified-faithful paraphrase,SLOW,117872.8669263116,rerun_24h,1,1,1,1
p_q_25a74024_0,heldout_400,1,1,q_25a74024,Who is one of the current hosts of Vision Australia's Carols by Candlelight?,Who currently presents the new series of Carols for Vision Australia by Candlelight?,Who currently presents the new series of Carols for Vision Australia by Candlelight?,Sarah Abo and David Campbell,Sarah Abo and David Campbell,1,1,temporal_align_qa,2023,propagated from verified-faithful paraphrase,propagated from verified-faithful paraphrase,SLOW,570175.6931547669,rerun_24h,1,1,1,1
p_q_d3e5ec72_3,heldout_400,1,1,q_d3e5ec72,In which city was the most recent Texas State Open played?,What was the last hosting city for the Texas State Open?,What was the last hosting city for the Texas State Open?,Tyler,Tyler,1,1,temporal_align_qa,2023,propagated from verified-faithful paraphrase,propagated from verified-faithful paraphrase,SLOW,397881.68878988584,rerun_24h,2,2,2,1
p_q_02819f41_3,heldout_400,1,1,q_02819f41,"What is the name of the principal currently in office at St Clare's College, Waverley?",Who is the current head of schools at St Clare's College in Waverley and how long has this tenure gone to?,Who is the current head of schools at St Clare's College in Waverley and how long has this tenure gone to?,Ann Freeman,Ann Freeman,1,1,temporal_align_qa,2023,propagated from verified-faithful paraphrase,propagated from verified-faithful paraphrase,SLOW,101112.13871925382,rerun_24h,1,1,1,1
p_q_f1c6af26_3,heldout_400,1,1,q_f1c6af26,What is the name of the tallest building in Bangalore?,Who occupies the top spot as Bangalore's tallest skyscraper?,Who occupies the top spot as Bangalore's tallest skyscraper?,CNTC Presidential Tower,CNTC Presidential Tower,1,2,temporal_align_qa,2023,propagated from verified-faithful paraphrase,propagated from verified-faithful paraphrase,SLOW,294993.9716863204,rerun_24h,2,2,2,1
p_q_8fb47752_2,heldout_400,1,1,q_8fb47752,In what city was the person currently acting as the U.S. speaker of house born?,Which city has the speaker of house now born in America?,Which city has the speaker of house now born in America?,"Gastonia, North Carolina","Gastonia, North Carolina",1,2,freshqa,2023,propagated from verified-faithful paraphrase,propagated from verified-faithful paraphrase,SLOW,565141.9931840678,rerun_24h,3,3,3,1
p_q_7a065d8f_1,heldout_400,1,1,q_7a065d8f,Who are the color commentators for the NBA Finals broadcast on national radio?,Do any recognized color commentators participate in the national broadcast of NBA Finals?,Do any recognized color commentators participate in the national broadcast of NBA Finals?,Doris Burke and P. J. Carlesimo,Doris Burke and P. J. Carlesimo,1,1,temporal_align_qa,2023,propagated from verified-faithful paraphrase,propagated from verified-faithful paraphrase,SLOW,602275.4557691865,rerun_24h,1,1,1,1
p_q_2fafc2f1_0,heldout_400,1,1,q_2fafc2f1,Who is the current head coach of Stade Malherbe Caen?,"The person who is acting as the coach for Stade Malherbe Caen, what are his current position?","The person who is acting as the coach for Stade Malherbe Caen, what are his current position?",Stéphane Moulin,Stéphane Moulin,1,2,temporal_align_qa,2023,propagated from verified-faithful paraphrase,propagated from verified-faithful paraphrase,SLOW,487942.93126256287,rerun_24h,1,1,1,1
p_q_4882dc27_3,heldout_400,1,1,q_4882dc27,Who is the current head coach of the Iceland men's national handball team?,Who is the current manager of Iceland's well-known men' team in handball?,Who is the current manager of Iceland's well-known men' team in handball?,Guðmundur Guðmundsson,Guðmundur Guðmundsson,1,2,temporal_align_qa,2023,propagated from verified-faithful paraphrase,propagated from verified-faithful paraphrase,SLOW,256953.1464030036,rerun_24h,2,2,2,1
p_q_e4dd7c4d_0,heldout_400,1,1,q_e4dd7c4d,What team secured the British Basketball League Trophy?,Which team claimed the British Basketball League Trophy?,Which team claimed the British Basketball League Trophy?,Caledonia Gladiators,Caledonia Gladiators,1,1,temporal_align_qa,2023,propagated from verified-faithful paraphrase,propagated from verified-faithful paraphrase,SLOW,566251.2382412746,rerun_24h,2,2,2,1
p_q_adf4be31_0,heldout_400,1,1,q_adf4be31,Who is the present principal of Ranabima Royal College?,Who is currently heading Ranabima Royal College as an principal?,Who is currently heading Ranabima Royal College as an principal?,Ranjith Rajapaksha,Ranjith Rajapaksha,1,2,temporal_align_qa,2023,propagated from verified-faithful paraphrase,propagated from verified-faithful paraphrase,SLOW,394246.4831869824,rerun_24h,2,2,2,1
p_q_ecea34ae_0,heldout_400,1,1,q_ecea34ae,Which team was the runner-up in the latest North Kerry Senior Football Championship final?,Who claimed the second place in the most recent North Kerry Senior Football Championship final?,Who claimed the second place in the most recent North Kerry Senior Football Championship final?,St. Senan's,St. Senan's,1,1,temporal_align_qa,2023,propagated from verified-faithful paraphrase,propagated from verified-faithful paraphrase,SLOW,572311.8262417212,rerun_24h,1,1,1,1
p_q_0c7e44a5_0,heldout_400,1,1,q_0c7e44a5,Who is the current senator representing the Lagos West Senatorial District?,Can you tell me the name of the current senator from Lagos West Senatorial District?,Can you tell me the name of the current senator from Lagos West Senatorial District?,Oluranti Adebule,Oluranti Adebule,1,2,temporal_align_qa,2023,propagated from verified-faithful paraphrase,propagated from verified-faithful paraphrase,SLOW,461493.76209653076,rerun_24h,2,2,2,1
p_q_37fa4f89_0,heldout_400,1,1,q_37fa4f89,Who is currently serving as the Attorney General of Texas?,Who holds the position of Attorney General in Texas at presently?,Who holds the position of Attorney General in Texas at presently?,Angela Colmenero Interim,Angela Colmenero Interim,1,3,temporal_align_qa,2023,propagated from verified-faithful paraphrase,propagated from verified-faithful paraphrase,SLOW,358373.9938408745,rerun_24h,2,2,2,1
p_q_8892bc4b_2,heldout_400,1,1,q_8892bc4b,Where was the BBL Trophy Final most recently held?,Where did the BBL Trophy Final occur most recently?,Where did the BBL Trophy Final occur most recently?,Glasgow,Glasgow,1,1,temporal_align_qa,2023,propagated from verified-faithful paraphrase,propagated from verified-faithful paraphrase,SLOW,96082.1208451516,rerun_24h,2,2,2,1
p_q_7be67437_0,heldout_400,1,1,q_7be67437,Who is the current kit manufacturer for Trabzonspor?,What company is presently in charge of producing the Trabzonspor kit?,What company is presently in charge of producing the Trabzonspor kit?,Macron,Macron,1,1,temporal_align_qa,2023,propagated from verified-faithful paraphrase,propagated from verified-faithful paraphrase,SLOW,292842.2279994277,rerun_24h,2,2,2,1
p_q_36e2eae5_2,heldout_400,1,1,q_36e2eae5,Who is currently serving as the U.S. Representative for Maine's 2nd congressional district?,Who currently holds the 2nd congressional district in Maine's U.S. Representative position?,Who currently holds the 2nd congressional district in Maine's U.S. Representative position?,Jared Golden,Jared Golden,1,1,temporal_align_qa,2023,propagated from verified-faithful paraphrase,propagated from verified-faithful paraphrase,SLOW,166102.0486829948,rerun_24h,1,1,1,1
p_q_3cae62d9_1,heldout_400,1,1,q_3cae62d9,Who is the current representative for Calgary-Shaw in the Legislative Assembly?,Who represents Calgary-Shaw in the Legislative Assembly at present?,Who represents Calgary-Shaw in the Legislative Assembly at present?,Rebecca Schulz,Rebecca Schulz,1,1,temporal_align_qa,2023,propagated from verified-faithful paraphrase,propagated from verified-faithful paraphrase,SLOW,485474.95883466944,rerun_24h,2,2,2,1
p_q_baf11e36_2,heldout_400,1,1,q_baf11e36,Which party does the current second deputy speaker of the Parliament of Finland represent?,With which political party is the second deputy speaker of Finland's Parliament in position?,With which political party is the second deputy speaker of Finland's Parliament in position?,Finns Party,Finns Party,1,1,temporal_align_qa,2023,propagated from verified-faithful paraphrase,propagated from verified-faithful paraphrase,SLOW,177493.8444985734,rerun_24h,2,2,2,1
p_q_2e0c6ace_2,heldout_400,1,1,q_2e0c6ace,Who is currently serving as the Secretary of the Pennsylvania Department of Health?,Who currently holds the position of Secretary in the Pennsylvania Department of Health?,Who currently holds the position of Secretary in the Pennsylvania Department of Health?,Denise Johnson,Denise Johnson,1,1,temporal_align_qa,2023,propagated from verified-faithful paraphrase,propagated from verified-faithful paraphrase,SLOW,257322.40843614284,rerun_24h,2,2,2,1
p_q_593f6d73_3,heldout_400,1,1,q_593f6d73,What is the name of the school that came in eighth in the South Australian Head of the River race?,What is the identity of the school that secured the eighth position in the South Australian Head Of The River race?,What is the identity of the school that secured the eighth position in the South Australian Head Of The River race?,Adelaide HS,Adelaide HS,1,1,temporal_align_qa,2023,propagated from verified-faithful paraphrase,propagated from verified-faithful paraphrase,SLOW,473437.1293438929,rerun_24h,2,2,2,1
p_q_dd9fd589_2,heldout_400,1,1,q_dd9fd589,How many tornadoes were classified as F3/EF3?,How many tornados met classification F3/EF3?,How many tornados met classification F3/EF3?,"≥ 2,701","≥ 2,701",1,2,temporal_align_qa,2023,propagated from verified-faithful paraphrase,propagated from verified-faithful paraphrase,SLOW,594536.7862697233,rerun_24h,2,2,2,1
p_q_69f7cd76_3,heldout_400,1,1,q_69f7cd76,Who is the current representative of Michigan's 7th congressional district?,Which politician currently serves in Michigan's 7th congressional district?,Which politician currently serves in Michigan's 7th congressional district?,100px Elissa Slotkin,100px Elissa Slotkin,1,2,temporal_align_qa,2023,propagated from verified-faithful paraphrase,propagated from verified-faithful paraphrase,SLOW,385798.2209805978,rerun_24h,2,2,1,0
q_efe174f0,heldout_400,1,0,q_efe174f0,What is the cabinet number currently in office in Turkey?,,What is the cabinet number currently in office in Turkey?,66,66,1,2,temporal_align_qa,2023,latest annotated year in the answer dictionary,latest annotated year in the answer dictionary,SLOW,290083.2923667088,rerun_24h,2,2,2,1
q_14993a2f,heldout_400,1,0,q_14993a2f,Who is the current Formula One World Drivers' Champion?,,Who is the current Formula One World Drivers' Champion?,Max Verstappen,Max Verstappen,1,1,temporal_align_qa,2023,latest annotated year in the answer dictionary,latest annotated year in the answer dictionary,SLOW,116411.92444582333,rerun_24h,2,2,2,1
q_7c0a6cba,heldout_400,1,0,q_7c0a6cba,Who is the current representative for Michigan's 8th congressional district?,,Who is the current representative for Michigan's 8th congressional district?,100px Elissa Slotkin,100px Elissa Slotkin,1,2,temporal_align_qa,2023,latest annotated year in the answer dictionary,latest annotated year in the answer dictionary,SLOW,49304.589953968905,rerun_12h,2,2,1,0
q_63a44892,heldout_400,1,0,q_63a44892,Which team won the Estonian Supercup?,,Which team won the Estonian Supercup?,Paide,Paide,1,1,temporal_align_qa,2023,latest annotated year in the answer dictionary,latest annotated year in the answer dictionary,SLOW,198609.86309979128,rerun_24h,1,1,1,1
q_cad562c6,heldout_400,1,0,q_cad562c6,Which network broadcasts the NBA Finals?,,Which network broadcasts the NBA Finals?,ESPN Deportes,ESPN Deportes,1,2,temporal_align_qa,2023,latest annotated year in the answer dictionary,latest annotated year in the answer dictionary,SLOW,389.1909473071013,run_00,2,2,2,1
q_617ac749,heldout_400,1,0,q_617ac749,Who is the current Dean of the Virginia Tech College of Architecture and Urban Studies?,,Who is the current Dean of the Virginia Tech College of Architecture and Urban Studies?,Rosemary Blieszner,Rosemary Blieszner,1,2,temporal_align_qa,2023,latest annotated year in the answer dictionary,latest annotated year in the answer dictionary,SLOW,19511.879670386967,rerun_1h,2,2,2,1
q_91fe9bbc,heldout_400,1,0,q_91fe9bbc,Who is the current head coach of the Philadelphia Eagles?,,Who is the current head coach of the Philadelphia Eagles?,Nick Sirianni,Nick Sirianni,1,1,temporal_align_qa,2023,latest annotated year in the answer dictionary,latest annotated year in the answer dictionary,SLOW,149080.39519143195,rerun_24h,1,1,1,1
q_3ee7411d,heldout_400,1,0,q_3ee7411d,Who is the current bench coach for the St. Louis Cardinals?,,Who is the current bench coach for the St. Louis Cardinals?,Joe McEwing,Joe McEwing,1,1,temporal_align_qa,2023,latest annotated year in the answer dictionary,latest annotated year in the answer dictionary,SLOW,198807.91918422576,rerun_24h,1,1,1,1
q_a8f577f5,heldout_400,1,0,q_a8f577f5,Where was the most recent Grammy Awards ceremony held?,,Where was the most recent Grammy Awards ceremony held?,Crypto.com Arena,Crypto.com Arena,1,1,temporal_align_qa,2023,latest annotated year in the answer dictionary,latest annotated year in the answer dictionary,SLOW,298978.7509560862,rerun_24h,1,1,1,1
q_6aed1558,heldout_400,1,0,q_6aed1558,What is the name of the person holding the presidency at Purdue University?,,What is the name of the person holding the presidency at Purdue University?,Mung Chiang,Mung Chiang,1,1,temporal_align_qa,2023,latest annotated year in the answer dictionary,latest annotated year in the answer dictionary,SLOW,45400.407875800454,rerun_12h,1,1,1,1
q_a1c19e16,heldout_400,1,0,q_a1c19e16,Who currently represents California's 9th congressional district?,,Who currently represents California's 9th congressional district?,100px Josh Harder,100px Josh Harder,1,2,temporal_align_qa,2023,latest annotated year in the answer dictionary,latest annotated year in the answer dictionary,SLOW,96359.6525092699,rerun_24h,1,1,1,1
q_cc86e7a2,heldout_400,1,0,q_cc86e7a2,"Who directed the latest theater production of ""Piège pour un homme seul""?",,"Who directed the latest theater production of ""Piège pour un homme seul""?",Michel Fau,Michel Fau,1,1,temporal_align_qa,2023,latest annotated year in the answer dictionary,latest annotated year in the answer dictionary,SLOW,39158.2891745176,rerun_1h,1,1,1,1
q_f93213af,heldout_400,1,0,q_f93213af,What racing series is Sébastien Loeb currently participating in?,,What racing series is Sébastien Loeb currently participating in?,Dakar Rally,Dakar Rally,1,6,temporal_align_qa,2023,latest annotated year in the answer dictionary,latest annotated year in the answer dictionary,SLOW,88322.42149963332,rerun_24h,1,1,1,1
q_7dd95f30,heldout_400,1,0,q_7dd95f30,Who hosted BBC Scotland's most recent Hogmanay celebration broadcast?,,Who hosted BBC Scotland's most recent Hogmanay celebration broadcast?,Edith Bowman Amy Irons,Edith Bowman Amy Irons,1,1,temporal_align_qa,2023,latest annotated year in the answer dictionary,latest annotated year in the answer dictionary,SLOW,34107.574544022806,rerun_1h,1,1,1,1
p_q_9432e97c_0,heldout_400,1,1,q_9432e97c,"Whose likeness did Republicans propose putting on the dime, in 2003?",Who was the closest friend that Republicans raised in 2003?,Who was the closest friend that Republicans raised in 2003?,Ronald Reagan's,Ronald Reagan's,1,2,triviaqa,,propagated from verified-faithful paraphrase,propagated from verified-faithful paraphrase,TIMELESS,366881.55667303776,rerun_24h,2,2,2,1
p_q_fd2b644e_0,heldout_400,1,1,q_fd2b644e,"Batting, Cornerstones, Sashing and Layer Cake are all terms used in which handicraft?","Batting, Cornerstones, Sashing and Layer Cake are all related terms used in popular history to describe building activities.","Batting, Cornerstones, Sashing and Layer Cake are all related terms used in popular history to describe building activities.",Quilting,Quilting,1,9,triviaqa,,propagated from verified-faithful paraphrase,propagated from verified-faithful paraphrase,TIMELESS,402220.3150306534,rerun_24h,2,2,2,1
p_q_008dbbf5_1,heldout_400,1,1,q_008dbbf5,"The cyclepath/footpath in Devon which follows the Rivers Taw and Torridge is named after which eponymous persecuted animal in the 1926 book by Henry Williamson, made into a film in 1979?","Determine the name of the animal that was targeted by London's Rivers Taw in Henry Williamson'Stormy Cat series? Also, note down The Ballston Road is located on England House.","Determine the name of the animal that was targeted by London's Rivers Taw in Henry Williamson'Stormy Cat series? Also, note down The Ballston Road is located on England House.",TARKA THE OTTER,TARKA THE OTTER,1,4,triviaqa,,propagated from verified-faithful paraphrase,,TIMELESS,355085.38499079004,rerun_24h,1,1,1,1
p_q_cff65f30_2,heldout_400,1,1,q_cff65f30,The babirusa is a wild variety of which domesticated animal?,"What carnivorous creature is commonly referred to as the ""babirusa,"" specifically known as this one?","What carnivorous creature is commonly referred to as the ""babirusa,"" specifically known as this one?",Pig,Pig,1,9,triviaqa,,propagated from verified-faithful paraphrase,propagated from verified-faithful paraphrase,TIMELESS,524215.5198547585,rerun_24h,2,2,2,1
p_q_fc47ce8e_3,heldout_400,1,1,q_fc47ce8e,On what date did the Berlin Wall fall?,Do you know when the building of Berlin was destroyed?,Do you know when the building of Berlin was destroyed?,"Nov 9, 1989","Nov 9, 1989",1,10,freshqa,before 2022,propagated from verified-faithful paraphrase,propagated from verified-faithful paraphrase,TIMELESS,597507.7742821656,rerun_24h,2,1,1,1
p_q_b6529205_3,heldout_400,1,1,q_b6529205,"Bort or boart refers to waste/inferior what, used for industrial purposes?",What is the related international occupational term for wasted substance?,What is the related international occupational term for wasted substance?,Diamonds,Diamonds,1,12,triviaqa,,propagated from verified-faithful paraphrase,propagated from verified-faithful paraphrase,TIMELESS,448932.140625498,rerun_24h,1,1,1,1
p_q_8f04e897_0,heldout_400,1,1,q_8f04e897,In cricket what score is known as 'Nelson'?,What value of dismissal do you give to a ball in the game of cricket?,What value of dismissal do you give to a ball in the game of cricket?,111,111,1,3,triviaqa,,propagated from verified-faithful paraphrase,propagated from verified-faithful paraphrase,TIMELESS,496379.52679042536,rerun_24h,1,1,1,1
p_q_9ffc1ed9_0,heldout_400,1,1,q_9ffc1ed9,"""The opening sequence of the film """"Airplane"""" (also entitled """"Flying High"""") is a parody of which film?""","""The title of the film (title) called its opening scene a parody?"" Related Responses: Where did all these scenes come together on one page, just in case. Besides this movie (by Disney Universal fame), it might make some good standalone extracts because we're supposed to be films from 80 Quirky Parties.""","""The title of the film (title) called its opening scene a parody?"" Related Responses: Where did all these scenes come together on one page, just in case. Besides this movie (by Disney Universal fame), it might make some good standalone extracts because we're supposed to be films from 80 Quirky Parties.""",Jaws,Jaws,1,5,triviaqa,,propagated from verified-faithful paraphrase,,TIMELESS,566083.1790961351,rerun_24h,2,2,2,1
p_q_6e543930_1,heldout_400,1,1,q_6e543930,The land of Azeroth features in which video game?,Where can we find a simulation of world building in The Land of Azeroth game development?,Where can we find a simulation of world building in The Land of Azeroth game development?,Warcraft,Warcraft,1,12,triviaqa,,propagated from verified-faithful paraphrase,propagated from verified-faithful paraphrase,TIMELESS,507395.6436816779,rerun_24h,2,2,2,1
p_q_f618e806_2,heldout_400,1,1,q_f618e806,In which US city is the National Air and Space Museum?,"What is the designated area of the National Air and Space Museum in Los Angeles, California?","What is the designated area of the National Air and Space Museum in Los Angeles, California?",Washington,Washington,1,12,triviaqa,,propagated from verified-faithful paraphrase,propagated from verified-faithful paraphrase,TIMELESS,160457.61238088313,rerun_24h,1,1,1,1
p_q_c9965b56_2,heldout_400,1,1,q_c9965b56,"During the 1900s, Olivetti, Olympia, Underwood, Smith Corona, and Remington were famous makers of?","I'm curious to know who made famous chairs from Olivetti, Olympia and the six Arms established in Italy starting in the 1900.","I'm curious to know who made famous chairs from Olivetti, Olympia and the six Arms established in Italy starting in the 1900.",Typewriters,Typewriters,1,12,triviaqa,,propagated from verified-faithful paraphrase,propagated from verified-faithful paraphrase,TIMELESS,416274.3807406493,rerun_24h,1,1,1,1
p_q_35e41392_1,heldout_400,1,1,q_35e41392,"Which constellation, that lies between Cancer and Virgo, contains the stars called Regulus, Denebola, Regulus, Wolf 359, Gliese 436, and Algieba?","Which constellation has stars including the Aztec Aphoris, Asheroes, Radius and Argentores; Regulus, Denebola; Wolf, Geishinia, Galaxie, Bengalium, Freud, Algieba?","Which constellation has stars including the Aztec Aphoris, Asheroes, Radius and Argentores; Regulus, Denebola; Wolf, Geishinia, Galaxie, Bengalium, Freud, Algieba?",Leo,Leo,1,5,triviaqa,,propagated from verified-faithful paraphrase,,TIMELESS,601614.4633585649,rerun_24h,1,1,1,1
p_q_83e37c6e_2,heldout_400,1,1,q_83e37c6e,"""""""The quality of mercy is not strained, It droppeth as the gentle rain from heaven"""" is spoken by which Shakespearean character?""","In which Shakespeare play does the line, ""Let there be no contrived obstructed light,"" speak with which strand of mercy only chill like ""trembling on water ... Tucumlum""?","In which Shakespeare play does the line, ""Let there be no contrived obstructed light,"" speak with which strand of mercy only chill like ""trembling on water ... Tucumlum""?","""Portia in """"The Merchant of Venice""""""","""Portia in """"The Merchant of Venice""""""",1,2,triviaqa,,propagated from verified-faithful paraphrase,,TIMELESS,380413.91956445045,rerun_24h,2,2,2,1
p_q_9f07f1e2_3,heldout_400,1,1,q_9f07f1e2,'Red Lion' was for may years accepted as the most popular pubname in Great Britain. What pub name has now succeeded this?,"During the 50s, Red Lion and the Greyhound were followed by Yellow London before Everton. Which pub is considered to have been more popular?","During the 50s, Red Lion and the Greyhound were followed by Yellow London before Everton. Which pub is considered to have been more popular?",'THE CROWN','THE CROWN',1,12,triviaqa,,propagated from verified-faithful paraphrase,propagated from verified-faithful paraphrase,TIMELESS,596843.9434420986,rerun_24h,1,1,1,1
p_q_3a68f125_0,heldout_400,1,1,q_3a68f125,Which official knocks three times on the doors to the chamber of the House of Commons at the state opening of a British parliament?,"In public viewings, which government spokesperson challenges the topic by knocking on three chances when the House of Commons is opened?","In public viewings, which government spokesperson challenges the topic by knocking on three chances when the House of Commons is opened?",Black Rod,Black Rod,1,10,triviaqa,,propagated from verified-faithful paraphrase,propagated from verified-faithful paraphrase,TIMELESS,462917.7681490722,rerun_24h,2,2,2,1
p_q_2ba29c4f_0,heldout_400,1,1,q_2ba29c4f,Who was the US Attorney General to J F Kennedy?,Who was the personal assistant to J F Kennedy as her legal representative in Washington D.C.?,Who was the personal assistant to J F Kennedy as her legal representative in Washington D.C.?,Robert Kennedy,Robert Kennedy,1,12,triviaqa,,propagated from verified-faithful paraphrase,propagated from verified-faithful paraphrase,TIMELESS,431966.8237109267,rerun_24h,1,1,1,1
p_q_3122ceda_0,heldout_400,1,1,q_3122ceda,"According to the Bible, what are three theological virtues?",Provide the Bible's advice on three positive aspects pertaining to theology.,Provide the Bible's advice on three positive aspects pertaining to theology.,"Faith, Hope and Charity","Faith, Hope and Charity",1,7,triviaqa,,propagated from verified-faithful paraphrase,propagated from verified-faithful paraphrase,TIMELESS,328680.49441483873,rerun_24h,1,1,1,1
p_q_2db8b371_3,heldout_400,1,1,q_2db8b371,Which year saw the dissolution of the Soviet Union?,When was Soviet Union to collapse?,When was Soviet Union to collapse?,1991,1991,1,3,triviaqa,,propagated from verified-faithful paraphrase,propagated from verified-faithful paraphrase,TIMELESS,385853.927939879,rerun_24h,1,1,1,1
p_q_8ea4bd29_2,heldout_400,1,1,q_8ea4bd29,In which country is the Great Sandy Desert,"Have you ever mapped out the Great Sandy Desert, and where in terms of geography it is situated?","Have you ever mapped out the Great Sandy Desert, and where in terms of geography it is situated?",Australia,Australia,1,12,triviaqa,,propagated from verified-faithful paraphrase,propagated from verified-faithful paraphrase,TIMELESS,423319.19773881824,rerun_24h,1,1,1,1
p_q_a867a828_1,heldout_400,1,1,q_a867a828,How many points would you get for the word Scrabble in a game of Scrabble?,What is the rating system for a word used in Scrabble during scrubbing?,What is the rating system for a word used in Scrabble during scrubbing?,14,14,1,3,triviaqa,,propagated from verified-faithful paraphrase,propagated from verified-faithful paraphrase,TIMELESS,257022.3688502587,rerun_24h,2,2,2,1
p_q_86cdf888_2,heldout_400,1,1,q_86cdf888,What is the SI unit of temperature?,Which is the central heating unit in Standard Industrial Unit (SI)?,Which is the central heating unit in Standard Industrial Unit (SI)?,The Kelvin,The Kelvin,1,12,triviaqa,,propagated from verified-faithful paraphrase,propagated from verified-faithful paraphrase,TIMELESS,508072.03222522093,rerun_24h,1,1,1,1
p_q_4efb2d83_3,heldout_400,1,1,q_4efb2d83,"What name was given to Colleen LaRose, who was accused of conspiring with fighters overseas and pledging to commit murder in the name of a Muslim holy war, and pleaded not guilty in court in Philadelphia in March 2010?","What was the name of Colleen LaRose, known to her mother and sister for supposedly agreeing to participate in a proxy war with international fighters and offering fatalities in it in the interest of US citizens involved in Mahomet's holy War?","What was the name of Colleen LaRose, known to her mother and sister for supposedly agreeing to participate in a proxy war with international fighters and offering fatalities in it in the interest of US citizens involved in Mahomet's holy War?",Jihad Jane,Jihad Jane,1,12,triviaqa,,propagated from verified-faithful paraphrase,,TIMELESS,280551.0605328793,rerun_24h,2,2,2,1
p_q_5cb9d6ad_2,heldout_400,1,1,q_5cb9d6ad,"""Who played the title role in Woody Allen's film """"Annie Hall""""?""","Whose appearance was made in Woody Allen's 1902 picture ""Annie Hall"" and how did they achieve that recognition?","Whose appearance was made in Woody Allen's 1902 picture ""Annie Hall"" and how did they achieve that recognition?",Diane Keaton,Diane Keaton,1,6,triviaqa,,propagated from verified-faithful paraphrase,propagated from verified-faithful paraphrase,TIMELESS,107004.79085590786,rerun_24h,2,2,2,1
p_q_bbdfff0f_2,heldout_400,1,1,q_bbdfff0f,What was the first operational image taken by the James Webb Space Telescope?,What was the primary working representation captured by the James Webb Space Telescope?,What was the primary working representation captured by the James Webb Space Telescope?,Webb's First Deep Field,Webb's First Deep Field,1,1,freshqa,2022,propagated from verified-faithful paraphrase,propagated from verified-faithful paraphrase,TIMELESS,338190.5068809513,rerun_24h,3,3,3,1
p_q_90cb856a_3,heldout_400,1,1,q_90cb856a,Which Cornish cheese uses nettles as an ingredient?,Do you know of any Swiss cheese made using nettles?,Do you know of any Swiss cheese made using nettles?,Yarg,Yarg,1,4,triviaqa,,propagated from verified-faithful paraphrase,propagated from verified-faithful paraphrase,TIMELESS,400301.2107175805,rerun_24h,2,2,2,1
p_q_7a2157d8_3,heldout_400,1,1,q_7a2157d8,"What possession of 'wild west' star Annie Oakley sold at a 2012 auction for $143,000?","Seeking information on Annie Oakley's possession that peaked at the 2012 auction for $143,000.","Seeking information on Annie Oakley's possession that peaked at the 2012 auction for $143,000.",Gun,Gun,1,4,triviaqa,,propagated from verified-faithful paraphrase,propagated from verified-faithful paraphrase,TIMELESS,397344.2444064729,rerun_24h,2,2,2,1
p_q_cb9cc202_0,heldout_400,1,1,q_cb9cc202,In what year was Alaska sold to the US?,When was occupied by Alaska all over the US?,When was occupied by Alaska all over the US?,1867,1867,1,3,triviaqa,,propagated from verified-faithful paraphrase,propagated from verified-faithful paraphrase,TIMELESS,334485.5478980439,rerun_24h,1,1,1,1
p_q_c6b40080_1,heldout_400,1,1,q_c6b40080,Which bird of the pigeon family was found in huge numbers in North America until the 19th century but then went into decline due to hunting and became extinct in 1914?,Which species of pigeon was present in North America for many years until the 19th century but underwent scientific destruction as a result of hunting?,Which species of pigeon was present in North America for many years until the 19th century but underwent scientific destruction as a result of hunting?,Passenger pigeon,Passenger pigeon,1,12,triviaqa,,propagated from verified-faithful paraphrase,propagated from verified-faithful paraphrase,TIMELESS,476865.8285552263,rerun_24h,1,1,1,1
p_q_df1576bb_1,heldout_400,1,1,q_df1576bb,Which former Big Brother contestant who was famous for quotes such as what is the opposite of opposite? and do fish get thirsty? and later went on to present Braniac: Science Abuse on Sky television?,"Which previous guest made an appearance on Big Brother who was famous for his humorous monologues regarding the opposite of words and doll effects differ at times, as well as being one of the presenters of Braniac: Science Abuse on Sky TV?","Which previous guest made an appearance on Big Brother who was famous for his humorous monologues regarding the opposite of words and doll effects differ at times, as well as being one of the presenters of Braniac: Science Abuse on Sky TV?",Jon Tickle,Jon Tickle,1,3,triviaqa,,propagated from verified-faithful paraphrase,,TIMELESS,462149.24767118285,rerun_24h,2,2,2,1
p_q_2a87233c_3,heldout_400,1,1,q_2a87233c,"Little Big Horn, the scene of Custer's last stand, is in which US state?",In which state does Custer's final stand took place from on l.a. of Little Buenaventura?,In which state does Custer's final stand took place from on l.a. of Little Buenaventura?,Montana,Montana,1,12,triviaqa,,propagated from verified-faithful paraphrase,propagated from verified-faithful paraphrase,TIMELESS,448376.33155503846,rerun_24h,1,1,1,1
p_q_dbf0307d_2,heldout_400,1,1,q_dbf0307d,A 'Chorkie' is a dog hybrid obtained by crossing a Yorkshire Terrier with which other breed?,"What type of crossbreed is a suitable match for 'Chorkies', or other types of dog hybrids?","What type of crossbreed is a suitable match for 'Chorkies', or other types of dog hybrids?",CHIHUAHUA,CHIHUAHUA,1,11,triviaqa,,propagated from verified-faithful paraphrase,propagated from verified-faithful paraphrase,TIMELESS,376071.52861482935,rerun_24h,2,2,2,1
p_q_3484eada_3,heldout_400,1,1,q_3484eada,"As at January 2015 who is the only person to have held all the major offices of State in the UK – Prime Minister, Chancellor of the Exchequer, Foreign Secretary and Home Secretary","Since January 2015, who occupied all major positions of State in the UK (Prime Minister, Chancellor of the Exchequer, Foreign Secretary and Home secretary), is known to man?","Since January 2015, who occupied all major positions of State in the UK (Prime Minister, Chancellor of the Exchequer, Foreign Secretary and Home secretary), is known to man?",James Callaghan,James Callaghan,1,12,triviaqa,,propagated from verified-faithful paraphrase,,TIMELESS,208055.5074381255,rerun_24h,1,1,1,1
p_q_b38e651d_3,heldout_400,1,1,q_b38e651d,What air mattress genericized trademark is a portmanteau of its two-word description?,What is some air mattress that was genericized into 2 words using only two short prefixes as a descriptor?,What is some air mattress that was genericized into 2 words using only two short prefixes as a descriptor?,Lilo,Lilo,1,6,triviaqa,,propagated from verified-faithful paraphrase,propagated from verified-faithful paraphrase,TIMELESS,401035.41942288296,rerun_24h,1,1,1,1
p_q_c9965b56_3,heldout_400,1,1,q_c9965b56,"During the 1900s, Olivetti, Olympia, Underwood, Smith Corona, and Remington were famous makers of?","With whom was this motorcycle made famous in the 20th century: Olivetti, Olympia, Underwood, Smith Corona and Remington?","With whom was this motorcycle made famous in the 20th century: Olivetti, Olympia, Underwood, Smith Corona and Remington?",Typewriters,Typewriters,1,12,triviaqa,,propagated from verified-faithful paraphrase,propagated from verified-faithful paraphrase,TIMELESS,407633.9551092156,rerun_24h,1,1,1,1
p_q_8f04e897_1,heldout_400,1,1,q_8f04e897,In cricket what score is known as 'Nelson'?,What is the significance of the name 'Nelson' in cricket?,What is the significance of the name 'Nelson' in cricket?,111,111,1,3,triviaqa,,propagated from verified-faithful paraphrase,propagated from verified-faithful paraphrase,TIMELESS,590389.4668877807,rerun_24h,1,1,1,1
p_q_bc586d32_0,heldout_400,1,1,q_bc586d32,How many rings are on the Audi car logo?,How many bezels are there on an Audi logo?,How many bezels are there on an Audi logo?,Four,Four,1,4,triviaqa,,propagated from verified-faithful paraphrase,propagated from verified-faithful paraphrase,TIMELESS,475384.97017170483,rerun_24h,2,2,2,1
p_q_ddf45443_3,heldout_400,1,1,q_ddf45443,Which North Sea port lies at the mouth of the Riyer Esk?,Identify the port located at the Riyer Esk’s estuary.,Identify the port located at the Riyer Esk’s estuary.,WHITBY,WHITBY,1,3,triviaqa,,propagated from verified-faithful paraphrase,propagated from verified-faithful paraphrase,TIMELESS,584536.3979668568,rerun_24h,2,2,2,1
p_q_52507e09_0,heldout_400,1,1,q_52507e09,I what year did the 'Cod' war between Britain and Iceland begin?,When did the war with Britain over named 'Cod' started?,When did the war with Britain over named 'Cod' started?,1972,1972,1,3,triviaqa,,propagated from verified-faithful paraphrase,propagated from verified-faithful paraphrase,TIMELESS,372416.9665812915,rerun_24h,1,1,1,1
p_q_30cbc023_2,heldout_400,1,1,q_30cbc023,"Herodotus, one of the earliest writers now to be called a historian, lived when?","At which time in history did Herodotus, a former writer considered one of the country's premiere historians, begin his work?","At which time in history did Herodotus, a former writer considered one of the country's premiere historians, begin his work?",5th century BCE,5th century BCE,1,12,triviaqa,,propagated from verified-faithful paraphrase,propagated from verified-faithful paraphrase,TIMELESS,86192.15428465282,rerun_12h,2,2,2,1
p_q_50abcf1d_0,heldout_400,1,1,q_50abcf1d,"Britain's first stretch of motorway, opened in December 1958, bypassed which town (now officially a city) ?",Which city in Britain was excluded from the first-ever motorway route when it opened up in December 1958?,Which city in Britain was excluded from the first-ever motorway route when it opened up in December 1958?,PRESTON,PRESTON,1,3,triviaqa,,propagated from verified-faithful paraphrase,propagated from verified-faithful paraphrase,TIMELESS,408901.5774128204,rerun_24h,1,1,1,1
p_q_2d02fb45_2,heldout_400,1,1,q_2d02fb45,The Tyrol is a region in which mountain range?,What is the appellation of the mountain range that encompasses Tyrol?,What is the appellation of the mountain range that encompasses Tyrol?,Alps,Alps,1,12,triviaqa,,propagated from verified-faithful paraphrase,propagated from verified-faithful paraphrase,TIMELESS,419235.8716399603,rerun_24h,1,1,1,1
p_q_746185c8_2,heldout_400,1,1,q_746185c8,"Ngati Toa, a New Zealand tribal group won the intellectual property rights to what?","Which territory of intellectual property rights were awarded to the Ngati Toa, a Native people living in New Zealand?","Which territory of intellectual property rights were awarded to the Ngati Toa, a Native people living in New Zealand?",The Maori Haka,The Maori Haka,1,6,triviaqa,,propagated from verified-faithful paraphrase,propagated from verified-faithful paraphrase,TIMELESS,360004.6622509427,rerun_24h,1,1,1,1
p_q_bf2150c7_3,heldout_400,1,1,q_bf2150c7,"Wroxeter, the site of the Roman city of Viroconium Cornoviorum, is in which English county?","What part of England is Wroxeter, the location where the Roman city of Viroconium Cornoviorum grew?","What part of England is Wroxeter, the location where the Roman city of Viroconium Cornoviorum grew?",Shropshire,Shropshire,1,12,triviaqa,,propagated from verified-faithful paraphrase,propagated from verified-faithful paraphrase,TIMELESS,327488.5816832914,rerun_24h,1,1,1,1
p_q_2d2c3ec0_0,heldout_400,1,1,q_2d2c3ec0,"November 27, 1701 saw the birth of a Swedish astronomer, who proposed what temperature scale where in which water freezes at 0 degrees and boils at 100 degrees?","The theory behind the temperature scale where water freezes at 0 degrees and boils 100 degrees was first introduced by a Swedish astronomer on November 27, 1701.","The theory behind the temperature scale where water freezes at 0 degrees and boils 100 degrees was first introduced by a Swedish astronomer on November 27, 1701.",Celsius,Celsius,1,12,triviaqa,,propagated from verified-faithful paraphrase,,TIMELESS,527458.5125986441,rerun_24h,2,2,2,1
p_q_98d7f7da_2,heldout_400,1,1,q_98d7f7da,The 'degree' symbol ° indicates what variation of a musical chord?,What is the degree of a musical chord represented by the special notation °?,What is the degree of a musical chord represented by the special notation °?,Diminished,Diminished,1,3,triviaqa,,propagated from verified-faithful paraphrase,propagated from verified-faithful paraphrase,TIMELESS,336848.5660766193,rerun_24h,2,2,2,1
p_q_2d02fb45_1,heldout_400,1,1,q_2d02fb45,The Tyrol is a region in which mountain range?,Does the Tyrol region encompass a mountain range?,Does the Tyrol region encompass a mountain range?,Alps,Alps,1,12,triviaqa,,propagated from verified-faithful paraphrase,propagated from verified-faithful paraphrase,TIMELESS,565298.7179379931,rerun_24h,1,1,1,1
p_q_384b354b_0,heldout_400,1,1,q_384b354b,"As at 2012 Nisiyama Onsen Keiunkan, a hot spring hotel in Hayakawa, Yamanashi, Japan, is officially regarded as being what world-record-holding business?","In 2012, Nisiyama Onsen Keiunkan in Hayakawa, Yamanashi, Japan is declared as the world-record-breaking hotel. What company holds this record?","In 2012, Nisiyama Onsen Keiunkan in Hayakawa, Yamanashi, Japan is declared as the world-record-breaking hotel. What company holds this record?",Oldest,Oldest,1,8,triviaqa,,propagated from verified-faithful paraphrase,propagated from verified-faithful paraphrase,TIMELESS,333060.6155427279,rerun_24h,1,1,1,1
p_q_e3c14282_1,heldout_400,1,1,q_e3c14282,Which tendon joins the calf muscle to the heel bone,The Achilles' tendon that links the calf muscle to the heel bone?,The Achilles' tendon that links the calf muscle to the heel bone?,Achilles,Achilles,1,12,triviaqa,,propagated from verified-faithful paraphrase,propagated from verified-faithful paraphrase,TIMELESS,112086.32255415648,rerun_24h,1,1,1,1
p_q_41540d4e_2,heldout_400,1,1,q_41540d4e,What unusual means of transport connects North Greenwich to the Royal Docks?,Is there a distinctive route between the Royal Docks and North Greenwich?,Is there a distinctive route between the Royal Docks and North Greenwich?,Cable Car,Cable Car,1,10,triviaqa,,propagated from verified-faithful paraphrase,propagated from verified-faithful paraphrase,TIMELESS,380128.65461256105,rerun_24h,1,1,1,1
p_q_885ecd41_0,heldout_400,1,1,q_885ecd41,"What was the first name of Mr. Braille, who devised a system allowing blind people to read and write?",Can you tell me the original name of Mr. Braille who invented a way to communicate with people who cannot read or write?,Can you tell me the original name of Mr. Braille who invented a way to communicate with people who cannot read or write?,LOUIS,LOUIS,1,5,triviaqa,,propagated from verified-faithful paraphrase,propagated from verified-faithful paraphrase,TIMELESS,593602.3302110953,rerun_24h,1,1,1,1
p_q_8c58ce9c_2,heldout_400,1,1,q_8c58ce9c,The Macrocarpa tree is native to what continent?,In which geographic area is the Macrocarpa tree commonly found?,In which geographic area is the Macrocarpa tree commonly found?,North America,North America,1,12,triviaqa,,propagated from verified-faithful paraphrase,propagated from verified-faithful paraphrase,TIMELESS,222643.44677967645,rerun_24h,2,2,2,1
p_q_f1b1aa68_1,heldout_400,1,1,q_f1b1aa68,Which common wildflowers belong to the Galanthus family?,Could you name a few Galanthus family of flowers that are typically encountered?,Could you name a few Galanthus family of flowers that are typically encountered?,Snowdrop,Snowdrop,1,8,triviaqa,,propagated from verified-faithful paraphrase,propagated from verified-faithful paraphrase,TIMELESS,322500.76023451216,rerun_24h,2,2,2,1
p_q_371cd160_2,heldout_400,1,1,q_371cd160,What name is given to the unit of electrical power represented by a current of 1 ampere flowing through a circuit whose potential difference is 1 volt?,"An electrical circuit with a current of 1 ampere and potential difference equal to 1, what is the new unit of measurement for power?","An electrical circuit with a current of 1 ampere and potential difference equal to 1, what is the new unit of measurement for power?",Watt,Watt,1,12,triviaqa,,propagated from verified-faithful paraphrase,propagated from verified-faithful paraphrase,TIMELESS,340443.9773565477,rerun_24h,2,2,2,1
p_q_f3e7fb13_1,heldout_400,1,1,q_f3e7fb13,"Hazel, filbert, and kola are all types of what?","Is it usual to link Hazel, filbert, and kola in different definitions?","Is it usual to link Hazel, filbert, and kola in different definitions?",Nuts,Nuts,1,8,triviaqa,,propagated from verified-faithful paraphrase,propagated from verified-faithful paraphrase,TIMELESS,363864.9503652088,rerun_24h,1,1,1,1
p_q_bff7ff01_1,heldout_400,1,1,q_bff7ff01,In which country would you find budgerigars in their natural habitat?,Where are budgerigars naturally found?,Where are budgerigars naturally found?,Australia,Australia,1,12,triviaqa,,propagated from verified-faithful paraphrase,propagated from verified-faithful paraphrase,TIMELESS,133314.1335756654,rerun_24h,1,1,1,1
p_q_06c15fe9_1,heldout_400,1,1,q_06c15fe9,What colour is Santa Claus' belt?,Can you inform me about the hue of Santa's belt?,Can you inform me about the hue of Santa's belt?,Black,Black,1,12,triviaqa,,propagated from verified-faithful paraphrase,propagated from verified-faithful paraphrase,TIMELESS,489030.9292584124,rerun_24h,2,2,2,1
p_q_b8ddab89_3,heldout_400,1,1,q_b8ddab89,What was the more common name for the German World War II dive bomber the Junkers Ju 87?,"What was the Junkers Ju 87, a dive bomber used by The German during World War II, known as before?","What was the Junkers Ju 87, a dive bomber used by The German during World War II, known as before?",STUKA,STUKA,1,12,triviaqa,,propagated from verified-faithful paraphrase,propagated from verified-faithful paraphrase,TIMELESS,403464.93818994967,rerun_24h,2,2,2,1
p_q_3582cba5_1,heldout_400,1,1,q_3582cba5,"""Who wrote the plays """"The Seagull"""", """"The Cherry Orchard"""", """"The Three Sisters"""" and """"Uncle Vanya""""?""","Do we know whom authored """"The Seagull"","" "" The Cherry Orchard"""", "" ""Two Sisters"""" and ""Uncle Vanya""?""","Do we know whom authored """"The Seagull"","" "" The Cherry Orchard"""", "" ""Two Sisters"""" and ""Uncle Vanya""?""",Chekhov,Chekhov,1,12,triviaqa,,propagated from verified-faithful paraphrase,propagated from verified-faithful paraphrase,TIMELESS,516029.7937737452,rerun_24h,1,1,1,1
p_q_3b2d2b15_1,heldout_400,1,1,q_3b2d2b15,"October 4th 1910, which European monarch was deposed and fled on the Royal Yacht 'Amelia' to Gibraltar?","Who was the designated European King that was ousted from his position and exiled to Gibraltar on October 4th, 1910 aboard the Royal Yacht 'Amelia?'","Who was the designated European King that was ousted from his position and exiled to Gibraltar on October 4th, 1910 aboard the Royal Yacht 'Amelia?'",KING MANUEL OF PORTUGAL,KING MANUEL OF PORTUGAL,1,7,triviaqa,,propagated from verified-faithful paraphrase,propagated from verified-faithful paraphrase,TIMELESS,504474.19205181766,rerun_24h,1,1,1,1
p_q_829bbe74_0,heldout_400,1,1,q_829bbe74,What was the kanji of the year in 2021?,What was the 2021 year-totaling kanji?,What was the 2021 year-totaling kanji?,gold,gold,1,4,freshqa,before 2022,propagated from verified-faithful paraphrase,propagated from verified-faithful paraphrase,TIMELESS,530966.9251694907,rerun_24h,4,3,3,1
p_q_4deb87ba_3,heldout_400,1,1,q_4deb87ba,Which English town is twinned with Disney World?,What is the English town that shares a distance with Disney World?,What is the English town that shares a distance with Disney World?,SWINDON,SWINDON,1,8,triviaqa,,propagated from verified-faithful paraphrase,propagated from verified-faithful paraphrase,TIMELESS,267651.13906645833,rerun_24h,1,1,1,1
p_q_450041cf_2,heldout_400,1,1,q_450041cf,"Who won the 2022 Nobel Prize in Chemistry from University of Copenhagen, Denmark?","Which student from the University of Copenhagen, Denmark has been confirmed to be awarded the Nobel Prize in Chemistry for 2022?","Which student from the University of Copenhagen, Denmark has been confirmed to be awarded the Nobel Prize in Chemistry for 2022?",Morten Meldal,Morten Meldal,1,3,freshqa,2022,propagated from verified-faithful paraphrase,propagated from verified-faithful paraphrase,TIMELESS,463668.0288426783,rerun_24h,4,2,2,1
p_q_3853dba1_0,heldout_400,1,1,q_3853dba1,The National Trust property Clouds Hill in Dorset was the home of which military man and writer?,"Which military member and author lived on Clouds Hill, a National Trust grounds in Dorset?","Which military member and author lived on Clouds Hill, a National Trust grounds in Dorset?",T E LAWRENCE,T E LAWRENCE,1,12,triviaqa,,propagated from verified-faithful paraphrase,propagated from verified-faithful paraphrase,TIMELESS,152936.23451846413,rerun_24h,1,1,1,1
p_q_a4aacc0f_1,heldout_400,1,1,q_a4aacc0f,What colour is copper sulphate?,What shade does copper sulphate possess?,What shade does copper sulphate possess?,BLUE,BLUE,1,12,triviaqa,,propagated from verified-faithful paraphrase,propagated from verified-faithful paraphrase,TIMELESS,568296.9743620078,rerun_24h,1,1,1,1
p_q_3dd86b7b_2,heldout_400,1,1,q_3dd86b7b,What was the name given to actions by Timothy McVeigh on 19 April 1995 at the Alfred P. Murrah Federal Building?,What was the expression used to describe Timothy McVeigh's actions on 19 April 1995 at the Alfred P. Murrah Federal Building?,What was the expression used to describe Timothy McVeigh's actions on 19 April 1995 at the Alfred P. Murrah Federal Building?,The Oklahoma City bombing,The Oklahoma City bombing,1,12,triviaqa,,propagated from verified-faithful paraphrase,propagated from verified-faithful paraphrase,TIMELESS,289319.07515348546,rerun_24h,1,1,1,1
p_q_ac141dc0_1,heldout_400,1,1,q_ac141dc0,"Which sport features line-outs, scrums and conversions?","What sporting event incorporates line-outs, scrums and conversions?","What sporting event incorporates line-outs, scrums and conversions?",Rugby,Rugby,1,4,triviaqa,,propagated from verified-faithful paraphrase,propagated from verified-faithful paraphrase,TIMELESS,342632.79171648313,rerun_24h,2,2,2,1
p_q_3b2665fb_0,heldout_400,1,1,q_3b2665fb,Who wrote the musical We Will Rock You in collaboration with Queen members Brian May and Roger Taylor?,With whom did the musical We Will Rock You collaborate with Brian May and Roger Taylor?,With whom did the musical We Will Rock You collaborate with Brian May and Roger Taylor?,Ben Elton,Ben Elton,1,4,triviaqa,,propagated from verified-faithful paraphrase,propagated from verified-faithful paraphrase,TIMELESS,470741.43305857934,rerun_24h,1,1,1,1
p_q_bad81eda_3,heldout_400,1,1,q_bad81eda,"'Blurred Lines' was the biggest selling single record of 2013, who recorded it?","What is the name of the singer who made 'Blurred Lines', top-selling single record in 2013?","What is the name of the singer who made 'Blurred Lines', top-selling single record in 2013?",Robin Thicke,Robin Thicke,1,4,triviaqa,,propagated from verified-faithful paraphrase,propagated from verified-faithful paraphrase,TIMELESS,239556.27600472595,rerun_24h,2,2,2,1
p_q_87ca114c_2,heldout_400,1,1,q_87ca114c,For which daily newspaper does Frederick Forsyth write?,What is the name of the daily newspaper that Frederick Forsyth writes for?,What is the name of the daily newspaper that Frederick Forsyth writes for?,Daily Express,Daily Express,1,12,triviaqa,,propagated from verified-faithful paraphrase,propagated from verified-faithful paraphrase,TIMELESS,321327.6034834439,rerun_24h,2,2,2,1
p_q_bd3621d0_0,heldout_400,1,1,q_bd3621d0,In which year was the Aberfan Disaster?,At what time did the Aberfan Disaster occur?,At what time did the Aberfan Disaster occur?,1966,1966,1,3,triviaqa,,propagated from verified-faithful paraphrase,propagated from verified-faithful paraphrase,TIMELESS,328053.2274356617,rerun_24h,1,1,1,1
p_q_f618e806_0,heldout_400,1,1,q_f618e806,In which US city is the National Air and Space Museum?,In which American city is the National Air and Space Museum situated?,In which American city is the National Air and Space Museum situated?,Washington,Washington,1,12,triviaqa,,propagated from verified-faithful paraphrase,propagated from verified-faithful paraphrase,TIMELESS,310402.54204292386,rerun_24h,1,1,1,1
p_q_cd6b4ea7_1,heldout_400,1,1,q_cd6b4ea7,"""In 1985 the Greenpeace protest ship """"Rainbow Warrior"""" was bombed and sunk by French agents in which harbour?""","What harbor did the Greenpeace protest ship ""Rainbow Warrior"" sink after being bombed by French agents in 1985?","What harbor did the Greenpeace protest ship ""Rainbow Warrior"" sink after being bombed by French agents in 1985?","Auckland, New Zealand","Auckland, New Zealand",1,12,triviaqa,,propagated from verified-faithful paraphrase,propagated from verified-faithful paraphrase,TIMELESS,497510.84265361005,rerun_24h,1,1,1,1
p_q_44d9dff7_3,heldout_400,1,1,q_44d9dff7,At which battle of 1403 did Henry 'Hotspur' Percy die?,During which battle of 1403 did Henry 'Hotspur' Percy pass away?,During which battle of 1403 did Henry 'Hotspur' Percy pass away?,Shrewsbury,Shrewsbury,1,12,triviaqa,,propagated from verified-faithful paraphrase,propagated from verified-faithful paraphrase,TIMELESS,534039.7143210177,rerun_24h,2,2,2,1
p_q_f7de9f4e_0,heldout_400,1,1,q_f7de9f4e,Which Formula One Grand Prix Circuit has corners named Anthony Noghes and La Rascasse?,In which Grand Prix Circuit of Formula One is Anthony Noghes and La Rascasse the corners named?,In which Grand Prix Circuit of Formula One is Anthony Noghes and La Rascasse the corners named?,Monaco,Monaco,1,12,triviaqa,,propagated from verified-faithful paraphrase,propagated from verified-faithful paraphrase,TIMELESS,511870.9672526544,rerun_24h,1,1,1,1
p_q_0263c2b0_2,heldout_400,1,1,q_0263c2b0,The River Thames has its source in which county?,From which county does the River Thames flow?,From which county does the River Thames flow?,Gloucestershire,Gloucestershire,1,12,triviaqa,,propagated from verified-faithful paraphrase,propagated from verified-faithful paraphrase,TIMELESS,198642.95046139785,rerun_24h,1,1,1,1
p_q_96b1bf1a_1,heldout_400,1,1,q_96b1bf1a,Who was captain of the England men's cricket team during the 2015 One Day International World Cup?,Who led the England men's cricket team in the One Day International World Cup of 2015?,Who led the England men's cricket team in the One Day International World Cup of 2015?,Eoin) MORGAN,Eoin) MORGAN,1,4,triviaqa,,propagated from verified-faithful paraphrase,propagated from verified-faithful paraphrase,TIMELESS,401672.57669100136,rerun_24h,1,1,1,1
p_q_bd9e6870_0,heldout_400,1,1,q_bd9e6870,"Which architect, President of the Royal Academy from 2004 to 2011, is responsible for the National Space Centre in Leicester and the Eden Project in Cornwall?",Which architect was designated as the President of the Royal Academy from 2004 to 2011 and has had management roles for the National Space Centre in Leicester and the Eden Project situated in Cornwall?,Which architect was designated as the President of the Royal Academy from 2004 to 2011 and has had management roles for the National Space Centre in Leicester and the Eden Project situated in Cornwall?,SIR NICHOLAS GRIMSHAW,SIR NICHOLAS GRIMSHAW,1,6,triviaqa,,propagated from verified-faithful paraphrase,,TIMELESS,587842.6980908558,rerun_24h,2,2,2,1
p_q_c83007d1_2,heldout_400,1,1,q_c83007d1,Which 13th century English philosopher and scientist was known as 'Doctor Mirabilis'?,"Who did 'Doctor Mirabilis', the famous philosopher and scientist of 13th century England?","Who did 'Doctor Mirabilis', the famous philosopher and scientist of 13th century England?",ROGER BACON,ROGER BACON,1,11,triviaqa,,propagated from verified-faithful paraphrase,propagated from verified-faithful paraphrase,TIMELESS,551625.9070852337,rerun_24h,1,1,1,1
p_q_23265c46_2,heldout_400,1,1,q_23265c46,El Capitan was free climbed is January 2015 - in which US National Park is it found?,"Which US national park where I can find El Capitan in January 2015, free climbing?","Which US national park where I can find El Capitan in January 2015, free climbing?",YOSEMITE,YOSEMITE,1,12,triviaqa,,propagated from verified-faithful paraphrase,propagated from verified-faithful paraphrase,TIMELESS,273981.7025692391,rerun_24h,1,1,1,1
p_q_cd2a5fda_2,heldout_400,1,1,q_cd2a5fda,How many years did it take for the population of the world to reach 8 billion from 7 billion?,How many years did it take for the world's population to increase from 7 billion to 8 billion?,How many years did it take for the world's population to increase from 7 billion to 8 billion?,11 years,11 years,1,1,freshqa,2022,propagated from verified-faithful paraphrase,propagated from verified-faithful paraphrase,TIMELESS,587143.158940574,rerun_24h,3,2,2,1
p_q_df76af12_0,heldout_400,1,1,q_df76af12,Two shipping forecast areas touch the coast of Denmark: German Bight and which other?,Two estimated shipping forecast areas border the coast of Denmark; German Bight and another place?,Two estimated shipping forecast areas border the coast of Denmark; German Bight and another place?,Fisher,Fisher,1,4,triviaqa,,propagated from verified-faithful paraphrase,propagated from verified-faithful paraphrase,TIMELESS,310783.4854247668,rerun_24h,1,1,1,1
q_32711fba,heldout_400,1,0,q_32711fba,Who was Britain’s Prime Minister before Winston Churchill’s first term in office?,,Who was Britain’s Prime Minister before Winston Churchill’s first term in office?,Neville Chamberlain,Neville Chamberlain,1,10,triviaqa,,,,TIMELESS,74063.61982676137,rerun_12h,1,1,1,1
q_10c25152,heldout_400,1,0,q_10c25152,Who was appointed the first woman cabinet minister in the UK?,,Who was appointed the first woman cabinet minister in the UK?,Margaret Bondfield,Margaret Bondfield,1,4,triviaqa,,,,TIMELESS,290483.75836256926,rerun_24h,1,1,1,1
q_e7deca78,heldout_400,1,0,q_e7deca78,"""When Johnny Weissmuller left a championship career in sport to star in """"Tarzan"""" films, what sport did he leave?""",,"""When Johnny Weissmuller left a championship career in sport to star in """"Tarzan"""" films, what sport did he leave?""",Swimming,Swimming,1,5,triviaqa,,,,TIMELESS,4760.805960417077,rerun_1h,1,1,1,1
q_5f279acb,heldout_400,1,0,q_5f279acb,Which city was the capital of California the year it became a state?,,Which city was the capital of California the year it became a state?,San Jose,San Jose,1,4,freshqa,before 2022,,,TIMELESS,32344.131815876997,rerun_1h,1,1,1,1
q_00b36de6,heldout_400,1,0,q_00b36de6,Which game has the nickname 'Nero's Game' and is probably the oldest dice game still played?,,Which game has the nickname 'Nero's Game' and is probably the oldest dice game still played?,BACKGAMMON,BACKGAMMON,1,12,triviaqa,,,,TIMELESS,260151.69288321218,rerun_24h,1,1,1,1
q_fdca6dd5,heldout_400,1,0,q_fdca6dd5,What colour are post/mail boxes in Morocco?,,What colour are post/mail boxes in Morocco?,Yellow,Yellow,1,12,triviaqa,,,,TIMELESS,63856.55468335728,rerun_12h,1,1,1,1
q_440c74b3,heldout_400,1,0,q_440c74b3,Odette and Prince Siegfried are lovers in which ballet?,,Odette and Prince Siegfried are lovers in which ballet?,SWAN LAKE,SWAN LAKE,1,12,triviaqa,,,,TIMELESS,39684.02963511908,rerun_1h,1,1,1,1
q_4efb2d83,heldout_400,1,0,q_4efb2d83,"What name was given to Colleen LaRose, who was accused of conspiring with fighters overseas and pledging to commit murder in the name of a Muslim holy war, and pleaded not guilty in court in Philadelphia in March 2010?",,"What name was given to Colleen LaRose, who was accused of conspiring with fighters overseas and pledging to commit murder in the name of a Muslim holy war, and pleaded not guilty in court in Philadelphia in March 2010?",Jihad Jane,Jihad Jane,1,12,triviaqa,,,,TIMELESS,134082.24622437643,rerun_24h,2,2,2,1
q_0e3fb3ca,heldout_400,1,0,q_0e3fb3ca,"What famous event for daredevils happens in Pamplona, Spain?",,"What famous event for daredevils happens in Pamplona, Spain?",Running of the Bulls,Running of the Bulls,1,11,triviaqa,,,,TIMELESS,167350.6026443889,rerun_24h,2,2,2,1
q_e3c14282,heldout_400,1,0,q_e3c14282,Which tendon joins the calf muscle to the heel bone,,Which tendon joins the calf muscle to the heel bone,Achilles,Achilles,1,12,triviaqa,,,,TIMELESS,56817.18914817689,rerun_12h,1,1,1,1
q_db354b10,heldout_400,1,0,q_db354b10,Which four-letter word means ‘the prong of a fork’?,,Which four-letter word means ‘the prong of a fork’?,TINE,TINE,1,12,triviaqa,,,,TIMELESS,34379.84085185857,rerun_1h,2,2,2,1
q_450e7484,heldout_400,1,0,q_450e7484,"How high in feet, normally, is a standard basketball hoop off the ground?",,"How high in feet, normally, is a standard basketball hoop off the ground?",Ten feet,Ten feet,1,4,triviaqa,,,,TIMELESS,132966.03255604545,rerun_24h,2,2,1,0
q_09b65984,heldout_400,1,0,q_09b65984,What is the chemical compound Calcium Oxide commonly known as?,,What is the chemical compound Calcium Oxide commonly known as?,Quicklime (or burnt lime),Quicklime (or burnt lime),1,2,triviaqa,,,,TIMELESS,26290.08748185058,rerun_1h,2,2,2,1
q_21593fd1,heldout_400,1,0,q_21593fd1,"""The album """"Good Girl Gone Bad"""" was the number 1 selling album in the UK in 2009 with sales of 1.5 million. Who was the singer?""",,"""The album """"Good Girl Gone Bad"""" was the number 1 selling album in the UK in 2009 with sales of 1.5 million. Who was the singer?""",RIHANNA,RIHANNA,1,12,triviaqa,,,,TIMELESS,23587.045712989693,rerun_1h,1,1,1,1
q_e2f9f525,heldout_400,1,0,q_e2f9f525,Who is currently representing the 3rd congressional district of Nebraska in the U.S. House of Representatives?,,Who is currently representing the 3rd congressional district of Nebraska in the U.S. House of Representatives?,Adrian Smith,Adrian Smith,1,1,temporal_align_qa,2023,latest annotated year in the answer dictionary,latest annotated year in the answer dictionary,SLOW,200129.65286811342,rerun_24h,2,2,2,1
p_q_54cc8f89_3,heldout_400,1,1,q_54cc8f89,Who is the top scorer in the current Allsvenskan season?,"As far as goal counts go, who is the top scorer of today's Allsvenska season?","As far as goal counts go, who is the top scorer of today's Allsvenska season?",Sweden Isaac Kiese Thelin,Sweden Isaac Kiese Thelin,1,1,temporal_align_qa,2023,propagated from verified-faithful paraphrase,propagated from verified-faithful paraphrase,FAST,501470.91033744614,rerun_24h,2,2,1,0
p_q_4913788c_1,heldout_400,1,1,q_4913788c,What role is performed by the latest aircraft type added to the Executive Transport Wing of the German Air Force?,"As per the latest aircraft type added to the Executive Transport Wing of the German Air Force, what function does it carry out?","As per the latest aircraft type added to the Executive Transport Wing of the German Air Force, what function does it carry out?",Medical evacuation,Medical evacuation,1,7,temporal_align_qa,2023,propagated from verified-faithful paraphrase,propagated from verified-faithful paraphrase,SLOW,533101.9394430639,rerun_24h,1,1,1,1
q_92b21278,heldout_400,1,0,q_92b21278,Who is currently serving as Lord Mayor of Cork?,,Who is currently serving as Lord Mayor of Cork?,Kieran McCarthy,Kieran McCarthy,1,1,temporal_align_qa,2023,latest annotated year in the answer dictionary,latest annotated year in the answer dictionary,FAST,174053.4108115977,rerun_24h,1,1,1,1
p_q_56a62a28_2,heldout_400,1,1,q_56a62a28,What is the title of the book that won the Ethel Turner Prize for Young People's Literature recently?,"Recently, what book was recognized for winning the Ethel Turner Prize in Young People's Literature?","Recently, what book was recognized for winning the Ethel Turner Prize in Young People's Literature?",The Upwelling,The Upwelling,1,1,temporal_align_qa,2023,propagated from verified-faithful paraphrase,propagated from verified-faithful paraphrase,FAST,325199.750398998,rerun_24h,2,2,2,1
p_q_e6bc0a36_3,heldout_400,1,1,q_e6bc0a36,What is the title of the most recent Christina Stead Prize for Fiction winning book?,What was the fiction book that secured the last Christina Stead Prize?,What was the fiction book that secured the last Christina Stead Prize?,Women I Know,Women I Know,1,1,temporal_align_qa,2023,propagated from verified-faithful paraphrase,propagated from verified-faithful paraphrase,FAST,435283.8505483503,rerun_24h,2,2,2,1
q_f1d321db,heldout_400,1,0,q_f1d321db,Which player is batting third for the Miami Marlins in their most recent opening day game?,,Which player is batting third for the Miami Marlins in their most recent opening day game?,Garrett Cooper 1B,Garrett Cooper 1B,1,1,temporal_align_qa,2023,latest annotated year in the answer dictionary,latest annotated year in the answer dictionary,MEDIUM,67538.99782638896,rerun_12h,2,2,2,1
p_q_41540d4e_1,heldout_400,1,1,q_41540d4e,What unusual means of transport connects North Greenwich to the Royal Docks?,What an extraordinary ways of proximate the Royal Docks in North Greenwich?,What an extraordinary ways of proximate the Royal Docks in North Greenwich?,Cable Car,Cable Car,1,10,triviaqa,,propagated from verified-faithful paraphrase,propagated from verified-faithful paraphrase,TIMELESS,466798.1831759799,rerun_24h,1,1,1,1
