unit_id,base_query_id,snapshot_round,n_requests,gold_source,original_gold_year,volatility,years_annotated,latest_annotated_year,years_gap_to_corpus,stable_across_annotated_years,gold_equals_latest_annotated,gold_differs_from_some_annotated_year
q_008dbbf5@rerun_24h,q_008dbbf5,rerun_24h,1,triviaqa,,NOT_TIME_KEYED,,,,,,
q_0095371b@rerun_24h,q_0095371b,rerun_24h,1,temporal_align_qa,2023,VOLATILE,"2000,2001,2002,2003,2004,2005,2006,2007,2008,2009,2010,2011,2012,2013,2014,2015,2016,2017,2018,2019,2020,2021,2022,2023",2023,3,0,1,1
q_00b36de6@rerun_24h,q_00b36de6,rerun_24h,1,triviaqa,,NOT_TIME_KEYED,,,,,,
q_01679395@rerun_24h,q_01679395,rerun_24h,1,temporal_align_qa,2023,VOLATILE,"2000,2001,2002,2003,2004,2005,2006,2007,2008,2009,2010,2011,2012,2013,2014,2015,2016,2017,2018,2019,2020,2021,2022,2023",2023,3,0,1,1
q_01db3ce8@rerun_24h,q_01db3ce8,rerun_24h,1,triviaqa,,NOT_TIME_KEYED,,,,,,
q_0263c2b0@rerun_24h,q_0263c2b0,rerun_24h,1,triviaqa,,NOT_TIME_KEYED,,,,,,
q_02665be9@rerun_24h,q_02665be9,rerun_24h,1,temporal_align_qa,2023,VOLATILE,"2000,2001,2002,2003,2004,2005,2006,2007,2008,2009,2010,2011,2012,2013,2014,2015,2016,2017,2018,2019,2020,2021,2022,2023",2023,3,0,1,1
q_02819f41@rerun_24h,q_02819f41,rerun_24h,1,temporal_align_qa,2023,VOLATILE,"2000,2001,2002,2003,2004,2005,2006,2007,2008,2009,2010,2011,2012,2013,2014,2015,2016,2017,2018,2019,2020,2021,2022,2023",2023,3,0,1,1
q_02895ac6@rerun_24h,q_02895ac6,rerun_24h,1,temporal_align_qa,2023,VOLATILE,"2000,2001,2002,2003,2004,2005,2006,2007,2008,2009,2010,2011,2012,2013,2014,2015,2016,2017,2018,2019,2020,2021,2022,2023",2023,3,0,1,1
q_02dd7c17@rerun_1h,q_02dd7c17,rerun_1h,1,temporal_align_qa,2023,VOLATILE,"2000,2001,2002,2003,2004,2005,2006,2007,2008,2009,2010,2011,2012,2013,2014,2015,2016,2017,2018,2019,2020,2021,2022,2023",2023,3,0,1,1
q_02fa4ec7@rerun_12h,q_02fa4ec7,rerun_12h,1,temporal_align_qa,2023,VOLATILE,"2000,2001,2002,2003,2004,2005,2006,2007,2008,2009,2010,2011,2012,2013,2014,2015,2016,2017,2018,2019,2020,2021,2022,2023",2023,3,0,1,1
q_032b7664@rerun_12h,q_032b7664,rerun_12h,1,temporal_align_qa,2023,VOLATILE,"2000,2001,2002,2003,2004,2005,2006,2007,2008,2009,2010,2011,2012,2013,2014,2015,2016,2017,2018,2019,2020,2021,2022,2023",2023,3,0,1,1
q_039dd524@rerun_24h,q_039dd524,rerun_24h,2,temporal_align_qa,2023,VOLATILE,"2000,2001,2002,2003,2004,2005,2006,2007,2008,2009,2010,2011,2012,2013,2014,2015,2016,2017,2018,2019,2020,2021,2022,2023",2023,3,0,1,1
q_03f72c57@rerun_24h,q_03f72c57,rerun_24h,1,temporal_align_qa,2023,VOLATILE,"2000,2001,2002,2003,2004,2005,2006,2007,2008,2009,2010,2011,2012,2013,2014,2015,2016,2017,2018,2019,2020,2021,2022,2023",2023,3,0,1,1
q_04a0842f@rerun_24h,q_04a0842f,rerun_24h,1,freshqa,2022,SINGLE_YEAR,2022,2022,4,,1,
q_04a7276c@rerun_24h,q_04a7276c,rerun_24h,1,triviaqa,,NOT_TIME_KEYED,,,,,,
q_04bb5dc1@rerun_24h,q_04bb5dc1,rerun_24h,1,temporal_align_qa,2023,VOLATILE,"2000,2001,2002,2003,2004,2005,2006,2007,2008,2009,2010,2011,2012,2013,2014,2015,2016,2017,2018,2019,2020,2021,2022,2023",2023,3,0,1,1
q_056f7935@rerun_24h,q_056f7935,rerun_24h,1,temporal_align_qa,2023,VOLATILE,"2000,2001,2002,2003,2004,2005,2006,2007,2008,2009,2010,2011,2012,2013,2014,2015,2016,2017,2018,2019,2020,2021,2022,2023",2023,3,0,1,1
q_06267d08@rerun_24h,q_06267d08,rerun_24h,1,temporal_align_qa,2023,VOLATILE,"2000,2001,2002,2003,2004,2005,2006,2007,2008,2009,2010,2011,2012,2013,2014,2015,2016,2017,2018,2019,2020,2021,2022,2023",2023,3,0,1,1
q_06c15fe9@rerun_24h,q_06c15fe9,rerun_24h,1,triviaqa,,NOT_TIME_KEYED,,,,,,
q_083bf58e@rerun_24h,q_083bf58e,rerun_24h,1,temporal_align_qa,2023,VOLATILE,"2000,2001,2002,2003,2004,2005,2006,2007,2008,2009,2010,2011,2012,2013,2014,2015,2016,2017,2018,2019,2020,2021,2022,2023",2023,3,0,1,1
q_0862570f@rerun_24h,q_0862570f,rerun_24h,1,temporal_align_qa,2023,VOLATILE,"2000,2001,2002,2003,2004,2005,2006,2007,2008,2009,2010,2011,2012,2013,2014,2015,2016,2017,2018,2019,2020,2021,2022,2023",2023,3,0,1,1
q_0899721b@rerun_24h,q_0899721b,rerun_24h,1,temporal_align_qa,2023,VOLATILE,"2000,2001,2002,2003,2004,2005,2006,2007,2008,2009,2010,2011,2012,2013,2014,2015,2016,2017,2018,2019,2020,2021,2022,2023",2023,3,0,1,1
q_091915f0@rerun_24h,q_091915f0,rerun_24h,1,temporal_align_qa,2023,VOLATILE,"2000,2001,2002,2003,2004,2005,2006,2007,2008,2009,2010,2011,2012,2013,2014,2015,2016,2017,2018,2019,2020,2021,2022,2023",2023,3,0,1,1
q_091c3460@rerun_24h,q_091c3460,rerun_24h,1,temporal_align_qa,2023,VOLATILE,"2000,2001,2002,2003,2004,2005,2006,2007,2008,2009,2010,2011,2012,2013,2014,2015,2016,2017,2018,2019,2020,2021,2022,2023",2023,3,0,1,1
q_093b18d5@rerun_24h,q_093b18d5,rerun_24h,1,temporal_align_qa,2023,VOLATILE,"2000,2001,2002,2003,2004,2005,2006,2007,2008,2009,2010,2011,2012,2013,2014,2015,2016,2017,2018,2019,2020,2021,2022,2023",2023,3,0,1,1
q_09b65984@rerun_1h,q_09b65984,rerun_1h,1,triviaqa,,NOT_TIME_KEYED,,,,,,
q_0a3d5709@rerun_24h,q_0a3d5709,rerun_24h,1,temporal_align_qa,2023,VOLATILE,"2000,2001,2002,2003,2004,2005,2006,2007,2008,2009,2010,2011,2012,2013,2014,2015,2016,2017,2018,2019,2020,2021,2022,2023",2023,3,0,1,1
q_0a45943e@rerun_24h,q_0a45943e,rerun_24h,1,triviaqa,,NOT_TIME_KEYED,,,,,,
q_0a6fd0c3@rerun_24h,q_0a6fd0c3,rerun_24h,2,temporal_align_qa,2023,VOLATILE,"2000,2001,2002,2003,2004,2005,2006,2007,2008,2009,2010,2011,2012,2013,2014,2015,2016,2017,2018,2019,2020,2021,2022,2023",2023,3,0,1,1
q_0abe1d0e@rerun_24h,q_0abe1d0e,rerun_24h,1,temporal_align_qa,2023,VOLATILE,"2000,2001,2002,2003,2004,2005,2006,2007,2008,2009,2010,2011,2012,2013,2014,2015,2016,2017,2018,2019,2020,2021,2022,2023",2023,3,0,1,1
q_0b649394@rerun_24h,q_0b649394,rerun_24h,1,triviaqa,,NOT_TIME_KEYED,,,,,,
q_0bf77f06@rerun_24h,q_0bf77f06,rerun_24h,1,temporal_align_qa,2023,VOLATILE,"2000,2001,2002,2003,2004,2005,2006,2007,2008,2009,2010,2011,2012,2013,2014,2015,2016,2017,2018,2019,2020,2021,2022,2023",2023,3,0,1,1
q_0c3fca22@rerun_24h,q_0c3fca22,rerun_24h,1,triviaqa,,NOT_TIME_KEYED,,,,,,
q_0c4788f0@rerun_24h,q_0c4788f0,rerun_24h,2,triviaqa,,NOT_TIME_KEYED,,,,,,
q_0c61ace3@rerun_24h,q_0c61ace3,rerun_24h,1,temporal_align_qa,2023,VOLATILE,"2000,2001,2002,2003,2004,2005,2006,2007,2008,2009,2010,2011,2012,2013,2014,2015,2016,2017,2018,2019,2020,2021,2022,2023",2023,3,0,1,1
q_0c7e44a5@rerun_24h,q_0c7e44a5,rerun_24h,2,temporal_align_qa,2023,VOLATILE,"2000,2001,2002,2003,2004,2005,2006,2007,2008,2009,2010,2011,2012,2013,2014,2015,2016,2017,2018,2019,2020,2021,2022,2023",2023,3,0,1,1
q_0d1a4b7c@rerun_24h,q_0d1a4b7c,rerun_24h,1,temporal_align_qa,2023,VOLATILE,"2000,2001,2002,2003,2004,2005,2006,2007,2008,2009,2010,2011,2012,2013,2014,2015,2016,2017,2018,2019,2020,2021,2022,2023",2023,3,0,1,1
q_0da13098@rerun_24h,q_0da13098,rerun_24h,1,temporal_align_qa,2023,VOLATILE,"2000,2001,2002,2003,2004,2005,2006,2007,2008,2009,2010,2011,2012,2013,2014,2015,2016,2017,2018,2019,2020,2021,2022,2023",2023,3,0,1,1
q_0df35e70@rerun_24h,q_0df35e70,rerun_24h,1,temporal_align_qa,2023,VOLATILE,"2000,2001,2002,2003,2004,2005,2006,2007,2008,2009,2010,2011,2012,2013,2014,2015,2016,2017,2018,2019,2020,2021,2022,2023",2023,3,0,1,1
q_0e39d599@rerun_24h,q_0e39d599,rerun_24h,1,temporal_align_qa,2023,VOLATILE,"2000,2001,2002,2003,2004,2005,2006,2007,2008,2009,2010,2011,2012,2013,2014,2015,2016,2017,2018,2019,2020,2021,2022,2023",2023,3,0,1,1
q_0e3fb3ca@rerun_24h,q_0e3fb3ca,rerun_24h,2,triviaqa,,NOT_TIME_KEYED,,,,,,
q_0f14ed28@rerun_24h,q_0f14ed28,rerun_24h,1,triviaqa,,NOT_TIME_KEYED,,,,,,
q_10399b97@rerun_24h,q_10399b97,rerun_24h,1,temporal_align_qa,2023,VOLATILE,"2000,2001,2002,2003,2004,2005,2006,2007,2008,2009,2010,2011,2012,2013,2014,2015,2016,2017,2018,2019,2020,2021,2022,2023",2023,3,0,1,1
q_10c25152@rerun_24h,q_10c25152,rerun_24h,2,triviaqa,,NOT_TIME_KEYED,,,,,,
q_10fbddc5@rerun_24h,q_10fbddc5,rerun_24h,1,temporal_align_qa,2023,VOLATILE,"2000,2001,2002,2003,2004,2005,2006,2007,2008,2009,2010,2011,2012,2013,2014,2015,2016,2017,2018,2019,2020,2021,2022,2023",2023,3,0,1,1
q_113fc559@rerun_24h,q_113fc559,rerun_24h,1,temporal_align_qa,2023,VOLATILE,"2000,2001,2002,2003,2004,2005,2006,2007,2008,2009,2010,2011,2012,2013,2014,2015,2016,2017,2018,2019,2020,2021,2022,2023",2023,3,0,1,1
q_12d05949@rerun_24h,q_12d05949,rerun_24h,1,temporal_align_qa,2023,VOLATILE,"2000,2001,2002,2003,2004,2005,2006,2007,2008,2009,2010,2011,2012,2013,2014,2015,2016,2017,2018,2019,2020,2021,2022,2023",2023,3,0,1,1
q_134739ad@rerun_24h,q_134739ad,rerun_24h,2,temporal_align_qa,2023,VOLATILE,"2000,2001,2002,2003,2004,2005,2006,2007,2008,2009,2010,2011,2012,2013,2014,2015,2016,2017,2018,2019,2020,2021,2022,2023",2023,3,0,1,1
q_134c8d29@rerun_24h,q_134c8d29,rerun_24h,1,temporal_align_qa,2023,VOLATILE,"2000,2001,2002,2003,2004,2005,2006,2007,2008,2009,2010,2011,2012,2013,2014,2015,2016,2017,2018,2019,2020,2021,2022,2023",2023,3,0,1,1
q_1387f241@rerun_24h,q_1387f241,rerun_24h,1,temporal_align_qa,2023,VOLATILE,"2000,2001,2002,2003,2004,2005,2006,2007,2008,2009,2010,2011,2012,2013,2014,2015,2016,2017,2018,2019,2020,2021,2022,2023",2023,3,0,1,1
q_13a1eaa3@rerun_24h,q_13a1eaa3,rerun_24h,1,temporal_align_qa,2023,VOLATILE,"2000,2001,2002,2003,2004,2005,2006,2007,2008,2009,2010,2011,2012,2013,2014,2015,2016,2017,2018,2019,2020,2021,2022,2023",2023,3,0,1,1
q_13b3027b@rerun_24h,q_13b3027b,rerun_24h,1,temporal_align_qa,2023,VOLATILE,"2000,2001,2002,2003,2004,2005,2006,2007,2008,2009,2010,2011,2012,2013,2014,2015,2016,2017,2018,2019,2020,2021,2022,2023",2023,3,0,1,1
q_13dd3bf9@rerun_24h,q_13dd3bf9,rerun_24h,1,temporal_align_qa,2023,VOLATILE,"2000,2001,2002,2003,2004,2005,2006,2007,2008,2009,2010,2011,2012,2013,2014,2015,2016,2017,2018,2019,2020,2021,2022,2023",2023,3,0,1,1
q_145203c8@rerun_24h,q_145203c8,rerun_24h,1,temporal_align_qa,2023,VOLATILE,"2000,2001,2002,2003,2004,2005,2006,2007,2008,2009,2010,2011,2012,2013,2014,2015,2016,2017,2018,2019,2020,2021,2022,2023",2023,3,0,1,1
q_14607683@rerun_24h,q_14607683,rerun_24h,2,temporal_align_qa,2023,VOLATILE,"2000,2001,2002,2003,2004,2005,2006,2007,2008,2009,2010,2011,2012,2013,2014,2015,2016,2017,2018,2019,2020,2021,2022,2023",2023,3,0,1,1
q_1480c99d@rerun_24h,q_1480c99d,rerun_24h,1,temporal_align_qa,2023,VOLATILE,"2000,2001,2002,2003,2004,2005,2006,2007,2008,2009,2010,2011,2012,2013,2014,2015,2016,2017,2018,2019,2020,2021,2022,2023",2023,3,0,1,1
q_14993a2f@rerun_24h,q_14993a2f,rerun_24h,1,temporal_align_qa,2023,VOLATILE,"2000,2001,2002,2003,2004,2005,2006,2007,2008,2009,2010,2011,2012,2013,2014,2015,2016,2017,2018,2019,2020,2021,2022,2023",2023,3,0,1,1
q_15c4dc42@rerun_24h,q_15c4dc42,rerun_24h,1,temporal_align_qa,2023,VOLATILE,"2000,2001,2002,2003,2004,2005,2006,2007,2008,2009,2010,2011,2012,2013,2014,2015,2016,2017,2018,2019,2020,2021,2022,2023",2023,3,0,1,1
q_15c687de@rerun_24h,q_15c687de,rerun_24h,1,temporal_align_qa,2023,VOLATILE,"2000,2001,2002,2003,2004,2005,2006,2007,2008,2009,2010,2011,2012,2013,2014,2015,2016,2017,2018,2019,2020,2021,2022,2023",2023,3,0,1,1
q_16bfd035@rerun_24h,q_16bfd035,rerun_24h,1,temporal_align_qa,2023,VOLATILE,"2000,2001,2002,2003,2004,2005,2006,2007,2008,2009,2010,2011,2012,2013,2014,2015,2016,2017,2018,2019,2020,2021,2022,2023",2023,3,0,1,1
q_16e427cd@rerun_24h,q_16e427cd,rerun_24h,2,triviaqa,,NOT_TIME_KEYED,,,,,,
q_16f7110e@rerun_24h,q_16f7110e,rerun_24h,1,temporal_align_qa,2023,VOLATILE,"2000,2001,2002,2003,2004,2005,2006,2007,2008,2009,2010,2011,2012,2013,2014,2015,2016,2017,2018,2019,2020,2021,2022,2023",2023,3,0,1,1
q_1719b6dd@rerun_24h,q_1719b6dd,rerun_24h,1,temporal_align_qa,2023,VOLATILE,"2000,2001,2002,2003,2004,2005,2006,2007,2008,2009,2010,2011,2012,2013,2014,2015,2016,2017,2018,2019,2020,2021,2022,2023",2023,3,0,1,1
q_177880b1@rerun_24h,q_177880b1,rerun_24h,1,temporal_align_qa,2023,VOLATILE,"2000,2001,2002,2003,2004,2005,2006,2007,2008,2009,2010,2011,2012,2013,2014,2015,2016,2017,2018,2019,2020,2021,2022,2023",2023,3,0,1,1
q_17f33f25@rerun_24h,q_17f33f25,rerun_24h,1,freshqa,before 2022,SINGLE_YEAR,before 2022,before 2022,,,1,
q_180c42e7@rerun_24h,q_180c42e7,rerun_24h,1,temporal_align_qa,2023,VOLATILE,"2000,2001,2002,2003,2004,2005,2006,2007,2008,2009,2010,2011,2012,2013,2014,2015,2016,2017,2018,2019,2020,2021,2022,2023",2023,3,0,1,1
q_1816d40e@rerun_24h,q_1816d40e,rerun_24h,1,temporal_align_qa,2023,VOLATILE,"2000,2001,2002,2003,2004,2005,2006,2007,2008,2009,2010,2011,2012,2013,2014,2015,2016,2017,2018,2019,2020,2021,2022,2023",2023,3,0,1,1
q_18279081@rerun_24h,q_18279081,rerun_24h,1,temporal_align_qa,2023,VOLATILE,"2000,2001,2002,2003,2004,2005,2006,2007,2008,2009,2010,2011,2012,2013,2014,2015,2016,2017,2018,2019,2020,2021,2022,2023",2023,3,0,1,1
q_18350211@rerun_24h,q_18350211,rerun_24h,1,temporal_align_qa,2023,VOLATILE,"2000,2001,2002,2003,2004,2005,2006,2007,2008,2009,2010,2011,2012,2013,2014,2015,2016,2017,2018,2019,2020,2021,2022,2023",2023,3,0,1,1
q_18c91502@rerun_24h,q_18c91502,rerun_24h,1,triviaqa,,NOT_TIME_KEYED,,,,,,
q_18f5cfa8@rerun_24h,q_18f5cfa8,rerun_24h,1,temporal_align_qa,2023,VOLATILE,"2000,2001,2002,2003,2004,2005,2006,2007,2008,2009,2010,2011,2012,2013,2014,2015,2016,2017,2018,2019,2020,2021,2022,2023",2023,3,0,1,1
q_19312ca9@rerun_24h,q_19312ca9,rerun_24h,1,temporal_align_qa,2023,VOLATILE,"2000,2001,2002,2003,2004,2005,2006,2007,2008,2009,2010,2011,2012,2013,2014,2015,2016,2017,2018,2019,2020,2021,2022,2023",2023,3,0,1,1
q_196f0aca@rerun_24h,q_196f0aca,rerun_24h,1,temporal_align_qa,2023,VOLATILE,"2000,2001,2002,2003,2004,2005,2006,2007,2008,2009,2010,2011,2012,2013,2014,2015,2016,2017,2018,2019,2020,2021,2022,2023",2023,3,0,1,1
q_19e1347b@rerun_24h,q_19e1347b,rerun_24h,1,temporal_align_qa,2023,VOLATILE,"2000,2001,2002,2003,2004,2005,2006,2007,2008,2009,2010,2011,2012,2013,2014,2015,2016,2017,2018,2019,2020,2021,2022,2023",2023,3,0,1,1
q_1b42ed48@rerun_24h,q_1b42ed48,rerun_24h,1,temporal_align_qa,2023,VOLATILE,"2000,2001,2002,2003,2004,2005,2006,2007,2008,2009,2010,2011,2012,2013,2014,2015,2016,2017,2018,2019,2020,2021,2022,2023",2023,3,0,1,1
q_1c1961cd@rerun_24h,q_1c1961cd,rerun_24h,1,freshqa,2022,SINGLE_YEAR,2022,2022,4,,1,
q_1c20f8ba@rerun_24h,q_1c20f8ba,rerun_24h,1,temporal_align_qa,2023,VOLATILE,"2000,2001,2002,2003,2004,2005,2006,2007,2008,2009,2010,2011,2012,2013,2014,2015,2016,2017,2018,2019,2020,2021,2022,2023",2023,3,0,1,1
q_1c3ba216@rerun_24h,q_1c3ba216,rerun_24h,1,temporal_align_qa,2023,VOLATILE,"2000,2001,2002,2003,2004,2005,2006,2007,2008,2009,2010,2011,2012,2013,2014,2015,2016,2017,2018,2019,2020,2021,2022,2023",2023,3,0,1,1
q_1dc7b96e@rerun_24h,q_1dc7b96e,rerun_24h,1,temporal_align_qa,2023,VOLATILE,"2000,2001,2002,2003,2004,2005,2006,2007,2008,2009,2010,2011,2012,2013,2014,2015,2016,2017,2018,2019,2020,2021,2022,2023",2023,3,0,1,1
q_1ed44863@rerun_24h,q_1ed44863,rerun_24h,1,temporal_align_qa,2023,VOLATILE,"2000,2001,2002,2003,2004,2005,2006,2007,2008,2009,2010,2011,2012,2013,2014,2015,2016,2017,2018,2019,2020,2021,2022,2023",2023,3,0,1,1
q_1eee07b1@rerun_12h,q_1eee07b1,rerun_12h,1,temporal_align_qa,2023,VOLATILE,"2000,2001,2002,2003,2004,2005,2006,2007,2008,2009,2010,2011,2012,2013,2014,2015,2016,2017,2018,2019,2020,2021,2022,2023",2023,3,0,1,1
q_1ef14187@rerun_24h,q_1ef14187,rerun_24h,1,temporal_align_qa,2023,VOLATILE,"2000,2001,2002,2003,2004,2005,2006,2007,2008,2009,2010,2011,2012,2013,2014,2015,2016,2017,2018,2019,2020,2021,2022,2023",2023,3,0,1,1
q_1fe5242d@rerun_24h,q_1fe5242d,rerun_24h,1,temporal_align_qa,2023,VOLATILE,"2000,2001,2002,2003,2004,2005,2006,2007,2008,2009,2010,2011,2012,2013,2014,2015,2016,2017,2018,2019,2020,2021,2022,2023",2023,3,0,1,1
q_1ff720ce@rerun_24h,q_1ff720ce,rerun_24h,1,temporal_align_qa,2023,VOLATILE,"2000,2001,2002,2003,2004,2005,2006,2007,2008,2009,2010,2011,2012,2013,2014,2015,2016,2017,2018,2019,2020,2021,2022,2023",2023,3,0,1,1
q_20085526@rerun_24h,q_20085526,rerun_24h,1,temporal_align_qa,2023,VOLATILE,"2000,2001,2002,2003,2004,2005,2006,2007,2008,2009,2010,2011,2012,2013,2014,2015,2016,2017,2018,2019,2020,2021,2022,2023",2023,3,0,1,1
q_2053c0d3@rerun_24h,q_2053c0d3,rerun_24h,1,temporal_align_qa,2023,VOLATILE,"2000,2001,2002,2003,2004,2005,2006,2007,2008,2009,2010,2011,2012,2013,2014,2015,2016,2017,2018,2019,2020,2021,2022,2023",2023,3,0,1,1
q_21078da3@rerun_24h,q_21078da3,rerun_24h,1,temporal_align_qa,2023,VOLATILE,"2000,2001,2002,2003,2004,2005,2006,2007,2008,2009,2010,2011,2012,2013,2014,2015,2016,2017,2018,2019,2020,2021,2022,2023",2023,3,0,1,1
q_21593fd1@rerun_1h,q_21593fd1,rerun_1h,1,triviaqa,,NOT_TIME_KEYED,,,,,,
q_21593fd1@rerun_24h,q_21593fd1,rerun_24h,1,triviaqa,,NOT_TIME_KEYED,,,,,,
q_226ccc1f@rerun_24h,q_226ccc1f,rerun_24h,1,temporal_align_qa,2023,VOLATILE,"2000,2001,2002,2003,2004,2005,2006,2007,2008,2009,2010,2011,2012,2013,2014,2015,2016,2017,2018,2019,2020,2021,2022,2023",2023,3,0,1,1
q_22adabe9@rerun_24h,q_22adabe9,rerun_24h,1,temporal_align_qa,2023,VOLATILE,"2000,2001,2002,2003,2004,2005,2006,2007,2008,2009,2010,2011,2012,2013,2014,2015,2016,2017,2018,2019,2020,2021,2022,2023",2023,3,0,1,1
q_23194df6@rerun_12h,q_23194df6,rerun_12h,1,temporal_align_qa,2023,VOLATILE,"2000,2001,2002,2003,2004,2005,2006,2007,2008,2009,2010,2011,2012,2013,2014,2015,2016,2017,2018,2019,2020,2021,2022,2023",2023,3,0,1,1
q_23265c46@rerun_24h,q_23265c46,rerun_24h,1,triviaqa,,NOT_TIME_KEYED,,,,,,
q_23baebab@rerun_24h,q_23baebab,rerun_24h,1,temporal_align_qa,2023,VOLATILE,"2000,2001,2002,2003,2004,2005,2006,2007,2008,2009,2010,2011,2012,2013,2014,2015,2016,2017,2018,2019,2020,2021,2022,2023",2023,3,0,1,1
q_2520c5d9@rerun_24h,q_2520c5d9,rerun_24h,1,temporal_align_qa,2023,VOLATILE,"2000,2001,2002,2003,2004,2005,2006,2007,2008,2009,2010,2011,2012,2013,2014,2015,2016,2017,2018,2019,2020,2021,2022,2023",2023,3,0,1,1
q_25725075@rerun_24h,q_25725075,rerun_24h,1,temporal_align_qa,2023,VOLATILE,"2000,2001,2002,2003,2004,2005,2006,2007,2008,2009,2010,2011,2012,2013,2014,2015,2016,2017,2018,2019,2020,2021,2022,2023",2023,3,0,1,1
q_25a74024@rerun_24h,q_25a74024,rerun_24h,1,temporal_align_qa,2023,VOLATILE,"2000,2001,2002,2003,2004,2005,2006,2007,2008,2009,2010,2011,2012,2013,2014,2015,2016,2017,2018,2019,2020,2021,2022,2023",2023,3,0,1,1
q_25f44bbf@rerun_24h,q_25f44bbf,rerun_24h,1,temporal_align_qa,2023,VOLATILE,"2000,2001,2002,2003,2004,2005,2006,2007,2008,2009,2010,2011,2012,2013,2014,2015,2016,2017,2018,2019,2020,2021,2022,2023",2023,3,0,1,1
q_261a287e@rerun_24h,q_261a287e,rerun_24h,1,temporal_align_qa,2023,VOLATILE,"2000,2001,2002,2003,2004,2005,2006,2007,2008,2009,2010,2011,2012,2013,2014,2015,2016,2017,2018,2019,2020,2021,2022,2023",2023,3,0,1,1
q_26393420@rerun_24h,q_26393420,rerun_24h,2,temporal_align_qa,2023,VOLATILE,"2000,2001,2002,2003,2004,2005,2006,2007,2008,2009,2010,2011,2012,2013,2014,2015,2016,2017,2018,2019,2020,2021,2022,2023",2023,3,0,1,1
q_268237ac@rerun_24h,q_268237ac,rerun_24h,2,temporal_align_qa,2023,VOLATILE,"2000,2001,2002,2003,2004,2005,2006,2007,2008,2009,2010,2011,2012,2013,2014,2015,2016,2017,2018,2019,2020,2021,2022,2023",2023,3,0,1,1
q_27293a94@rerun_24h,q_27293a94,rerun_24h,1,temporal_align_qa,2023,VOLATILE,"2000,2001,2002,2003,2004,2005,2006,2007,2008,2009,2010,2011,2012,2013,2014,2015,2016,2017,2018,2019,2020,2021,2022,2023",2023,3,0,1,1
q_2761fdfe@rerun_24h,q_2761fdfe,rerun_24h,1,triviaqa,,NOT_TIME_KEYED,,,,,,
q_28911a13@rerun_24h,q_28911a13,rerun_24h,1,temporal_align_qa,2023,VOLATILE,"2000,2001,2002,2003,2004,2005,2006,2007,2008,2009,2010,2011,2012,2013,2014,2015,2016,2017,2018,2019,2020,2021,2022,2023",2023,3,0,1,1
q_28b0bd9f@rerun_24h,q_28b0bd9f,rerun_24h,2,temporal_align_qa,2023,VOLATILE,"2000,2001,2002,2003,2004,2005,2006,2007,2008,2009,2010,2011,2012,2013,2014,2015,2016,2017,2018,2019,2020,2021,2022,2023",2023,3,0,1,1
q_29032ea3@rerun_24h,q_29032ea3,rerun_24h,1,triviaqa,,NOT_TIME_KEYED,,,,,,
q_292449b7@rerun_24h,q_292449b7,rerun_24h,1,temporal_align_qa,2023,VOLATILE,"2000,2001,2002,2003,2004,2005,2006,2007,2008,2009,2010,2011,2012,2013,2014,2015,2016,2017,2018,2019,2020,2021,2022,2023",2023,3,0,1,1
q_295700b1@rerun_24h,q_295700b1,rerun_24h,1,temporal_align_qa,2023,VOLATILE,"2000,2001,2002,2003,2004,2005,2006,2007,2008,2009,2010,2011,2012,2013,2014,2015,2016,2017,2018,2019,2020,2021,2022,2023",2023,3,0,1,1
q_297334f5@rerun_24h,q_297334f5,rerun_24h,1,temporal_align_qa,2023,VOLATILE,"2000,2001,2002,2003,2004,2005,2006,2007,2008,2009,2010,2011,2012,2013,2014,2015,2016,2017,2018,2019,2020,2021,2022,2023",2023,3,0,1,1
q_29e53c6d@rerun_24h,q_29e53c6d,rerun_24h,1,temporal_align_qa,2023,VOLATILE,"2000,2001,2002,2003,2004,2005,2006,2007,2008,2009,2010,2011,2012,2013,2014,2015,2016,2017,2018,2019,2020,2021,2022,2023",2023,3,0,1,1
q_29f9cc16@rerun_24h,q_29f9cc16,rerun_24h,1,temporal_align_qa,2023,VOLATILE,"2000,2001,2002,2003,2004,2005,2006,2007,2008,2009,2010,2011,2012,2013,2014,2015,2016,2017,2018,2019,2020,2021,2022,2023",2023,3,0,1,1
q_2a49e766@rerun_24h,q_2a49e766,rerun_24h,1,temporal_align_qa,2023,VOLATILE,"2000,2001,2002,2003,2004,2005,2006,2007,2008,2009,2010,2011,2012,2013,2014,2015,2016,2017,2018,2019,2020,2021,2022,2023",2023,3,0,1,1
q_2a87233c@rerun_24h,q_2a87233c,rerun_24h,1,triviaqa,,NOT_TIME_KEYED,,,,,,
q_2ac34d0d@rerun_24h,q_2ac34d0d,rerun_24h,1,temporal_align_qa,2023,VOLATILE,"2000,2001,2002,2003,2004,2005,2006,2007,2008,2009,2010,2011,2012,2013,2014,2015,2016,2017,2018,2019,2020,2021,2022,2023",2023,3,0,1,1
q_2b247cc4@rerun_1h,q_2b247cc4,rerun_1h,1,triviaqa,,NOT_TIME_KEYED,,,,,,
q_2b37471e@rerun_24h,q_2b37471e,rerun_24h,1,temporal_align_qa,2023,VOLATILE,"2000,2001,2002,2003,2004,2005,2006,2007,2008,2009,2010,2011,2012,2013,2014,2015,2016,2017,2018,2019,2020,2021,2022,2023",2023,3,0,1,1
q_2b61b711@rerun_24h,q_2b61b711,rerun_24h,3,temporal_align_qa,2023,VOLATILE,"2000,2001,2002,2003,2004,2005,2006,2007,2008,2009,2010,2011,2012,2013,2014,2015,2016,2017,2018,2019,2020,2021,2022,2023",2023,3,0,1,1
q_2ba29c4f@rerun_24h,q_2ba29c4f,rerun_24h,1,triviaqa,,NOT_TIME_KEYED,,,,,,
q_2bbc82e4@rerun_24h,q_2bbc82e4,rerun_24h,1,temporal_align_qa,2023,VOLATILE,"2000,2001,2002,2003,2004,2005,2006,2007,2008,2009,2010,2011,2012,2013,2014,2015,2016,2017,2018,2019,2020,2021,2022,2023",2023,3,0,1,1
q_2be2d65b@rerun_24h,q_2be2d65b,rerun_24h,1,temporal_align_qa,2023,VOLATILE,"2000,2001,2002,2003,2004,2005,2006,2007,2008,2009,2010,2011,2012,2013,2014,2015,2016,2017,2018,2019,2020,2021,2022,2023",2023,3,0,1,1
q_2c023058@rerun_24h,q_2c023058,rerun_24h,1,temporal_align_qa,2023,VOLATILE,"2000,2001,2002,2003,2004,2005,2006,2007,2008,2009,2010,2011,2012,2013,2014,2015,2016,2017,2018,2019,2020,2021,2022,2023",2023,3,0,1,1
q_2c3456d3@rerun_12h,q_2c3456d3,rerun_12h,1,temporal_align_qa,2023,VOLATILE,"2000,2001,2002,2003,2004,2005,2006,2007,2008,2009,2010,2011,2012,2013,2014,2015,2016,2017,2018,2019,2020,2021,2022,2023",2023,3,0,1,1
q_2ca95d4e@rerun_1h,q_2ca95d4e,rerun_1h,1,temporal_align_qa,2023,VOLATILE,"2000,2001,2002,2003,2004,2005,2006,2007,2008,2009,2010,2011,2012,2013,2014,2015,2016,2017,2018,2019,2020,2021,2022,2023",2023,3,0,1,1
q_2ca95d4e@rerun_24h,q_2ca95d4e,rerun_24h,1,temporal_align_qa,2023,VOLATILE,"2000,2001,2002,2003,2004,2005,2006,2007,2008,2009,2010,2011,2012,2013,2014,2015,2016,2017,2018,2019,2020,2021,2022,2023",2023,3,0,1,1
q_2cbafc2e@rerun_24h,q_2cbafc2e,rerun_24h,1,temporal_align_qa,2023,VOLATILE,"2000,2001,2002,2003,2004,2005,2006,2007,2008,2009,2010,2011,2012,2013,2014,2015,2016,2017,2018,2019,2020,2021,2022,2023",2023,3,0,1,1
q_2d02fb45@rerun_24h,q_2d02fb45,rerun_24h,3,triviaqa,,NOT_TIME_KEYED,,,,,,
q_2d2c3ec0@rerun_24h,q_2d2c3ec0,rerun_24h,1,triviaqa,,NOT_TIME_KEYED,,,,,,
q_2d3da894@rerun_24h,q_2d3da894,rerun_24h,1,temporal_align_qa,2023,VOLATILE,"2000,2001,2002,2003,2004,2005,2006,2007,2008,2009,2010,2011,2012,2013,2014,2015,2016,2017,2018,2019,2020,2021,2022,2023",2023,3,0,1,1
q_2d8fe2cc@rerun_24h,q_2d8fe2cc,rerun_24h,1,temporal_align_qa,2023,VOLATILE,"2000,2001,2002,2003,2004,2005,2006,2007,2008,2009,2010,2011,2012,2013,2014,2015,2016,2017,2018,2019,2020,2021,2022,2023",2023,3,0,1,1
q_2d965d45@rerun_24h,q_2d965d45,rerun_24h,1,temporal_align_qa,2023,VOLATILE,"2000,2001,2002,2003,2004,2005,2006,2007,2008,2009,2010,2011,2012,2013,2014,2015,2016,2017,2018,2019,2020,2021,2022,2023",2023,3,0,1,1
q_2db8b371@rerun_24h,q_2db8b371,rerun_24h,1,triviaqa,,NOT_TIME_KEYED,,,,,,
q_2dc6d84a@rerun_24h,q_2dc6d84a,rerun_24h,1,triviaqa,,NOT_TIME_KEYED,,,,,,
q_2e0c6ace@rerun_24h,q_2e0c6ace,rerun_24h,1,temporal_align_qa,2023,VOLATILE,"2000,2001,2002,2003,2004,2005,2006,2007,2008,2009,2010,2011,2012,2013,2014,2015,2016,2017,2018,2019,2020,2021,2022,2023",2023,3,0,1,1
q_2e845b85@rerun_24h,q_2e845b85,rerun_24h,1,temporal_align_qa,2023,VOLATILE,"2000,2001,2002,2003,2004,2005,2006,2007,2008,2009,2010,2011,2012,2013,2014,2015,2016,2017,2018,2019,2020,2021,2022,2023",2023,3,0,1,1
q_2efc3bf0@rerun_24h,q_2efc3bf0,rerun_24h,1,temporal_align_qa,2023,VOLATILE,"2000,2001,2002,2003,2004,2005,2006,2007,2008,2009,2010,2011,2012,2013,2014,2015,2016,2017,2018,2019,2020,2021,2022,2023",2023,3,0,1,1
q_2f36649c@rerun_12h,q_2f36649c,rerun_12h,1,temporal_align_qa,2023,VOLATILE,"2000,2001,2002,2003,2004,2005,2006,2007,2008,2009,2010,2011,2012,2013,2014,2015,2016,2017,2018,2019,2020,2021,2022,2023",2023,3,0,1,1
q_2f991c6e@rerun_24h,q_2f991c6e,rerun_24h,1,temporal_align_qa,2023,VOLATILE,"2000,2001,2002,2003,2004,2005,2006,2007,2008,2009,2010,2011,2012,2013,2014,2015,2016,2017,2018,2019,2020,2021,2022,2023",2023,3,0,1,1
q_2fafc2f1@rerun_24h,q_2fafc2f1,rerun_24h,1,temporal_align_qa,2023,VOLATILE,"2000,2001,2002,2003,2004,2005,2006,2007,2008,2009,2010,2011,2012,2013,2014,2015,2016,2017,2018,2019,2020,2021,2022,2023",2023,3,0,1,1
q_30501636@rerun_24h,q_30501636,rerun_24h,1,temporal_align_qa,2023,VOLATILE,"2000,2001,2002,2003,2004,2005,2006,2007,2008,2009,2010,2011,2012,2013,2014,2015,2016,2017,2018,2019,2020,2021,2022,2023",2023,3,0,1,1
q_3055ab76@rerun_24h,q_3055ab76,rerun_24h,2,temporal_align_qa,2023,VOLATILE,"2000,2001,2002,2003,2004,2005,2006,2007,2008,2009,2010,2011,2012,2013,2014,2015,2016,2017,2018,2019,2020,2021,2022,2023",2023,3,0,1,1
q_30b7af38@rerun_24h,q_30b7af38,rerun_24h,1,temporal_align_qa,2023,VOLATILE,"2000,2001,2002,2003,2004,2005,2006,2007,2008,2009,2010,2011,2012,2013,2014,2015,2016,2017,2018,2019,2020,2021,2022,2023",2023,3,0,1,1
q_30cbc023@rerun_12h,q_30cbc023,rerun_12h,1,triviaqa,,NOT_TIME_KEYED,,,,,,
q_311e11e2@rerun_24h,q_311e11e2,rerun_24h,1,temporal_align_qa,2023,VOLATILE,"2000,2001,2002,2003,2004,2005,2006,2007,2008,2009,2010,2011,2012,2013,2014,2015,2016,2017,2018,2019,2020,2021,2022,2023",2023,3,0,1,1
q_3122ceda@rerun_24h,q_3122ceda,rerun_24h,1,triviaqa,,NOT_TIME_KEYED,,,,,,
q_3141e273@rerun_24h,q_3141e273,rerun_24h,1,temporal_align_qa,2023,VOLATILE,"2000,2001,2002,2003,2004,2005,2006,2007,2008,2009,2010,2011,2012,2013,2014,2015,2016,2017,2018,2019,2020,2021,2022,2023",2023,3,0,1,1
q_3237dda9@rerun_1h,q_3237dda9,rerun_1h,1,triviaqa,,NOT_TIME_KEYED,,,,,,
q_32711fba@rerun_12h,q_32711fba,rerun_12h,1,triviaqa,,NOT_TIME_KEYED,,,,,,
q_32bb1cf2@rerun_24h,q_32bb1cf2,rerun_24h,2,temporal_align_qa,2023,VOLATILE,"2000,2001,2002,2003,2004,2005,2006,2007,2008,2009,2010,2011,2012,2013,2014,2015,2016,2017,2018,2019,2020,2021,2022,2023",2023,3,0,1,1
q_33b33ec1@rerun_24h,q_33b33ec1,rerun_24h,1,temporal_align_qa,2023,VOLATILE,"2000,2001,2002,2003,2004,2005,2006,2007,2008,2009,2010,2011,2012,2013,2014,2015,2016,2017,2018,2019,2020,2021,2022,2023",2023,3,0,1,1
q_33ca27e1@rerun_24h,q_33ca27e1,rerun_24h,3,temporal_align_qa,2023,VOLATILE,"2000,2001,2002,2003,2004,2005,2006,2007,2008,2009,2010,2011,2012,2013,2014,2015,2016,2017,2018,2019,2020,2021,2022,2023",2023,3,0,1,1
q_33f8046d@rerun_24h,q_33f8046d,rerun_24h,1,temporal_align_qa,2023,VOLATILE,"2000,2001,2002,2003,2004,2005,2006,2007,2008,2009,2010,2011,2012,2013,2014,2015,2016,2017,2018,2019,2020,2021,2022,2023",2023,3,0,1,1
q_3484eada@rerun_24h,q_3484eada,rerun_24h,1,triviaqa,,NOT_TIME_KEYED,,,,,,
q_34965476@rerun_24h,q_34965476,rerun_24h,2,freshqa,2022,SINGLE_YEAR,2022,2022,4,,1,
q_3568ac16@rerun_24h,q_3568ac16,rerun_24h,1,temporal_align_qa,2023,VOLATILE,"2000,2001,2002,2003,2004,2005,2006,2007,2008,2009,2010,2011,2012,2013,2014,2015,2016,2017,2018,2019,2020,2021,2022,2023",2023,3,0,1,1
q_3582cba5@rerun_24h,q_3582cba5,rerun_24h,1,triviaqa,,NOT_TIME_KEYED,,,,,,
q_359f65e2@rerun_24h,q_359f65e2,rerun_24h,1,freshqa,2023,SINGLE_YEAR,2023,2023,3,,1,
q_35e41392@rerun_24h,q_35e41392,rerun_24h,1,triviaqa,,NOT_TIME_KEYED,,,,,,
q_36c62536@rerun_24h,q_36c62536,rerun_24h,1,temporal_align_qa,2023,VOLATILE,"2000,2001,2002,2003,2004,2005,2006,2007,2008,2009,2010,2011,2012,2013,2014,2015,2016,2017,2018,2019,2020,2021,2022,2023",2023,3,0,1,1
q_36d47c00@rerun_24h,q_36d47c00,rerun_24h,1,freshqa,2022,SINGLE_YEAR,2022,2022,4,,1,
q_36e2eae5@rerun_24h,q_36e2eae5,rerun_24h,2,temporal_align_qa,2023,VOLATILE,"2000,2001,2002,2003,2004,2005,2006,2007,2008,2009,2010,2011,2012,2013,2014,2015,2016,2017,2018,2019,2020,2021,2022,2023",2023,3,0,1,1
q_371cd160@rerun_24h,q_371cd160,rerun_24h,1,triviaqa,,NOT_TIME_KEYED,,,,,,
q_376b8a53@rerun_24h,q_376b8a53,rerun_24h,1,temporal_align_qa,2023,VOLATILE,"2000,2001,2002,2003,2004,2005,2006,2007,2008,2009,2010,2011,2012,2013,2014,2015,2016,2017,2018,2019,2020,2021,2022,2023",2023,3,0,1,1
q_379e630f@rerun_24h,q_379e630f,rerun_24h,2,temporal_align_qa,2023,VOLATILE,"2000,2001,2002,2003,2004,2005,2006,2007,2008,2009,2010,2011,2012,2013,2014,2015,2016,2017,2018,2019,2020,2021,2022,2023",2023,3,0,1,1
q_37fa4f89@rerun_24h,q_37fa4f89,rerun_24h,1,temporal_align_qa,2023,VOLATILE,"2000,2001,2002,2003,2004,2005,2006,2007,2008,2009,2010,2011,2012,2013,2014,2015,2016,2017,2018,2019,2020,2021,2022,2023",2023,3,0,1,1
q_384b354b@rerun_24h,q_384b354b,rerun_24h,2,triviaqa,,NOT_TIME_KEYED,,,,,,
q_3853dba1@rerun_24h,q_3853dba1,rerun_24h,1,triviaqa,,NOT_TIME_KEYED,,,,,,
q_3863ccbb@rerun_24h,q_3863ccbb,rerun_24h,1,temporal_align_qa,2023,VOLATILE,"2000,2001,2002,2003,2004,2005,2006,2007,2008,2009,2010,2011,2012,2013,2014,2015,2016,2017,2018,2019,2020,2021,2022,2023",2023,3,0,1,1
q_389476c5@rerun_24h,q_389476c5,rerun_24h,1,triviaqa,,NOT_TIME_KEYED,,,,,,
q_394f249c@rerun_24h,q_394f249c,rerun_24h,1,temporal_align_qa,2023,VOLATILE,"2000,2001,2002,2003,2004,2005,2006,2007,2008,2009,2010,2011,2012,2013,2014,2015,2016,2017,2018,2019,2020,2021,2022,2023",2023,3,0,1,1
q_39c51b6d@rerun_24h,q_39c51b6d,rerun_24h,1,temporal_align_qa,2023,VOLATILE,"2000,2001,2002,2003,2004,2005,2006,2007,2008,2009,2010,2011,2012,2013,2014,2015,2016,2017,2018,2019,2020,2021,2022,2023",2023,3,0,1,1
q_39cd95a7@rerun_24h,q_39cd95a7,rerun_24h,2,freshqa,2023,SINGLE_YEAR,2023,2023,3,,1,
q_3a68f125@rerun_24h,q_3a68f125,rerun_24h,1,triviaqa,,NOT_TIME_KEYED,,,,,,
q_3a9da6a0@rerun_24h,q_3a9da6a0,rerun_24h,1,temporal_align_qa,2023,VOLATILE,"2000,2001,2002,2003,2004,2005,2006,2007,2008,2009,2010,2011,2012,2013,2014,2015,2016,2017,2018,2019,2020,2021,2022,2023",2023,3,0,1,1
q_3ac69f62@rerun_24h,q_3ac69f62,rerun_24h,1,temporal_align_qa,2023,VOLATILE,"2000,2001,2002,2003,2004,2005,2006,2007,2008,2009,2010,2011,2012,2013,2014,2015,2016,2017,2018,2019,2020,2021,2022,2023",2023,3,0,1,1
q_3b2665fb@rerun_24h,q_3b2665fb,rerun_24h,1,triviaqa,,NOT_TIME_KEYED,,,,,,
q_3b2d2b15@rerun_24h,q_3b2d2b15,rerun_24h,1,triviaqa,,NOT_TIME_KEYED,,,,,,
q_3b332e4e@rerun_24h,q_3b332e4e,rerun_24h,1,temporal_align_qa,2023,VOLATILE,"2000,2001,2002,2003,2004,2005,2006,2007,2008,2009,2010,2011,2012,2013,2014,2015,2016,2017,2018,2019,2020,2021,2022,2023",2023,3,0,1,1
q_3c3ee393@rerun_24h,q_3c3ee393,rerun_24h,1,temporal_align_qa,2023,VOLATILE,"2000,2001,2002,2003,2004,2005,2006,2007,2008,2009,2010,2011,2012,2013,2014,2015,2016,2017,2018,2019,2020,2021,2022,2023",2023,3,0,1,1
q_3c4c45fe@rerun_24h,q_3c4c45fe,rerun_24h,1,temporal_align_qa,2023,VOLATILE,"2000,2001,2002,2003,2004,2005,2006,2007,2008,2009,2010,2011,2012,2013,2014,2015,2016,2017,2018,2019,2020,2021,2022,2023",2023,3,0,1,1
q_3c890437@rerun_12h,q_3c890437,rerun_12h,1,temporal_align_qa,2023,VOLATILE,"2000,2001,2002,2003,2004,2005,2006,2007,2008,2009,2010,2011,2012,2013,2014,2015,2016,2017,2018,2019,2020,2021,2022,2023",2023,3,0,1,1
q_3c890437@rerun_24h,q_3c890437,rerun_24h,1,temporal_align_qa,2023,VOLATILE,"2000,2001,2002,2003,2004,2005,2006,2007,2008,2009,2010,2011,2012,2013,2014,2015,2016,2017,2018,2019,2020,2021,2022,2023",2023,3,0,1,1
q_3c8d7d2d@rerun_12h,q_3c8d7d2d,rerun_12h,1,temporal_align_qa,2023,VOLATILE,"2000,2001,2002,2003,2004,2005,2006,2007,2008,2009,2010,2011,2012,2013,2014,2015,2016,2017,2018,2019,2020,2021,2022,2023",2023,3,0,1,1
q_3c8e1699@rerun_24h,q_3c8e1699,rerun_24h,1,temporal_align_qa,2023,VOLATILE,"2000,2001,2002,2003,2004,2005,2006,2007,2008,2009,2010,2011,2012,2013,2014,2015,2016,2017,2018,2019,2020,2021,2022,2023",2023,3,0,1,1
q_3cae62d9@rerun_24h,q_3cae62d9,rerun_24h,1,temporal_align_qa,2023,VOLATILE,"2000,2001,2002,2003,2004,2005,2006,2007,2008,2009,2010,2011,2012,2013,2014,2015,2016,2017,2018,2019,2020,2021,2022,2023",2023,3,0,1,1
q_3cff3dce@rerun_24h,q_3cff3dce,rerun_24h,1,temporal_align_qa,2023,VOLATILE,"2000,2001,2002,2003,2004,2005,2006,2007,2008,2009,2010,2011,2012,2013,2014,2015,2016,2017,2018,2019,2020,2021,2022,2023",2023,3,0,1,1
q_3d46fcdf@rerun_24h,q_3d46fcdf,rerun_24h,1,triviaqa,,NOT_TIME_KEYED,,,,,,
q_3dd86b7b@rerun_24h,q_3dd86b7b,rerun_24h,1,triviaqa,,NOT_TIME_KEYED,,,,,,
q_3df25b36@rerun_24h,q_3df25b36,rerun_24h,1,temporal_align_qa,2023,VOLATILE,"2000,2001,2002,2003,2004,2005,2006,2007,2008,2009,2010,2011,2012,2013,2014,2015,2016,2017,2018,2019,2020,2021,2022,2023",2023,3,0,1,1
q_3df9aae8@rerun_1h,q_3df9aae8,rerun_1h,1,temporal_align_qa,2023,VOLATILE,"2000,2001,2002,2003,2004,2005,2006,2007,2008,2009,2010,2011,2012,2013,2014,2015,2016,2017,2018,2019,2020,2021,2022,2023",2023,3,0,1,1
q_3e28f963@rerun_24h,q_3e28f963,rerun_24h,1,freshqa,2022,SINGLE_YEAR,2022,2022,4,,1,
q_3e574628@rerun_24h,q_3e574628,rerun_24h,2,temporal_align_qa,2023,VOLATILE,"2000,2001,2002,2003,2004,2005,2006,2007,2008,2009,2010,2011,2012,2013,2014,2015,2016,2017,2018,2019,2020,2021,2022,2023",2023,3,0,1,1
q_3e5fda75@rerun_24h,q_3e5fda75,rerun_24h,1,triviaqa,,NOT_TIME_KEYED,,,,,,
q_3ec48396@rerun_24h,q_3ec48396,rerun_24h,1,temporal_align_qa,2023,VOLATILE,"2000,2001,2002,2003,2004,2005,2006,2007,2008,2009,2010,2011,2012,2013,2014,2015,2016,2017,2018,2019,2020,2021,2022,2023",2023,3,0,1,1
q_3ee7411d@rerun_24h,q_3ee7411d,rerun_24h,2,temporal_align_qa,2023,VOLATILE,"2000,2001,2002,2003,2004,2005,2006,2007,2008,2009,2010,2011,2012,2013,2014,2015,2016,2017,2018,2019,2020,2021,2022,2023",2023,3,0,1,1
q_3f0409f7@rerun_24h,q_3f0409f7,rerun_24h,1,temporal_align_qa,2023,VOLATILE,"2000,2001,2002,2003,2004,2005,2006,2007,2008,2009,2010,2011,2012,2013,2014,2015,2016,2017,2018,2019,2020,2021,2022,2023",2023,3,0,1,1
q_3f541a35@rerun_24h,q_3f541a35,rerun_24h,1,temporal_align_qa,2023,VOLATILE,"2000,2001,2002,2003,2004,2005,2006,2007,2008,2009,2010,2011,2012,2013,2014,2015,2016,2017,2018,2019,2020,2021,2022,2023",2023,3,0,1,1
q_3f8c84fb@rerun_24h,q_3f8c84fb,rerun_24h,1,temporal_align_qa,2023,VOLATILE,"2000,2001,2002,2003,2004,2005,2006,2007,2008,2009,2010,2011,2012,2013,2014,2015,2016,2017,2018,2019,2020,2021,2022,2023",2023,3,0,1,1
q_40d3878e@rerun_24h,q_40d3878e,rerun_24h,1,temporal_align_qa,2023,VOLATILE,"2000,2001,2002,2003,2004,2005,2006,2007,2008,2009,2010,2011,2012,2013,2014,2015,2016,2017,2018,2019,2020,2021,2022,2023",2023,3,0,1,1
q_41540d4e@rerun_24h,q_41540d4e,rerun_24h,2,triviaqa,,NOT_TIME_KEYED,,,,,,
q_41afd862@rerun_24h,q_41afd862,rerun_24h,1,temporal_align_qa,2023,VOLATILE,"2000,2001,2002,2003,2004,2005,2006,2007,2008,2009,2010,2011,2012,2013,2014,2015,2016,2017,2018,2019,2020,2021,2022,2023",2023,3,0,1,1
q_4209c718@rerun_24h,q_4209c718,rerun_24h,1,temporal_align_qa,2023,VOLATILE,"2000,2001,2002,2003,2004,2005,2006,2007,2008,2009,2010,2011,2012,2013,2014,2015,2016,2017,2018,2019,2020,2021,2022,2023",2023,3,0,1,1
q_4241a3d3@rerun_24h,q_4241a3d3,rerun_24h,1,temporal_align_qa,2023,VOLATILE,"2000,2001,2002,2003,2004,2005,2006,2007,2008,2009,2010,2011,2012,2013,2014,2015,2016,2017,2018,2019,2020,2021,2022,2023",2023,3,0,1,1
q_424c03e3@rerun_24h,q_424c03e3,rerun_24h,1,temporal_align_qa,2023,VOLATILE,"2000,2001,2002,2003,2004,2005,2006,2007,2008,2009,2010,2011,2012,2013,2014,2015,2016,2017,2018,2019,2020,2021,2022,2023",2023,3,0,1,1
q_43f2a8a0@rerun_24h,q_43f2a8a0,rerun_24h,1,temporal_align_qa,2023,VOLATILE,"2000,2001,2002,2003,2004,2005,2006,2007,2008,2009,2010,2011,2012,2013,2014,2015,2016,2017,2018,2019,2020,2021,2022,2023",2023,3,0,1,1
q_440c74b3@rerun_1h,q_440c74b3,rerun_1h,1,triviaqa,,NOT_TIME_KEYED,,,,,,
q_44acf3c6@rerun_24h,q_44acf3c6,rerun_24h,1,temporal_align_qa,2023,VOLATILE,"2000,2001,2002,2003,2004,2005,2006,2007,2008,2009,2010,2011,2012,2013,2014,2015,2016,2017,2018,2019,2020,2021,2022,2023",2023,3,0,1,1
q_44d9dff7@rerun_24h,q_44d9dff7,rerun_24h,2,triviaqa,,NOT_TIME_KEYED,,,,,,
q_450041cf@rerun_24h,q_450041cf,rerun_24h,1,freshqa,2022,SINGLE_YEAR,2022,2022,4,,1,
q_450e7484@rerun_24h,q_450e7484,rerun_24h,1,triviaqa,,NOT_TIME_KEYED,,,,,,
q_470d2d0f@rerun_24h,q_470d2d0f,rerun_24h,1,temporal_align_qa,2023,VOLATILE,"2000,2001,2002,2003,2004,2005,2006,2007,2008,2009,2010,2011,2012,2013,2014,2015,2016,2017,2018,2019,2020,2021,2022,2023",2023,3,0,1,1
q_47ba6dcb@rerun_24h,q_47ba6dcb,rerun_24h,1,temporal_align_qa,2023,VOLATILE,"2000,2001,2002,2003,2004,2005,2006,2007,2008,2009,2010,2011,2012,2013,2014,2015,2016,2017,2018,2019,2020,2021,2022,2023",2023,3,0,1,1
q_486683c8@rerun_24h,q_486683c8,rerun_24h,1,temporal_align_qa,2023,VOLATILE,"2000,2001,2002,2003,2004,2005,2006,2007,2008,2009,2010,2011,2012,2013,2014,2015,2016,2017,2018,2019,2020,2021,2022,2023",2023,3,0,1,1
q_4882dc27@rerun_24h,q_4882dc27,rerun_24h,1,temporal_align_qa,2023,VOLATILE,"2000,2001,2002,2003,2004,2005,2006,2007,2008,2009,2010,2011,2012,2013,2014,2015,2016,2017,2018,2019,2020,2021,2022,2023",2023,3,0,1,1
q_48e27a79@rerun_24h,q_48e27a79,rerun_24h,1,temporal_align_qa,2023,VOLATILE,"2000,2001,2002,2003,2004,2005,2006,2007,2008,2009,2010,2011,2012,2013,2014,2015,2016,2017,2018,2019,2020,2021,2022,2023",2023,3,0,1,1
q_4913788c@rerun_24h,q_4913788c,rerun_24h,1,temporal_align_qa,2023,VOLATILE,"2000,2001,2002,2003,2004,2005,2006,2007,2008,2009,2010,2011,2012,2013,2014,2015,2016,2017,2018,2019,2020,2021,2022,2023",2023,3,0,1,1
q_493b174b@rerun_24h,q_493b174b,rerun_24h,1,freshqa,2022,SINGLE_YEAR,2022,2022,4,,1,
q_49493ec6@rerun_24h,q_49493ec6,rerun_24h,1,triviaqa,,NOT_TIME_KEYED,,,,,,
q_4987dd97@rerun_24h,q_4987dd97,rerun_24h,1,triviaqa,,NOT_TIME_KEYED,,,,,,
q_498e07da@rerun_1h,q_498e07da,rerun_1h,1,temporal_align_qa,2023,VOLATILE,"2000,2001,2002,2003,2004,2005,2006,2007,2008,2009,2010,2011,2012,2013,2014,2015,2016,2017,2018,2019,2020,2021,2022,2023",2023,3,0,1,1
q_498e07da@rerun_24h,q_498e07da,rerun_24h,1,temporal_align_qa,2023,VOLATILE,"2000,2001,2002,2003,2004,2005,2006,2007,2008,2009,2010,2011,2012,2013,2014,2015,2016,2017,2018,2019,2020,2021,2022,2023",2023,3,0,1,1
q_4a625c6c@rerun_24h,q_4a625c6c,rerun_24h,1,temporal_align_qa,2023,VOLATILE,"2000,2001,2002,2003,2004,2005,2006,2007,2008,2009,2010,2011,2012,2013,2014,2015,2016,2017,2018,2019,2020,2021,2022,2023",2023,3,0,1,1
q_4bc25294@rerun_24h,q_4bc25294,rerun_24h,1,temporal_align_qa,2023,VOLATILE,"2000,2001,2002,2003,2004,2005,2006,2007,2008,2009,2010,2011,2012,2013,2014,2015,2016,2017,2018,2019,2020,2021,2022,2023",2023,3,0,1,1
q_4ccc0c84@rerun_24h,q_4ccc0c84,rerun_24h,1,temporal_align_qa,2023,VOLATILE,"2000,2001,2002,2003,2004,2005,2006,2007,2008,2009,2010,2011,2012,2013,2014,2015,2016,2017,2018,2019,2020,2021,2022,2023",2023,3,0,1,1
q_4d8a4de4@rerun_24h,q_4d8a4de4,rerun_24h,2,temporal_align_qa,2023,VOLATILE,"2000,2001,2002,2003,2004,2005,2006,2007,2008,2009,2010,2011,2012,2013,2014,2015,2016,2017,2018,2019,2020,2021,2022,2023",2023,3,0,1,1
q_4ddbae0c@rerun_24h,q_4ddbae0c,rerun_24h,1,temporal_align_qa,2023,VOLATILE,"2000,2001,2002,2003,2004,2005,2006,2007,2008,2009,2010,2011,2012,2013,2014,2015,2016,2017,2018,2019,2020,2021,2022,2023",2023,3,0,1,1
q_4deb87ba@rerun_24h,q_4deb87ba,rerun_24h,1,triviaqa,,NOT_TIME_KEYED,,,,,,
q_4dfb357f@rerun_24h,q_4dfb357f,rerun_24h,1,temporal_align_qa,2023,VOLATILE,"2000,2001,2002,2003,2004,2005,2006,2007,2008,2009,2010,2011,2012,2013,2014,2015,2016,2017,2018,2019,2020,2021,2022,2023",2023,3,0,1,1
q_4e2156f7@rerun_24h,q_4e2156f7,rerun_24h,1,temporal_align_qa,2023,VOLATILE,"2000,2001,2002,2003,2004,2005,2006,2007,2008,2009,2010,2011,2012,2013,2014,2015,2016,2017,2018,2019,2020,2021,2022,2023",2023,3,0,1,1
q_4e2929ec@rerun_24h,q_4e2929ec,rerun_24h,1,freshqa,before 2022,SINGLE_YEAR,before 2022,before 2022,,,1,
q_4e6d28cb@rerun_24h,q_4e6d28cb,rerun_24h,1,temporal_align_qa,2023,VOLATILE,"2000,2001,2002,2003,2004,2005,2006,2007,2008,2009,2010,2011,2012,2013,2014,2015,2016,2017,2018,2019,2020,2021,2022,2023",2023,3,0,1,1
q_4ec7b3d4@rerun_24h,q_4ec7b3d4,rerun_24h,1,temporal_align_qa,2023,VOLATILE,"2000,2001,2002,2003,2004,2005,2006,2007,2008,2009,2010,2011,2012,2013,2014,2015,2016,2017,2018,2019,2020,2021,2022,2023",2023,3,0,1,1
q_4ee9519a@rerun_24h,q_4ee9519a,rerun_24h,1,triviaqa,,NOT_TIME_KEYED,,,,,,
q_4ef6bd87@rerun_1h,q_4ef6bd87,rerun_1h,1,temporal_align_qa,2023,VOLATILE,"2000,2001,2002,2003,2004,2005,2006,2007,2008,2009,2010,2011,2012,2013,2014,2015,2016,2017,2018,2019,2020,2021,2022,2023",2023,3,0,1,1
q_4efb2d83@rerun_24h,q_4efb2d83,rerun_24h,2,triviaqa,,NOT_TIME_KEYED,,,,,,
q_50156db6@rerun_24h,q_50156db6,rerun_24h,1,temporal_align_qa,2023,VOLATILE,"2000,2001,2002,2003,2004,2005,2006,2007,2008,2009,2010,2011,2012,2013,2014,2015,2016,2017,2018,2019,2020,2021,2022,2023",2023,3,0,1,1
q_5026a65e@rerun_12h,q_5026a65e,rerun_12h,1,triviaqa,,NOT_TIME_KEYED,,,,,,
q_50abcf1d@rerun_24h,q_50abcf1d,rerun_24h,1,triviaqa,,NOT_TIME_KEYED,,,,,,
q_50e17bb5@rerun_24h,q_50e17bb5,rerun_24h,1,triviaqa,,NOT_TIME_KEYED,,,,,,
q_511a84fd@rerun_24h,q_511a84fd,rerun_24h,1,temporal_align_qa,2023,VOLATILE,"2000,2001,2002,2003,2004,2005,2006,2007,2008,2009,2010,2011,2012,2013,2014,2015,2016,2017,2018,2019,2020,2021,2022,2023",2023,3,0,1,1
q_51ad3d0a@rerun_24h,q_51ad3d0a,rerun_24h,1,temporal_align_qa,2023,VOLATILE,"2000,2001,2002,2003,2004,2005,2006,2007,2008,2009,2010,2011,2012,2013,2014,2015,2016,2017,2018,2019,2020,2021,2022,2023",2023,3,0,1,1
q_51b242c2@rerun_24h,q_51b242c2,rerun_24h,1,temporal_align_qa,2023,VOLATILE,"2000,2001,2002,2003,2004,2005,2006,2007,2008,2009,2010,2011,2012,2013,2014,2015,2016,2017,2018,2019,2020,2021,2022,2023",2023,3,0,1,1
q_51c973e7@rerun_24h,q_51c973e7,rerun_24h,1,freshqa,2023,SINGLE_YEAR,2023,2023,3,,1,
q_52507e09@rerun_24h,q_52507e09,rerun_24h,1,triviaqa,,NOT_TIME_KEYED,,,,,,
q_526494bb@rerun_24h,q_526494bb,rerun_24h,1,temporal_align_qa,2023,VOLATILE,"2000,2001,2002,2003,2004,2005,2006,2007,2008,2009,2010,2011,2012,2013,2014,2015,2016,2017,2018,2019,2020,2021,2022,2023",2023,3,0,1,1
q_5284772a@rerun_24h,q_5284772a,rerun_24h,2,temporal_align_qa,2023,VOLATILE,"2000,2001,2002,2003,2004,2005,2006,2007,2008,2009,2010,2011,2012,2013,2014,2015,2016,2017,2018,2019,2020,2021,2022,2023",2023,3,0,1,1
q_52957594@rerun_24h,q_52957594,rerun_24h,1,temporal_align_qa,2023,VOLATILE,"2000,2001,2002,2003,2004,2005,2006,2007,2008,2009,2010,2011,2012,2013,2014,2015,2016,2017,2018,2019,2020,2021,2022,2023",2023,3,0,1,1
q_531f875a@rerun_24h,q_531f875a,rerun_24h,1,temporal_align_qa,2023,VOLATILE,"2000,2001,2002,2003,2004,2005,2006,2007,2008,2009,2010,2011,2012,2013,2014,2015,2016,2017,2018,2019,2020,2021,2022,2023",2023,3,0,1,1
q_5329f934@rerun_24h,q_5329f934,rerun_24h,1,temporal_align_qa,2023,VOLATILE,"2000,2001,2002,2003,2004,2005,2006,2007,2008,2009,2010,2011,2012,2013,2014,2015,2016,2017,2018,2019,2020,2021,2022,2023",2023,3,0,1,1
q_534fcd60@rerun_24h,q_534fcd60,rerun_24h,1,freshqa,2023,SINGLE_YEAR,2023,2023,3,,1,
q_53b66262@rerun_24h,q_53b66262,rerun_24h,1,freshqa,before 2022,SINGLE_YEAR,before 2022,before 2022,,,1,
q_53e77e63@rerun_24h,q_53e77e63,rerun_24h,2,freshqa,before 2022,SINGLE_YEAR,before 2022,before 2022,,,1,
q_5431673a@rerun_24h,q_5431673a,rerun_24h,1,temporal_align_qa,2023,VOLATILE,"2000,2001,2002,2003,2004,2005,2006,2007,2008,2009,2010,2011,2012,2013,2014,2015,2016,2017,2018,2019,2020,2021,2022,2023",2023,3,0,1,1
q_54467ccf@rerun_24h,q_54467ccf,rerun_24h,1,temporal_align_qa,2023,VOLATILE,"2000,2001,2002,2003,2004,2005,2006,2007,2008,2009,2010,2011,2012,2013,2014,2015,2016,2017,2018,2019,2020,2021,2022,2023",2023,3,0,1,1
q_54cc8f89@rerun_24h,q_54cc8f89,rerun_24h,1,temporal_align_qa,2023,VOLATILE,"2000,2001,2002,2003,2004,2005,2006,2007,2008,2009,2010,2011,2012,2013,2014,2015,2016,2017,2018,2019,2020,2021,2022,2023",2023,3,0,1,1
q_560436e5@rerun_24h,q_560436e5,rerun_24h,1,temporal_align_qa,2023,VOLATILE,"2000,2001,2002,2003,2004,2005,2006,2007,2008,2009,2010,2011,2012,2013,2014,2015,2016,2017,2018,2019,2020,2021,2022,2023",2023,3,0,1,1
q_5653e571@rerun_24h,q_5653e571,rerun_24h,1,temporal_align_qa,2023,VOLATILE,"2000,2001,2002,2003,2004,2005,2006,2007,2008,2009,2010,2011,2012,2013,2014,2015,2016,2017,2018,2019,2020,2021,2022,2023",2023,3,0,1,1
q_56a62a28@rerun_24h,q_56a62a28,rerun_24h,1,temporal_align_qa,2023,VOLATILE,"2000,2001,2002,2003,2004,2005,2006,2007,2008,2009,2010,2011,2012,2013,2014,2015,2016,2017,2018,2019,2020,2021,2022,2023",2023,3,0,1,1
q_56aea0d0@rerun_24h,q_56aea0d0,rerun_24h,1,temporal_align_qa,2023,VOLATILE,"2000,2001,2002,2003,2004,2005,2006,2007,2008,2009,2010,2011,2012,2013,2014,2015,2016,2017,2018,2019,2020,2021,2022,2023",2023,3,0,1,1
q_56e02d43@rerun_24h,q_56e02d43,rerun_24h,1,freshqa,before 2022,SINGLE_YEAR,before 2022,before 2022,,,1,
q_56ebbb98@rerun_12h,q_56ebbb98,rerun_12h,1,temporal_align_qa,2023,VOLATILE,"2000,2001,2002,2003,2004,2005,2006,2007,2008,2009,2010,2011,2012,2013,2014,2015,2016,2017,2018,2019,2020,2021,2022,2023",2023,3,0,1,1
q_56ee58f4@rerun_24h,q_56ee58f4,rerun_24h,1,temporal_align_qa,2023,VOLATILE,"2000,2001,2002,2003,2004,2005,2006,2007,2008,2009,2010,2011,2012,2013,2014,2015,2016,2017,2018,2019,2020,2021,2022,2023",2023,3,0,1,1
q_579c926b@rerun_24h,q_579c926b,rerun_24h,1,triviaqa,,NOT_TIME_KEYED,,,,,,
q_57bc7dc8@rerun_24h,q_57bc7dc8,rerun_24h,1,temporal_align_qa,2023,VOLATILE,"2000,2001,2002,2003,2004,2005,2006,2007,2008,2009,2010,2011,2012,2013,2014,2015,2016,2017,2018,2019,2020,2021,2022,2023",2023,3,0,1,1
q_57d1c01a@rerun_24h,q_57d1c01a,rerun_24h,1,temporal_align_qa,2023,VOLATILE,"2000,2001,2002,2003,2004,2005,2006,2007,2008,2009,2010,2011,2012,2013,2014,2015,2016,2017,2018,2019,2020,2021,2022,2023",2023,3,0,1,1
q_58db0825@rerun_24h,q_58db0825,rerun_24h,2,temporal_align_qa,2023,VOLATILE,"2000,2001,2002,2003,2004,2005,2006,2007,2008,2009,2010,2011,2012,2013,2014,2015,2016,2017,2018,2019,2020,2021,2022,2023",2023,3,0,1,1
q_59076011@rerun_24h,q_59076011,rerun_24h,1,temporal_align_qa,2023,VOLATILE,"2000,2001,2002,2003,2004,2005,2006,2007,2008,2009,2010,2011,2012,2013,2014,2015,2016,2017,2018,2019,2020,2021,2022,2023",2023,3,0,1,1
q_593f6d73@rerun_24h,q_593f6d73,rerun_24h,1,temporal_align_qa,2023,VOLATILE,"2000,2001,2002,2003,2004,2005,2006,2007,2008,2009,2010,2011,2012,2013,2014,2015,2016,2017,2018,2019,2020,2021,2022,2023",2023,3,0,1,0
q_594b8e7a@rerun_24h,q_594b8e7a,rerun_24h,1,temporal_align_qa,2023,VOLATILE,"2000,2001,2002,2003,2004,2005,2006,2007,2008,2009,2010,2011,2012,2013,2014,2015,2016,2017,2018,2019,2020,2021,2022,2023",2023,3,0,1,1
q_595ca0b6@rerun_24h,q_595ca0b6,rerun_24h,1,temporal_align_qa,2023,VOLATILE,"2000,2001,2002,2003,2004,2005,2006,2007,2008,2009,2010,2011,2012,2013,2014,2015,2016,2017,2018,2019,2020,2021,2022,2023",2023,3,0,1,1
q_5a80cc0d@rerun_24h,q_5a80cc0d,rerun_24h,1,temporal_align_qa,2023,VOLATILE,"2000,2001,2002,2003,2004,2005,2006,2007,2008,2009,2010,2011,2012,2013,2014,2015,2016,2017,2018,2019,2020,2021,2022,2023",2023,3,0,1,1
q_5aac65b6@rerun_12h,q_5aac65b6,rerun_12h,1,temporal_align_qa,2023,VOLATILE,"2000,2001,2002,2003,2004,2005,2006,2007,2008,2009,2010,2011,2012,2013,2014,2015,2016,2017,2018,2019,2020,2021,2022,2023",2023,3,0,1,1
q_5aac65b6@rerun_24h,q_5aac65b6,rerun_24h,1,temporal_align_qa,2023,VOLATILE,"2000,2001,2002,2003,2004,2005,2006,2007,2008,2009,2010,2011,2012,2013,2014,2015,2016,2017,2018,2019,2020,2021,2022,2023",2023,3,0,1,1
q_5abb871e@rerun_24h,q_5abb871e,rerun_24h,1,temporal_align_qa,2023,VOLATILE,"2000,2001,2002,2003,2004,2005,2006,2007,2008,2009,2010,2011,2012,2013,2014,2015,2016,2017,2018,2019,2020,2021,2022,2023",2023,3,0,1,1
q_5ac8d92d@rerun_24h,q_5ac8d92d,rerun_24h,1,freshqa,2023,SINGLE_YEAR,2023,2023,3,,1,
q_5ad30881@rerun_24h,q_5ad30881,rerun_24h,1,triviaqa,,NOT_TIME_KEYED,,,,,,
q_5b78283a@rerun_24h,q_5b78283a,rerun_24h,1,temporal_align_qa,2023,VOLATILE,"2000,2001,2002,2003,2004,2005,2006,2007,2008,2009,2010,2011,2012,2013,2014,2015,2016,2017,2018,2019,2020,2021,2022,2023",2023,3,0,1,1
q_5b859382@rerun_24h,q_5b859382,rerun_24h,2,temporal_align_qa,2023,VOLATILE,"2000,2001,2002,2003,2004,2005,2006,2007,2008,2009,2010,2011,2012,2013,2014,2015,2016,2017,2018,2019,2020,2021,2022,2023",2023,3,0,1,1
q_5cb9d6ad@rerun_24h,q_5cb9d6ad,rerun_24h,1,triviaqa,,NOT_TIME_KEYED,,,,,,
q_5d7bcc7e@rerun_24h,q_5d7bcc7e,rerun_24h,1,temporal_align_qa,2023,VOLATILE,"2000,2001,2002,2003,2004,2005,2006,2007,2008,2009,2010,2011,2012,2013,2014,2015,2016,2017,2018,2019,2020,2021,2022,2023",2023,3,0,1,1
q_5e06e717@rerun_24h,q_5e06e717,rerun_24h,1,temporal_align_qa,2023,VOLATILE,"2000,2001,2002,2003,2004,2005,2006,2007,2008,2009,2010,2011,2012,2013,2014,2015,2016,2017,2018,2019,2020,2021,2022,2023",2023,3,0,1,1
q_5e68b428@rerun_1h,q_5e68b428,rerun_1h,1,temporal_align_qa,2023,VOLATILE,"2000,2001,2002,2003,2004,2005,2006,2007,2008,2009,2010,2011,2012,2013,2014,2015,2016,2017,2018,2019,2020,2021,2022,2023",2023,3,0,1,1
q_5e68b428@rerun_24h,q_5e68b428,rerun_24h,1,temporal_align_qa,2023,VOLATILE,"2000,2001,2002,2003,2004,2005,2006,2007,2008,2009,2010,2011,2012,2013,2014,2015,2016,2017,2018,2019,2020,2021,2022,2023",2023,3,0,1,1
q_5e69097f@rerun_24h,q_5e69097f,rerun_24h,1,temporal_align_qa,2023,VOLATILE,"2000,2001,2002,2003,2004,2005,2006,2007,2008,2009,2010,2011,2012,2013,2014,2015,2016,2017,2018,2019,2020,2021,2022,2023",2023,3,0,1,1
q_5eaf6b2e@rerun_24h,q_5eaf6b2e,rerun_24h,1,temporal_align_qa,2023,VOLATILE,"2000,2001,2002,2003,2004,2005,2006,2007,2008,2009,2010,2011,2012,2013,2014,2015,2016,2017,2018,2019,2020,2021,2022,2023",2023,3,0,1,1
q_5ee0c56a@rerun_24h,q_5ee0c56a,rerun_24h,1,temporal_align_qa,2023,VOLATILE,"2000,2001,2002,2003,2004,2005,2006,2007,2008,2009,2010,2011,2012,2013,2014,2015,2016,2017,2018,2019,2020,2021,2022,2023",2023,3,0,1,1
q_5efb60e3@rerun_12h,q_5efb60e3,rerun_12h,1,temporal_align_qa,2023,VOLATILE,"2000,2001,2002,2003,2004,2005,2006,2007,2008,2009,2010,2011,2012,2013,2014,2015,2016,2017,2018,2019,2020,2021,2022,2023",2023,3,0,1,1
q_5f279acb@rerun_1h,q_5f279acb,rerun_1h,1,freshqa,before 2022,SINGLE_YEAR,before 2022,before 2022,,,1,
q_5f279acb@rerun_24h,q_5f279acb,rerun_24h,2,freshqa,before 2022,SINGLE_YEAR,before 2022,before 2022,,,1,
q_5fb43c16@rerun_24h,q_5fb43c16,rerun_24h,1,triviaqa,,NOT_TIME_KEYED,,,,,,
q_60131439@rerun_24h,q_60131439,rerun_24h,1,temporal_align_qa,2023,VOLATILE,"2000,2001,2002,2003,2004,2005,2006,2007,2008,2009,2010,2011,2012,2013,2014,2015,2016,2017,2018,2019,2020,2021,2022,2023",2023,3,0,1,1
q_60502f3b@rerun_24h,q_60502f3b,rerun_24h,1,temporal_align_qa,2023,VOLATILE,"2000,2001,2002,2003,2004,2005,2006,2007,2008,2009,2010,2011,2012,2013,2014,2015,2016,2017,2018,2019,2020,2021,2022,2023",2023,3,0,1,1
q_60703185@rerun_24h,q_60703185,rerun_24h,1,temporal_align_qa,2023,VOLATILE,"2000,2001,2002,2003,2004,2005,2006,2007,2008,2009,2010,2011,2012,2013,2014,2015,2016,2017,2018,2019,2020,2021,2022,2023",2023,3,0,1,1
q_60e402de@rerun_24h,q_60e402de,rerun_24h,1,temporal_align_qa,2023,VOLATILE,"2000,2001,2002,2003,2004,2005,2006,2007,2008,2009,2010,2011,2012,2013,2014,2015,2016,2017,2018,2019,2020,2021,2022,2023",2023,3,0,1,1
q_611d707f@rerun_1h,q_611d707f,rerun_1h,1,temporal_align_qa,2023,VOLATILE,"2000,2001,2002,2003,2004,2005,2006,2007,2008,2009,2010,2011,2012,2013,2014,2015,2016,2017,2018,2019,2020,2021,2022,2023",2023,3,0,1,1
q_613da476@rerun_24h,q_613da476,rerun_24h,1,temporal_align_qa,2023,VOLATILE,"2000,2001,2002,2003,2004,2005,2006,2007,2008,2009,2010,2011,2012,2013,2014,2015,2016,2017,2018,2019,2020,2021,2022,2023",2023,3,0,1,1
q_617ac749@rerun_1h,q_617ac749,rerun_1h,1,temporal_align_qa,2023,VOLATILE,"2000,2001,2002,2003,2004,2005,2006,2007,2008,2009,2010,2011,2012,2013,2014,2015,2016,2017,2018,2019,2020,2021,2022,2023",2023,3,0,1,1
q_618650f8@rerun_1h,q_618650f8,rerun_1h,1,temporal_align_qa,2023,VOLATILE,"2000,2001,2002,2003,2004,2005,2006,2007,2008,2009,2010,2011,2012,2013,2014,2015,2016,2017,2018,2019,2020,2021,2022,2023",2023,3,0,1,1
q_624c6c50@rerun_24h,q_624c6c50,rerun_24h,1,temporal_align_qa,2023,VOLATILE,"2000,2001,2002,2003,2004,2005,2006,2007,2008,2009,2010,2011,2012,2013,2014,2015,2016,2017,2018,2019,2020,2021,2022,2023",2023,3,0,1,1
q_62a24122@rerun_24h,q_62a24122,rerun_24h,1,freshqa,before 2022,SINGLE_YEAR,before 2022,before 2022,,,1,
q_63335fe3@rerun_24h,q_63335fe3,rerun_24h,1,temporal_align_qa,2023,VOLATILE,"2000,2001,2002,2003,2004,2005,2006,2007,2008,2009,2010,2011,2012,2013,2014,2015,2016,2017,2018,2019,2020,2021,2022,2023",2023,3,0,1,1
q_63a44892@rerun_24h,q_63a44892,rerun_24h,2,temporal_align_qa,2023,VOLATILE,"2000,2001,2002,2003,2004,2005,2006,2007,2008,2009,2010,2011,2012,2013,2014,2015,2016,2017,2018,2019,2020,2021,2022,2023",2023,3,0,1,1
q_63c4c1ca@rerun_24h,q_63c4c1ca,rerun_24h,1,temporal_align_qa,2023,VOLATILE,"2000,2001,2002,2003,2004,2005,2006,2007,2008,2009,2010,2011,2012,2013,2014,2015,2016,2017,2018,2019,2020,2021,2022,2023",2023,3,0,1,1
q_645572d1@rerun_24h,q_645572d1,rerun_24h,1,temporal_align_qa,2023,VOLATILE,"2000,2001,2002,2003,2004,2005,2006,2007,2008,2009,2010,2011,2012,2013,2014,2015,2016,2017,2018,2019,2020,2021,2022,2023",2023,3,0,1,1
q_64800213@rerun_24h,q_64800213,rerun_24h,1,triviaqa,,NOT_TIME_KEYED,,,,,,
q_65d75670@rerun_24h,q_65d75670,rerun_24h,1,triviaqa,,NOT_TIME_KEYED,,,,,,
q_6657182b@rerun_1h,q_6657182b,rerun_1h,1,temporal_align_qa,2023,VOLATILE,"2000,2001,2002,2003,2004,2005,2006,2007,2008,2009,2010,2011,2012,2013,2014,2015,2016,2017,2018,2019,2020,2021,2022,2023",2023,3,0,1,1
q_6657182b@rerun_24h,q_6657182b,rerun_24h,1,temporal_align_qa,2023,VOLATILE,"2000,2001,2002,2003,2004,2005,2006,2007,2008,2009,2010,2011,2012,2013,2014,2015,2016,2017,2018,2019,2020,2021,2022,2023",2023,3,0,1,1
q_665a6704@rerun_24h,q_665a6704,rerun_24h,1,temporal_align_qa,2023,VOLATILE,"2000,2001,2002,2003,2004,2005,2006,2007,2008,2009,2010,2011,2012,2013,2014,2015,2016,2017,2018,2019,2020,2021,2022,2023",2023,3,0,1,1
q_66b78d55@rerun_24h,q_66b78d55,rerun_24h,2,temporal_align_qa,2023,VOLATILE,"2000,2001,2002,2003,2004,2005,2006,2007,2008,2009,2010,2011,2012,2013,2014,2015,2016,2017,2018,2019,2020,2021,2022,2023",2023,3,0,1,1
q_6757b6a9@rerun_24h,q_6757b6a9,rerun_24h,1,temporal_align_qa,2023,VOLATILE,"2000,2001,2002,2003,2004,2005,2006,2007,2008,2009,2010,2011,2012,2013,2014,2015,2016,2017,2018,2019,2020,2021,2022,2023",2023,3,0,1,1
q_67c87177@rerun_24h,q_67c87177,rerun_24h,2,temporal_align_qa,2023,VOLATILE,"2000,2001,2002,2003,2004,2005,2006,2007,2008,2009,2010,2011,2012,2013,2014,2015,2016,2017,2018,2019,2020,2021,2022,2023",2023,3,0,1,1
q_6875d955@rerun_24h,q_6875d955,rerun_24h,1,temporal_align_qa,2023,VOLATILE,"2000,2001,2002,2003,2004,2005,2006,2007,2008,2009,2010,2011,2012,2013,2014,2015,2016,2017,2018,2019,2020,2021,2022,2023",2023,3,0,1,1
q_68d60970@rerun_24h,q_68d60970,rerun_24h,1,temporal_align_qa,2023,VOLATILE,"2000,2001,2002,2003,2004,2005,2006,2007,2008,2009,2010,2011,2012,2013,2014,2015,2016,2017,2018,2019,2020,2021,2022,2023",2023,3,0,1,1
q_69646c02@rerun_24h,q_69646c02,rerun_24h,1,freshqa,2023,SINGLE_YEAR,2023,2023,3,,1,
q_697c0008@rerun_24h,q_697c0008,rerun_24h,1,temporal_align_qa,2023,VOLATILE,"2000,2001,2002,2003,2004,2005,2006,2007,2008,2009,2010,2011,2012,2013,2014,2015,2016,2017,2018,2019,2020,2021,2022,2023",2023,3,0,1,1
q_69b0bd6d@rerun_24h,q_69b0bd6d,rerun_24h,1,temporal_align_qa,2023,VOLATILE,"2000,2001,2002,2003,2004,2005,2006,2007,2008,2009,2010,2011,2012,2013,2014,2015,2016,2017,2018,2019,2020,2021,2022,2023",2023,3,0,1,1
q_69f7cd76@rerun_24h,q_69f7cd76,rerun_24h,1,temporal_align_qa,2023,VOLATILE,"2000,2001,2002,2003,2004,2005,2006,2007,2008,2009,2010,2011,2012,2013,2014,2015,2016,2017,2018,2019,2020,2021,2022,2023",2023,3,0,1,1
q_6a00b156@rerun_24h,q_6a00b156,rerun_24h,1,triviaqa,,NOT_TIME_KEYED,,,,,,
q_6a6b8494@rerun_24h,q_6a6b8494,rerun_24h,1,freshqa,2023,SINGLE_YEAR,2023,2023,3,,1,
q_6a754bab@rerun_24h,q_6a754bab,rerun_24h,1,temporal_align_qa,2023,VOLATILE,"2000,2001,2002,2003,2004,2005,2006,2007,2008,2009,2010,2011,2012,2013,2014,2015,2016,2017,2018,2019,2020,2021,2022,2023",2023,3,0,1,1
q_6a7dc28e@rerun_24h,q_6a7dc28e,rerun_24h,1,freshqa,2022,SINGLE_YEAR,2022,2022,4,,1,
q_6a82c062@rerun_24h,q_6a82c062,rerun_24h,1,temporal_align_qa,2023,VOLATILE,"2000,2001,2002,2003,2004,2005,2006,2007,2008,2009,2010,2011,2012,2013,2014,2015,2016,2017,2018,2019,2020,2021,2022,2023",2023,3,0,1,1
q_6a9f5944@rerun_24h,q_6a9f5944,rerun_24h,1,temporal_align_qa,2023,VOLATILE,"2000,2001,2002,2003,2004,2005,2006,2007,2008,2009,2010,2011,2012,2013,2014,2015,2016,2017,2018,2019,2020,2021,2022,2023",2023,3,0,1,1
q_6aed1558@rerun_12h,q_6aed1558,rerun_12h,1,temporal_align_qa,2023,VOLATILE,"2000,2001,2002,2003,2004,2005,2006,2007,2008,2009,2010,2011,2012,2013,2014,2015,2016,2017,2018,2019,2020,2021,2022,2023",2023,3,0,1,1
q_6bd3b3c9@rerun_12h,q_6bd3b3c9,rerun_12h,1,triviaqa,,NOT_TIME_KEYED,,,,,,
q_6c6fbf05@rerun_24h,q_6c6fbf05,rerun_24h,1,freshqa,before 2022,SINGLE_YEAR,before 2022,before 2022,,,1,
q_6d00c75f@rerun_24h,q_6d00c75f,rerun_24h,1,freshqa,2023,SINGLE_YEAR,2023,2023,3,,1,
q_6dce83d8@rerun_24h,q_6dce83d8,rerun_24h,1,temporal_align_qa,2023,VOLATILE,"2000,2001,2002,2003,2004,2005,2006,2007,2008,2009,2010,2011,2012,2013,2014,2015,2016,2017,2018,2019,2020,2021,2022,2023",2023,3,0,1,1
q_6e543930@rerun_24h,q_6e543930,rerun_24h,1,triviaqa,,NOT_TIME_KEYED,,,,,,
q_6f15c777@rerun_24h,q_6f15c777,rerun_24h,1,triviaqa,,NOT_TIME_KEYED,,,,,,
q_6f19be8a@rerun_24h,q_6f19be8a,rerun_24h,1,temporal_align_qa,2023,VOLATILE,"2000,2001,2002,2003,2004,2005,2006,2007,2008,2009,2010,2011,2012,2013,2014,2015,2016,2017,2018,2019,2020,2021,2022,2023",2023,3,0,1,1
q_6f1acb10@rerun_24h,q_6f1acb10,rerun_24h,1,temporal_align_qa,2023,VOLATILE,"2000,2001,2002,2003,2004,2005,2006,2007,2008,2009,2010,2011,2012,2013,2014,2015,2016,2017,2018,2019,2020,2021,2022,2023",2023,3,0,1,1
q_70ab2a41@rerun_24h,q_70ab2a41,rerun_24h,1,temporal_align_qa,2023,VOLATILE,"2000,2001,2002,2003,2004,2005,2006,2007,2008,2009,2010,2011,2012,2013,2014,2015,2016,2017,2018,2019,2020,2021,2022,2023",2023,3,0,1,1
q_71c4d6a7@rerun_24h,q_71c4d6a7,rerun_24h,1,temporal_align_qa,2023,VOLATILE,"2000,2001,2002,2003,2004,2005,2006,2007,2008,2009,2010,2011,2012,2013,2014,2015,2016,2017,2018,2019,2020,2021,2022,2023",2023,3,0,1,1
q_71ca7be1@rerun_24h,q_71ca7be1,rerun_24h,1,temporal_align_qa,2023,VOLATILE,"2000,2001,2002,2003,2004,2005,2006,2007,2008,2009,2010,2011,2012,2013,2014,2015,2016,2017,2018,2019,2020,2021,2022,2023",2023,3,0,1,1
q_7378baa7@rerun_24h,q_7378baa7,rerun_24h,1,temporal_align_qa,2023,VOLATILE,"2000,2001,2002,2003,2004,2005,2006,2007,2008,2009,2010,2011,2012,2013,2014,2015,2016,2017,2018,2019,2020,2021,2022,2023",2023,3,0,1,1
q_738b3f1b@rerun_12h,q_738b3f1b,rerun_12h,1,temporal_align_qa,2023,VOLATILE,"2000,2001,2002,2003,2004,2005,2006,2007,2008,2009,2010,2011,2012,2013,2014,2015,2016,2017,2018,2019,2020,2021,2022,2023",2023,3,0,1,1
q_746185c8@rerun_24h,q_746185c8,rerun_24h,1,triviaqa,,NOT_TIME_KEYED,,,,,,
q_747bbca1@rerun_24h,q_747bbca1,rerun_24h,1,freshqa,2023,SINGLE_YEAR,2023,2023,3,,1,
q_75b15e04@rerun_24h,q_75b15e04,rerun_24h,1,temporal_align_qa,2023,VOLATILE,"2000,2001,2002,2003,2004,2005,2006,2007,2008,2009,2010,2011,2012,2013,2014,2015,2016,2017,2018,2019,2020,2021,2022,2023",2023,3,0,1,1
q_75c9b763@rerun_24h,q_75c9b763,rerun_24h,1,temporal_align_qa,2023,VOLATILE,"2000,2001,2002,2003,2004,2005,2006,2007,2008,2009,2010,2011,2012,2013,2014,2015,2016,2017,2018,2019,2020,2021,2022,2023",2023,3,0,1,1
q_75e28045@rerun_24h,q_75e28045,rerun_24h,2,temporal_align_qa,2023,VOLATILE,"2000,2001,2002,2003,2004,2005,2006,2007,2008,2009,2010,2011,2012,2013,2014,2015,2016,2017,2018,2019,2020,2021,2022,2023",2023,3,0,1,1
q_76a7b4a6@rerun_24h,q_76a7b4a6,rerun_24h,1,temporal_align_qa,2023,VOLATILE,"2000,2001,2002,2003,2004,2005,2006,2007,2008,2009,2010,2011,2012,2013,2014,2015,2016,2017,2018,2019,2020,2021,2022,2023",2023,3,0,1,1
q_76be48a4@rerun_24h,q_76be48a4,rerun_24h,1,temporal_align_qa,2023,VOLATILE,"2000,2001,2002,2003,2004,2005,2006,2007,2008,2009,2010,2011,2012,2013,2014,2015,2016,2017,2018,2019,2020,2021,2022,2023",2023,3,0,1,1
q_77b08615@rerun_24h,q_77b08615,rerun_24h,1,temporal_align_qa,2023,VOLATILE,"2000,2001,2002,2003,2004,2005,2006,2007,2008,2009,2010,2011,2012,2013,2014,2015,2016,2017,2018,2019,2020,2021,2022,2023",2023,3,0,1,1
q_77f52421@rerun_24h,q_77f52421,rerun_24h,1,temporal_align_qa,2023,VOLATILE,"2000,2001,2002,2003,2004,2005,2006,2007,2008,2009,2010,2011,2012,2013,2014,2015,2016,2017,2018,2019,2020,2021,2022,2023",2023,3,0,1,1
q_7810cebf@rerun_24h,q_7810cebf,rerun_24h,1,temporal_align_qa,2023,VOLATILE,"2000,2001,2002,2003,2004,2005,2006,2007,2008,2009,2010,2011,2012,2013,2014,2015,2016,2017,2018,2019,2020,2021,2022,2023",2023,3,0,1,1
q_78251db1@rerun_24h,q_78251db1,rerun_24h,1,temporal_align_qa,2023,VOLATILE,"2000,2001,2002,2003,2004,2005,2006,2007,2008,2009,2010,2011,2012,2013,2014,2015,2016,2017,2018,2019,2020,2021,2022,2023",2023,3,0,1,1
q_785fdb1b@rerun_24h,q_785fdb1b,rerun_24h,1,temporal_align_qa,2023,VOLATILE,"2000,2001,2002,2003,2004,2005,2006,2007,2008,2009,2010,2011,2012,2013,2014,2015,2016,2017,2018,2019,2020,2021,2022,2023",2023,3,0,1,1
q_787a3f9a@rerun_24h,q_787a3f9a,rerun_24h,1,temporal_align_qa,2023,VOLATILE,"2000,2001,2002,2003,2004,2005,2006,2007,2008,2009,2010,2011,2012,2013,2014,2015,2016,2017,2018,2019,2020,2021,2022,2023",2023,3,0,1,1
q_7889631c@rerun_24h,q_7889631c,rerun_24h,1,temporal_align_qa,2023,VOLATILE,"2000,2001,2002,2003,2004,2005,2006,2007,2008,2009,2010,2011,2012,2013,2014,2015,2016,2017,2018,2019,2020,2021,2022,2023",2023,3,0,1,1
q_78ed83ff@rerun_24h,q_78ed83ff,rerun_24h,1,temporal_align_qa,2023,VOLATILE,"2000,2001,2002,2003,2004,2005,2006,2007,2008,2009,2010,2011,2012,2013,2014,2015,2016,2017,2018,2019,2020,2021,2022,2023",2023,3,0,1,1
q_79078e30@rerun_24h,q_79078e30,rerun_24h,1,temporal_align_qa,2023,VOLATILE,"2000,2001,2002,2003,2004,2005,2006,2007,2008,2009,2010,2011,2012,2013,2014,2015,2016,2017,2018,2019,2020,2021,2022,2023",2023,3,0,1,1
q_7946d4f3@rerun_24h,q_7946d4f3,rerun_24h,1,temporal_align_qa,2023,VOLATILE,"2000,2001,2002,2003,2004,2005,2006,2007,2008,2009,2010,2011,2012,2013,2014,2015,2016,2017,2018,2019,2020,2021,2022,2023",2023,3,0,1,1
q_794f635d@rerun_24h,q_794f635d,rerun_24h,1,temporal_align_qa,2023,VOLATILE,"2000,2001,2002,2003,2004,2005,2006,2007,2008,2009,2010,2011,2012,2013,2014,2015,2016,2017,2018,2019,2020,2021,2022,2023",2023,3,0,1,1
q_7954a9bc@rerun_24h,q_7954a9bc,rerun_24h,1,temporal_align_qa,2023,VOLATILE,"2000,2001,2002,2003,2004,2005,2006,2007,2008,2009,2010,2011,2012,2013,2014,2015,2016,2017,2018,2019,2020,2021,2022,2023",2023,3,0,1,1
q_79d94239@rerun_24h,q_79d94239,rerun_24h,1,triviaqa,,NOT_TIME_KEYED,,,,,,
q_79daac81@rerun_24h,q_79daac81,rerun_24h,2,freshqa,2022,SINGLE_YEAR,2022,2022,4,,1,
q_79f6b4eb@rerun_24h,q_79f6b4eb,rerun_24h,1,temporal_align_qa,2023,VOLATILE,"2000,2001,2002,2003,2004,2005,2006,2007,2008,2009,2010,2011,2012,2013,2014,2015,2016,2017,2018,2019,2020,2021,2022,2023",2023,3,0,1,1
q_7a065d8f@rerun_24h,q_7a065d8f,rerun_24h,1,temporal_align_qa,2023,VOLATILE,"2000,2001,2002,2003,2004,2005,2006,2007,2008,2009,2010,2011,2012,2013,2014,2015,2016,2017,2018,2019,2020,2021,2022,2023",2023,3,0,1,1
q_7a2157d8@rerun_24h,q_7a2157d8,rerun_24h,1,triviaqa,,NOT_TIME_KEYED,,,,,,
q_7b41f83f@rerun_24h,q_7b41f83f,rerun_24h,1,temporal_align_qa,2023,VOLATILE,"2000,2001,2002,2003,2004,2005,2006,2007,2008,2009,2010,2011,2012,2013,2014,2015,2016,2017,2018,2019,2020,2021,2022,2023",2023,3,0,1,1
q_7be67437@rerun_24h,q_7be67437,rerun_24h,1,temporal_align_qa,2023,VOLATILE,"2000,2001,2002,2003,2004,2005,2006,2007,2008,2009,2010,2011,2012,2013,2014,2015,2016,2017,2018,2019,2020,2021,2022,2023",2023,3,0,1,1
q_7c0a6cba@rerun_12h,q_7c0a6cba,rerun_12h,1,temporal_align_qa,2023,VOLATILE,"2000,2001,2002,2003,2004,2005,2006,2007,2008,2009,2010,2011,2012,2013,2014,2015,2016,2017,2018,2019,2020,2021,2022,2023",2023,3,0,1,1
q_7c47387f@rerun_24h,q_7c47387f,rerun_24h,1,temporal_align_qa,2023,VOLATILE,"2000,2001,2002,2003,2004,2005,2006,2007,2008,2009,2010,2011,2012,2013,2014,2015,2016,2017,2018,2019,2020,2021,2022,2023",2023,3,0,1,1
q_7dd95f30@rerun_1h,q_7dd95f30,rerun_1h,1,temporal_align_qa,2023,VOLATILE,"2000,2001,2002,2003,2004,2005,2006,2007,2008,2009,2010,2011,2012,2013,2014,2015,2016,2017,2018,2019,2020,2021,2022,2023",2023,3,0,1,1
q_7dd95f30@rerun_24h,q_7dd95f30,rerun_24h,1,temporal_align_qa,2023,VOLATILE,"2000,2001,2002,2003,2004,2005,2006,2007,2008,2009,2010,2011,2012,2013,2014,2015,2016,2017,2018,2019,2020,2021,2022,2023",2023,3,0,1,1
q_7ed2a6d6@rerun_24h,q_7ed2a6d6,rerun_24h,1,temporal_align_qa,2023,VOLATILE,"2000,2001,2002,2003,2004,2005,2006,2007,2008,2009,2010,2011,2012,2013,2014,2015,2016,2017,2018,2019,2020,2021,2022,2023",2023,3,0,1,1
q_7fc62b46@rerun_24h,q_7fc62b46,rerun_24h,1,temporal_align_qa,2023,VOLATILE,"2000,2001,2002,2003,2004,2005,2006,2007,2008,2009,2010,2011,2012,2013,2014,2015,2016,2017,2018,2019,2020,2021,2022,2023",2023,3,0,1,1
q_801947bd@rerun_24h,q_801947bd,rerun_24h,1,temporal_align_qa,2023,VOLATILE,"2000,2001,2002,2003,2004,2005,2006,2007,2008,2009,2010,2011,2012,2013,2014,2015,2016,2017,2018,2019,2020,2021,2022,2023",2023,3,0,1,1
q_802fd2cb@rerun_24h,q_802fd2cb,rerun_24h,1,temporal_align_qa,2023,VOLATILE,"2000,2001,2002,2003,2004,2005,2006,2007,2008,2009,2010,2011,2012,2013,2014,2015,2016,2017,2018,2019,2020,2021,2022,2023",2023,3,0,1,1
q_807cdee5@rerun_24h,q_807cdee5,rerun_24h,1,temporal_align_qa,2023,VOLATILE,"2000,2001,2002,2003,2004,2005,2006,2007,2008,2009,2010,2011,2012,2013,2014,2015,2016,2017,2018,2019,2020,2021,2022,2023",2023,3,0,1,1
q_80aa22e7@rerun_24h,q_80aa22e7,rerun_24h,1,freshqa,before 2022,SINGLE_YEAR,before 2022,before 2022,,,1,
q_80aff2cd@rerun_24h,q_80aff2cd,rerun_24h,1,temporal_align_qa,2023,VOLATILE,"2000,2001,2002,2003,2004,2005,2006,2007,2008,2009,2010,2011,2012,2013,2014,2015,2016,2017,2018,2019,2020,2021,2022,2023",2023,3,0,1,1
q_80bc432e@rerun_24h,q_80bc432e,rerun_24h,1,triviaqa,,NOT_TIME_KEYED,,,,,,
q_811a9dea@rerun_24h,q_811a9dea,rerun_24h,1,temporal_align_qa,2023,VOLATILE,"2000,2001,2002,2003,2004,2005,2006,2007,2008,2009,2010,2011,2012,2013,2014,2015,2016,2017,2018,2019,2020,2021,2022,2023",2023,3,0,1,1
q_827117d8@rerun_24h,q_827117d8,rerun_24h,1,temporal_align_qa,2023,VOLATILE,"2000,2001,2002,2003,2004,2005,2006,2007,2008,2009,2010,2011,2012,2013,2014,2015,2016,2017,2018,2019,2020,2021,2022,2023",2023,3,0,1,1
q_829bbe74@rerun_24h,q_829bbe74,rerun_24h,1,freshqa,before 2022,SINGLE_YEAR,before 2022,before 2022,,,1,
q_82aed09c@rerun_24h,q_82aed09c,rerun_24h,1,temporal_align_qa,2023,VOLATILE,"2000,2001,2002,2003,2004,2005,2006,2007,2008,2009,2010,2011,2012,2013,2014,2015,2016,2017,2018,2019,2020,2021,2022,2023",2023,3,0,1,1
q_82fe96e1@rerun_24h,q_82fe96e1,rerun_24h,1,freshqa,2022,SINGLE_YEAR,2022,2022,4,,1,
q_830461c0@rerun_24h,q_830461c0,rerun_24h,1,temporal_align_qa,2023,VOLATILE,"2000,2001,2002,2003,2004,2005,2006,2007,2008,2009,2010,2011,2012,2013,2014,2015,2016,2017,2018,2019,2020,2021,2022,2023",2023,3,0,1,1
q_83607c5d@rerun_24h,q_83607c5d,rerun_24h,2,temporal_align_qa,2023,VOLATILE,"2000,2001,2002,2003,2004,2005,2006,2007,2008,2009,2010,2011,2012,2013,2014,2015,2016,2017,2018,2019,2020,2021,2022,2023",2023,3,0,1,1
q_83e37c6e@rerun_24h,q_83e37c6e,rerun_24h,1,triviaqa,,NOT_TIME_KEYED,,,,,,
q_8463aab3@rerun_24h,q_8463aab3,rerun_24h,1,temporal_align_qa,2023,VOLATILE,"2000,2001,2002,2003,2004,2005,2006,2007,2008,2009,2010,2011,2012,2013,2014,2015,2016,2017,2018,2019,2020,2021,2022,2023",2023,3,0,1,1
q_84993503@rerun_24h,q_84993503,rerun_24h,2,temporal_align_qa,2023,VOLATILE,"2000,2001,2002,2003,2004,2005,2006,2007,2008,2009,2010,2011,2012,2013,2014,2015,2016,2017,2018,2019,2020,2021,2022,2023",2023,3,0,1,1
q_84d66f3a@rerun_12h,q_84d66f3a,rerun_12h,1,triviaqa,,NOT_TIME_KEYED,,,,,,
q_84e159d5@rerun_24h,q_84e159d5,rerun_24h,1,temporal_align_qa,2023,VOLATILE,"2000,2001,2002,2003,2004,2005,2006,2007,2008,2009,2010,2011,2012,2013,2014,2015,2016,2017,2018,2019,2020,2021,2022,2023",2023,3,0,1,1
q_8500b23d@rerun_24h,q_8500b23d,rerun_24h,1,temporal_align_qa,2023,VOLATILE,"2000,2001,2002,2003,2004,2005,2006,2007,2008,2009,2010,2011,2012,2013,2014,2015,2016,2017,2018,2019,2020,2021,2022,2023",2023,3,0,1,1
q_85ab1b76@rerun_24h,q_85ab1b76,rerun_24h,1,temporal_align_qa,2023,VOLATILE,"2000,2001,2002,2003,2004,2005,2006,2007,2008,2009,2010,2011,2012,2013,2014,2015,2016,2017,2018,2019,2020,2021,2022,2023",2023,3,0,1,1
q_86cb82cf@rerun_24h,q_86cb82cf,rerun_24h,1,triviaqa,,NOT_TIME_KEYED,,,,,,
q_86cdf888@rerun_24h,q_86cdf888,rerun_24h,1,triviaqa,,NOT_TIME_KEYED,,,,,,
q_86e95f29@rerun_24h,q_86e95f29,rerun_24h,1,temporal_align_qa,2023,VOLATILE,"2000,2001,2002,2003,2004,2005,2006,2007,2008,2009,2010,2011,2012,2013,2014,2015,2016,2017,2018,2019,2020,2021,2022,2023",2023,3,0,1,1
q_874ffcdd@rerun_24h,q_874ffcdd,rerun_24h,1,temporal_align_qa,2023,VOLATILE,"2000,2001,2002,2003,2004,2005,2006,2007,2008,2009,2010,2011,2012,2013,2014,2015,2016,2017,2018,2019,2020,2021,2022,2023",2023,3,0,1,1
q_876bdd3b@rerun_24h,q_876bdd3b,rerun_24h,1,triviaqa,,NOT_TIME_KEYED,,,,,,
q_87ca114c@rerun_24h,q_87ca114c,rerun_24h,2,triviaqa,,NOT_TIME_KEYED,,,,,,
q_8853a8be@rerun_24h,q_8853a8be,rerun_24h,1,temporal_align_qa,2023,VOLATILE,"2000,2001,2002,2003,2004,2005,2006,2007,2008,2009,2010,2011,2012,2013,2014,2015,2016,2017,2018,2019,2020,2021,2022,2023",2023,3,0,1,1
q_885601a2@rerun_24h,q_885601a2,rerun_24h,1,temporal_align_qa,2023,VOLATILE,"2000,2001,2002,2003,2004,2005,2006,2007,2008,2009,2010,2011,2012,2013,2014,2015,2016,2017,2018,2019,2020,2021,2022,2023",2023,3,0,1,1
q_885ecd41@rerun_24h,q_885ecd41,rerun_24h,1,triviaqa,,NOT_TIME_KEYED,,,,,,
q_887b8e3c@rerun_24h,q_887b8e3c,rerun_24h,1,temporal_align_qa,2023,VOLATILE,"2000,2001,2002,2003,2004,2005,2006,2007,2008,2009,2010,2011,2012,2013,2014,2015,2016,2017,2018,2019,2020,2021,2022,2023",2023,3,0,1,1
q_8892bc4b@rerun_24h,q_8892bc4b,rerun_24h,1,temporal_align_qa,2023,VOLATILE,"2000,2001,2002,2003,2004,2005,2006,2007,2008,2009,2010,2011,2012,2013,2014,2015,2016,2017,2018,2019,2020,2021,2022,2023",2023,3,0,1,1
q_88bc6deb@rerun_24h,q_88bc6deb,rerun_24h,1,temporal_align_qa,2023,VOLATILE,"2000,2001,2002,2003,2004,2005,2006,2007,2008,2009,2010,2011,2012,2013,2014,2015,2016,2017,2018,2019,2020,2021,2022,2023",2023,3,0,1,1
q_88f50274@rerun_24h,q_88f50274,rerun_24h,1,temporal_align_qa,2023,VOLATILE,"2000,2001,2002,2003,2004,2005,2006,2007,2008,2009,2010,2011,2012,2013,2014,2015,2016,2017,2018,2019,2020,2021,2022,2023",2023,3,0,1,1
q_8a614432@rerun_24h,q_8a614432,rerun_24h,1,temporal_align_qa,2023,VOLATILE,"2000,2001,2002,2003,2004,2005,2006,2007,2008,2009,2010,2011,2012,2013,2014,2015,2016,2017,2018,2019,2020,2021,2022,2023",2023,3,0,1,1
q_8aa09cab@rerun_24h,q_8aa09cab,rerun_24h,1,temporal_align_qa,2023,VOLATILE,"2000,2001,2002,2003,2004,2005,2006,2007,2008,2009,2010,2011,2012,2013,2014,2015,2016,2017,2018,2019,2020,2021,2022,2023",2023,3,0,1,1
q_8ac2e944@rerun_24h,q_8ac2e944,rerun_24h,1,temporal_align_qa,2023,VOLATILE,"2000,2001,2002,2003,2004,2005,2006,2007,2008,2009,2010,2011,2012,2013,2014,2015,2016,2017,2018,2019,2020,2021,2022,2023",2023,3,0,1,1
q_8acef480@rerun_24h,q_8acef480,rerun_24h,1,triviaqa,,NOT_TIME_KEYED,,,,,,
q_8af46f37@rerun_24h,q_8af46f37,rerun_24h,1,temporal_align_qa,2023,VOLATILE,"2000,2001,2002,2003,2004,2005,2006,2007,2008,2009,2010,2011,2012,2013,2014,2015,2016,2017,2018,2019,2020,2021,2022,2023",2023,3,0,1,1
q_8b7e079f@rerun_12h,q_8b7e079f,rerun_12h,1,temporal_align_qa,2023,VOLATILE,"2000,2001,2002,2003,2004,2005,2006,2007,2008,2009,2010,2011,2012,2013,2014,2015,2016,2017,2018,2019,2020,2021,2022,2023",2023,3,0,1,1
q_8b7e079f@rerun_24h,q_8b7e079f,rerun_24h,1,temporal_align_qa,2023,VOLATILE,"2000,2001,2002,2003,2004,2005,2006,2007,2008,2009,2010,2011,2012,2013,2014,2015,2016,2017,2018,2019,2020,2021,2022,2023",2023,3,0,1,1
q_8b83e11f@rerun_24h,q_8b83e11f,rerun_24h,1,temporal_align_qa,2023,VOLATILE,"2000,2001,2002,2003,2004,2005,2006,2007,2008,2009,2010,2011,2012,2013,2014,2015,2016,2017,2018,2019,2020,2021,2022,2023",2023,3,0,1,1
q_8bfaeff4@rerun_24h,q_8bfaeff4,rerun_24h,1,temporal_align_qa,2023,VOLATILE,"2000,2001,2002,2003,2004,2005,2006,2007,2008,2009,2010,2011,2012,2013,2014,2015,2016,2017,2018,2019,2020,2021,2022,2023",2023,3,0,1,1
q_8c58ce9c@rerun_24h,q_8c58ce9c,rerun_24h,1,triviaqa,,NOT_TIME_KEYED,,,,,,
q_8d51049f@rerun_24h,q_8d51049f,rerun_24h,1,temporal_align_qa,2023,VOLATILE,"2000,2001,2002,2003,2004,2005,2006,2007,2008,2009,2010,2011,2012,2013,2014,2015,2016,2017,2018,2019,2020,2021,2022,2023",2023,3,0,1,1
q_8dc147d0@rerun_24h,q_8dc147d0,rerun_24h,2,freshqa,2023,SINGLE_YEAR,2023,2023,3,,1,
q_8e1c3bc4@rerun_24h,q_8e1c3bc4,rerun_24h,1,temporal_align_qa,2023,VOLATILE,"2000,2001,2002,2003,2004,2005,2006,2007,2008,2009,2010,2011,2012,2013,2014,2015,2016,2017,2018,2019,2020,2021,2022,2023",2023,3,0,1,1
q_8e283b0e@rerun_24h,q_8e283b0e,rerun_24h,1,temporal_align_qa,2023,VOLATILE,"2000,2001,2002,2003,2004,2005,2006,2007,2008,2009,2010,2011,2012,2013,2014,2015,2016,2017,2018,2019,2020,2021,2022,2023",2023,3,0,1,1
q_8ea4bd29@rerun_24h,q_8ea4bd29,rerun_24h,1,triviaqa,,NOT_TIME_KEYED,,,,,,
q_8ec920df@rerun_24h,q_8ec920df,rerun_24h,1,temporal_align_qa,2023,VOLATILE,"2000,2001,2002,2003,2004,2005,2006,2007,2008,2009,2010,2011,2012,2013,2014,2015,2016,2017,2018,2019,2020,2021,2022,2023",2023,3,0,1,1
q_8efe208f@rerun_24h,q_8efe208f,rerun_24h,1,temporal_align_qa,2023,VOLATILE,"2000,2001,2002,2003,2004,2005,2006,2007,2008,2009,2010,2011,2012,2013,2014,2015,2016,2017,2018,2019,2020,2021,2022,2023",2023,3,0,1,1
q_8f04e897@rerun_24h,q_8f04e897,rerun_24h,2,triviaqa,,NOT_TIME_KEYED,,,,,,
q_8fb47752@rerun_24h,q_8fb47752,rerun_24h,2,freshqa,2023,SINGLE_YEAR,2023,2023,3,,1,
q_8fda5466@rerun_12h,q_8fda5466,rerun_12h,1,temporal_align_qa,2023,VOLATILE,"2000,2001,2002,2003,2004,2005,2006,2007,2008,2009,2010,2011,2012,2013,2014,2015,2016,2017,2018,2019,2020,2021,2022,2023",2023,3,0,1,1
q_90bb4e98@rerun_24h,q_90bb4e98,rerun_24h,1,temporal_align_qa,2023,VOLATILE,"2000,2001,2002,2003,2004,2005,2006,2007,2008,2009,2010,2011,2012,2013,2014,2015,2016,2017,2018,2019,2020,2021,2022,2023",2023,3,0,1,1
q_90cb856a@rerun_24h,q_90cb856a,rerun_24h,1,triviaqa,,NOT_TIME_KEYED,,,,,,
q_91044e4b@rerun_24h,q_91044e4b,rerun_24h,1,temporal_align_qa,2023,VOLATILE,"2000,2001,2002,2003,2004,2005,2006,2007,2008,2009,2010,2011,2012,2013,2014,2015,2016,2017,2018,2019,2020,2021,2022,2023",2023,3,0,1,1
q_91a992f1@rerun_24h,q_91a992f1,rerun_24h,1,temporal_align_qa,2023,VOLATILE,"2000,2001,2002,2003,2004,2005,2006,2007,2008,2009,2010,2011,2012,2013,2014,2015,2016,2017,2018,2019,2020,2021,2022,2023",2023,3,0,1,0
q_91fe9bbc@rerun_24h,q_91fe9bbc,rerun_24h,1,temporal_align_qa,2023,VOLATILE,"2000,2001,2002,2003,2004,2005,2006,2007,2008,2009,2010,2011,2012,2013,2014,2015,2016,2017,2018,2019,2020,2021,2022,2023",2023,3,0,1,1
q_92b21278@rerun_24h,q_92b21278,rerun_24h,1,temporal_align_qa,2023,VOLATILE,"2000,2001,2002,2003,2004,2005,2006,2007,2008,2009,2010,2011,2012,2013,2014,2015,2016,2017,2018,2019,2020,2021,2022,2023",2023,3,0,1,1
q_92bed87f@rerun_24h,q_92bed87f,rerun_24h,1,triviaqa,,NOT_TIME_KEYED,,,,,,
q_92dda9c3@rerun_24h,q_92dda9c3,rerun_24h,1,temporal_align_qa,2023,VOLATILE,"2000,2001,2002,2003,2004,2005,2006,2007,2008,2009,2010,2011,2012,2013,2014,2015,2016,2017,2018,2019,2020,2021,2022,2023",2023,3,0,1,1
q_935fff1b@rerun_24h,q_935fff1b,rerun_24h,1,temporal_align_qa,2023,VOLATILE,"2000,2001,2002,2003,2004,2005,2006,2007,2008,2009,2010,2011,2012,2013,2014,2015,2016,2017,2018,2019,2020,2021,2022,2023",2023,3,0,1,1
q_93aa5399@rerun_24h,q_93aa5399,rerun_24h,1,triviaqa,,NOT_TIME_KEYED,,,,,,
q_9432e97c@rerun_24h,q_9432e97c,rerun_24h,2,triviaqa,,NOT_TIME_KEYED,,,,,,
q_94939cea@rerun_24h,q_94939cea,rerun_24h,1,temporal_align_qa,2023,VOLATILE,"2000,2001,2002,2003,2004,2005,2006,2007,2008,2009,2010,2011,2012,2013,2014,2015,2016,2017,2018,2019,2020,2021,2022,2023",2023,3,0,1,1
q_94cb7c4a@rerun_24h,q_94cb7c4a,rerun_24h,1,temporal_align_qa,2023,VOLATILE,"2000,2001,2002,2003,2004,2005,2006,2007,2008,2009,2010,2011,2012,2013,2014,2015,2016,2017,2018,2019,2020,2021,2022,2023",2023,3,0,1,1
q_96543752@rerun_12h,q_96543752,rerun_12h,1,temporal_align_qa,2023,VOLATILE,"2000,2001,2002,2003,2004,2005,2006,2007,2008,2009,2010,2011,2012,2013,2014,2015,2016,2017,2018,2019,2020,2021,2022,2023",2023,3,0,1,1
q_9654e28e@rerun_24h,q_9654e28e,rerun_24h,1,temporal_align_qa,2023,VOLATILE,"2000,2001,2002,2003,2004,2005,2006,2007,2008,2009,2010,2011,2012,2013,2014,2015,2016,2017,2018,2019,2020,2021,2022,2023",2023,3,0,1,1
q_9679dc80@rerun_24h,q_9679dc80,rerun_24h,1,temporal_align_qa,2023,VOLATILE,"2000,2001,2002,2003,2004,2005,2006,2007,2008,2009,2010,2011,2012,2013,2014,2015,2016,2017,2018,2019,2020,2021,2022,2023",2023,3,0,1,1
q_96b1bf1a@rerun_24h,q_96b1bf1a,rerun_24h,1,triviaqa,,NOT_TIME_KEYED,,,,,,
q_96dff6da@rerun_24h,q_96dff6da,rerun_24h,1,freshqa,2021,SINGLE_YEAR,2021,2021,5,,1,
q_9713cc4c@rerun_24h,q_9713cc4c,rerun_24h,1,freshqa,2022,SINGLE_YEAR,2022,2022,4,,1,
q_97b198d0@rerun_24h,q_97b198d0,rerun_24h,1,temporal_align_qa,2023,VOLATILE,"2000,2001,2002,2003,2004,2005,2006,2007,2008,2009,2010,2011,2012,2013,2014,2015,2016,2017,2018,2019,2020,2021,2022,2023",2023,3,0,1,1
q_97cbd451@rerun_24h,q_97cbd451,rerun_24h,1,triviaqa,,NOT_TIME_KEYED,,,,,,
q_98d7f7da@rerun_24h,q_98d7f7da,rerun_24h,1,triviaqa,,NOT_TIME_KEYED,,,,,,
q_995c0608@rerun_24h,q_995c0608,rerun_24h,1,temporal_align_qa,2023,VOLATILE,"2000,2001,2002,2003,2004,2005,2006,2007,2008,2009,2010,2011,2012,2013,2014,2015,2016,2017,2018,2019,2020,2021,2022,2023",2023,3,0,1,1
q_99c9cb7f@rerun_24h,q_99c9cb7f,rerun_24h,1,temporal_align_qa,2023,VOLATILE,"2000,2001,2002,2003,2004,2005,2006,2007,2008,2009,2010,2011,2012,2013,2014,2015,2016,2017,2018,2019,2020,2021,2022,2023",2023,3,0,1,1
q_99dcb85c@rerun_24h,q_99dcb85c,rerun_24h,1,temporal_align_qa,2023,VOLATILE,"2000,2001,2002,2003,2004,2005,2006,2007,2008,2009,2010,2011,2012,2013,2014,2015,2016,2017,2018,2019,2020,2021,2022,2023",2023,3,0,1,1
q_9a3d3ff9@rerun_24h,q_9a3d3ff9,rerun_24h,1,temporal_align_qa,2023,VOLATILE,"2000,2001,2002,2003,2004,2005,2006,2007,2008,2009,2010,2011,2012,2013,2014,2015,2016,2017,2018,2019,2020,2021,2022,2023",2023,3,0,1,1
q_9a92a9cc@rerun_24h,q_9a92a9cc,rerun_24h,1,temporal_align_qa,2023,VOLATILE,"2000,2001,2002,2003,2004,2005,2006,2007,2008,2009,2010,2011,2012,2013,2014,2015,2016,2017,2018,2019,2020,2021,2022,2023",2023,3,0,1,1
q_9aa8fdeb@rerun_24h,q_9aa8fdeb,rerun_24h,1,temporal_align_qa,2023,VOLATILE,"2000,2001,2002,2003,2004,2005,2006,2007,2008,2009,2010,2011,2012,2013,2014,2015,2016,2017,2018,2019,2020,2021,2022,2023",2023,3,0,1,1
q_9acafca8@rerun_24h,q_9acafca8,rerun_24h,1,triviaqa,,NOT_TIME_KEYED,,,,,,
q_9ad1cf95@rerun_24h,q_9ad1cf95,rerun_24h,1,temporal_align_qa,2023,VOLATILE,"2000,2001,2002,2003,2004,2005,2006,2007,2008,2009,2010,2011,2012,2013,2014,2015,2016,2017,2018,2019,2020,2021,2022,2023",2023,3,0,1,1
q_9ad3d8f7@rerun_12h,q_9ad3d8f7,rerun_12h,1,temporal_align_qa,2023,VOLATILE,"2000,2001,2002,2003,2004,2005,2006,2007,2008,2009,2010,2011,2012,2013,2014,2015,2016,2017,2018,2019,2020,2021,2022,2023",2023,3,0,1,1
q_9ad3d8f7@rerun_24h,q_9ad3d8f7,rerun_24h,1,temporal_align_qa,2023,VOLATILE,"2000,2001,2002,2003,2004,2005,2006,2007,2008,2009,2010,2011,2012,2013,2014,2015,2016,2017,2018,2019,2020,2021,2022,2023",2023,3,0,1,1
q_9b44b067@rerun_24h,q_9b44b067,rerun_24h,1,temporal_align_qa,2023,VOLATILE,"2000,2001,2002,2003,2004,2005,2006,2007,2008,2009,2010,2011,2012,2013,2014,2015,2016,2017,2018,2019,2020,2021,2022,2023",2023,3,0,1,1
q_9b57150e@rerun_24h,q_9b57150e,rerun_24h,1,temporal_align_qa,2023,VOLATILE,"2000,2001,2002,2003,2004,2005,2006,2007,2008,2009,2010,2011,2012,2013,2014,2015,2016,2017,2018,2019,2020,2021,2022,2023",2023,3,0,1,1
q_9b65bcba@rerun_1h,q_9b65bcba,rerun_1h,1,temporal_align_qa,2023,VOLATILE,"2000,2001,2002,2003,2004,2005,2006,2007,2008,2009,2010,2011,2012,2013,2014,2015,2016,2017,2018,2019,2020,2021,2022,2023",2023,3,0,1,1
q_9bcda30d@rerun_24h,q_9bcda30d,rerun_24h,1,temporal_align_qa,2023,VOLATILE,"2000,2001,2002,2003,2004,2005,2006,2007,2008,2009,2010,2011,2012,2013,2014,2015,2016,2017,2018,2019,2020,2021,2022,2023",2023,3,0,1,1
q_9bf08ec9@rerun_24h,q_9bf08ec9,rerun_24h,1,temporal_align_qa,2023,VOLATILE,"2000,2001,2002,2003,2004,2005,2006,2007,2008,2009,2010,2011,2012,2013,2014,2015,2016,2017,2018,2019,2020,2021,2022,2023",2023,3,0,1,1
q_9c334cd8@rerun_12h,q_9c334cd8,rerun_12h,1,temporal_align_qa,2023,VOLATILE,"2000,2001,2002,2003,2004,2005,2006,2007,2008,2009,2010,2011,2012,2013,2014,2015,2016,2017,2018,2019,2020,2021,2022,2023",2023,3,0,1,1
q_9c8a947a@rerun_24h,q_9c8a947a,rerun_24h,1,temporal_align_qa,2023,VOLATILE,"2000,2001,2002,2003,2004,2005,2006,2007,2008,2009,2010,2011,2012,2013,2014,2015,2016,2017,2018,2019,2020,2021,2022,2023",2023,3,0,1,1
q_9d2666a3@rerun_24h,q_9d2666a3,rerun_24h,1,triviaqa,,NOT_TIME_KEYED,,,,,,
q_9d330418@rerun_24h,q_9d330418,rerun_24h,1,triviaqa,,NOT_TIME_KEYED,,,,,,
q_9d61a241@rerun_24h,q_9d61a241,rerun_24h,1,temporal_align_qa,2023,VOLATILE,"2000,2001,2002,2003,2004,2005,2006,2007,2008,2009,2010,2011,2012,2013,2014,2015,2016,2017,2018,2019,2020,2021,2022,2023",2023,3,0,1,1
q_9e4f27be@rerun_24h,q_9e4f27be,rerun_24h,1,temporal_align_qa,2023,VOLATILE,"2000,2001,2002,2003,2004,2005,2006,2007,2008,2009,2010,2011,2012,2013,2014,2015,2016,2017,2018,2019,2020,2021,2022,2023",2023,3,0,1,1
q_9e9cc170@rerun_24h,q_9e9cc170,rerun_24h,2,temporal_align_qa,2023,VOLATILE,"2000,2001,2002,2003,2004,2005,2006,2007,2008,2009,2010,2011,2012,2013,2014,2015,2016,2017,2018,2019,2020,2021,2022,2023",2023,3,0,1,1
q_9ea9bc19@rerun_24h,q_9ea9bc19,rerun_24h,1,triviaqa,,NOT_TIME_KEYED,,,,,,
q_9edf5bd2@rerun_24h,q_9edf5bd2,rerun_24h,2,temporal_align_qa,2023,VOLATILE,"2000,2001,2002,2003,2004,2005,2006,2007,2008,2009,2010,2011,2012,2013,2014,2015,2016,2017,2018,2019,2020,2021,2022,2023",2023,3,0,1,1
q_9f07f1e2@rerun_24h,q_9f07f1e2,rerun_24h,1,triviaqa,,NOT_TIME_KEYED,,,,,,
q_9fb844a5@rerun_24h,q_9fb844a5,rerun_24h,1,temporal_align_qa,2023,VOLATILE,"2000,2001,2002,2003,2004,2005,2006,2007,2008,2009,2010,2011,2012,2013,2014,2015,2016,2017,2018,2019,2020,2021,2022,2023",2023,3,0,1,1
q_9ffc1ed9@rerun_24h,q_9ffc1ed9,rerun_24h,1,triviaqa,,NOT_TIME_KEYED,,,,,,
q_a05e5c8b@rerun_24h,q_a05e5c8b,rerun_24h,2,triviaqa,,NOT_TIME_KEYED,,,,,,
q_a06c234c@rerun_12h,q_a06c234c,rerun_12h,1,temporal_align_qa,2023,VOLATILE,"2000,2001,2002,2003,2004,2005,2006,2007,2008,2009,2010,2011,2012,2013,2014,2015,2016,2017,2018,2019,2020,2021,2022,2023",2023,3,0,1,1
q_a18ad11b@rerun_24h,q_a18ad11b,rerun_24h,1,temporal_align_qa,2023,VOLATILE,"2000,2001,2002,2003,2004,2005,2006,2007,2008,2009,2010,2011,2012,2013,2014,2015,2016,2017,2018,2019,2020,2021,2022,2023",2023,3,0,1,1
q_a1c19e16@rerun_24h,q_a1c19e16,rerun_24h,1,temporal_align_qa,2023,VOLATILE,"2000,2001,2002,2003,2004,2005,2006,2007,2008,2009,2010,2011,2012,2013,2014,2015,2016,2017,2018,2019,2020,2021,2022,2023",2023,3,0,1,1
q_a21594ce@rerun_24h,q_a21594ce,rerun_24h,1,temporal_align_qa,2023,VOLATILE,"2000,2001,2002,2003,2004,2005,2006,2007,2008,2009,2010,2011,2012,2013,2014,2015,2016,2017,2018,2019,2020,2021,2022,2023",2023,3,0,1,1
q_a2ed487a@rerun_24h,q_a2ed487a,rerun_24h,1,temporal_align_qa,2023,VOLATILE,"2000,2001,2002,2003,2004,2005,2006,2007,2008,2009,2010,2011,2012,2013,2014,2015,2016,2017,2018,2019,2020,2021,2022,2023",2023,3,0,1,1
q_a3225b4a@rerun_24h,q_a3225b4a,rerun_24h,1,temporal_align_qa,2023,VOLATILE,"2000,2001,2002,2003,2004,2005,2006,2007,2008,2009,2010,2011,2012,2013,2014,2015,2016,2017,2018,2019,2020,2021,2022,2023",2023,3,0,1,1
q_a3b0afc4@rerun_24h,q_a3b0afc4,rerun_24h,1,temporal_align_qa,2023,VOLATILE,"2000,2001,2002,2003,2004,2005,2006,2007,2008,2009,2010,2011,2012,2013,2014,2015,2016,2017,2018,2019,2020,2021,2022,2023",2023,3,0,1,1
q_a4aacc0f@rerun_24h,q_a4aacc0f,rerun_24h,1,triviaqa,,NOT_TIME_KEYED,,,,,,
q_a5b50e32@rerun_24h,q_a5b50e32,rerun_24h,1,freshqa,2023,SINGLE_YEAR,2023,2023,3,,1,
q_a64535bb@rerun_24h,q_a64535bb,rerun_24h,1,temporal_align_qa,2023,VOLATILE,"2000,2001,2002,2003,2004,2005,2006,2007,2008,2009,2010,2011,2012,2013,2014,2015,2016,2017,2018,2019,2020,2021,2022,2023",2023,3,0,1,1
q_a6c1b4ce@rerun_24h,q_a6c1b4ce,rerun_24h,1,temporal_align_qa,2023,VOLATILE,"2000,2001,2002,2003,2004,2005,2006,2007,2008,2009,2010,2011,2012,2013,2014,2015,2016,2017,2018,2019,2020,2021,2022,2023",2023,3,0,1,1
q_a6d31788@rerun_24h,q_a6d31788,rerun_24h,1,temporal_align_qa,2023,VOLATILE,"2000,2001,2002,2003,2004,2005,2006,2007,2008,2009,2010,2011,2012,2013,2014,2015,2016,2017,2018,2019,2020,2021,2022,2023",2023,3,0,1,1
q_a6ef6cf2@rerun_24h,q_a6ef6cf2,rerun_24h,1,temporal_align_qa,2023,VOLATILE,"2000,2001,2002,2003,2004,2005,2006,2007,2008,2009,2010,2011,2012,2013,2014,2015,2016,2017,2018,2019,2020,2021,2022,2023",2023,3,0,1,1
q_a720c2de@rerun_24h,q_a720c2de,rerun_24h,1,temporal_align_qa,2023,VOLATILE,"2000,2001,2002,2003,2004,2005,2006,2007,2008,2009,2010,2011,2012,2013,2014,2015,2016,2017,2018,2019,2020,2021,2022,2023",2023,3,0,1,1
q_a815ecba@rerun_24h,q_a815ecba,rerun_24h,1,temporal_align_qa,2023,VOLATILE,"2000,2001,2002,2003,2004,2005,2006,2007,2008,2009,2010,2011,2012,2013,2014,2015,2016,2017,2018,2019,2020,2021,2022,2023",2023,3,0,1,1
q_a84da252@rerun_24h,q_a84da252,rerun_24h,1,temporal_align_qa,2023,VOLATILE,"2000,2001,2002,2003,2004,2005,2006,2007,2008,2009,2010,2011,2012,2013,2014,2015,2016,2017,2018,2019,2020,2021,2022,2023",2023,3,0,1,1
q_a867a828@rerun_24h,q_a867a828,rerun_24h,2,triviaqa,,NOT_TIME_KEYED,,,,,,
q_a8f577f5@rerun_24h,q_a8f577f5,rerun_24h,1,temporal_align_qa,2023,VOLATILE,"2000,2001,2002,2003,2004,2005,2006,2007,2008,2009,2010,2011,2012,2013,2014,2015,2016,2017,2018,2019,2020,2021,2022,2023",2023,3,0,1,1
q_a93676a9@rerun_1h,q_a93676a9,rerun_1h,1,triviaqa,,NOT_TIME_KEYED,,,,,,
q_a9520087@rerun_24h,q_a9520087,rerun_24h,1,temporal_align_qa,2023,VOLATILE,"2000,2001,2002,2003,2004,2005,2006,2007,2008,2009,2010,2011,2012,2013,2014,2015,2016,2017,2018,2019,2020,2021,2022,2023",2023,3,0,1,1
q_a9f6ddd4@rerun_24h,q_a9f6ddd4,rerun_24h,1,temporal_align_qa,2023,VOLATILE,"2000,2001,2002,2003,2004,2005,2006,2007,2008,2009,2010,2011,2012,2013,2014,2015,2016,2017,2018,2019,2020,2021,2022,2023",2023,3,0,1,1
q_aa6288cd@rerun_24h,q_aa6288cd,rerun_24h,1,temporal_align_qa,2023,VOLATILE,"2000,2001,2002,2003,2004,2005,2006,2007,2008,2009,2010,2011,2012,2013,2014,2015,2016,2017,2018,2019,2020,2021,2022,2023",2023,3,0,1,1
q_ab431fd9@rerun_24h,q_ab431fd9,rerun_24h,1,temporal_align_qa,2023,VOLATILE,"2000,2001,2002,2003,2004,2005,2006,2007,2008,2009,2010,2011,2012,2013,2014,2015,2016,2017,2018,2019,2020,2021,2022,2023",2023,3,0,1,1
q_abacb5ad@rerun_24h,q_abacb5ad,rerun_24h,1,temporal_align_qa,2023,VOLATILE,"2000,2001,2002,2003,2004,2005,2006,2007,2008,2009,2010,2011,2012,2013,2014,2015,2016,2017,2018,2019,2020,2021,2022,2023",2023,3,0,1,1
q_ac141dc0@rerun_24h,q_ac141dc0,rerun_24h,1,triviaqa,,NOT_TIME_KEYED,,,,,,
q_ac1b24c0@rerun_24h,q_ac1b24c0,rerun_24h,1,temporal_align_qa,2023,VOLATILE,"2000,2001,2002,2003,2004,2005,2006,2007,2008,2009,2010,2011,2012,2013,2014,2015,2016,2017,2018,2019,2020,2021,2022,2023",2023,3,0,1,1
q_ac7fde07@rerun_24h,q_ac7fde07,rerun_24h,2,temporal_align_qa,2023,VOLATILE,"2000,2001,2002,2003,2004,2005,2006,2007,2008,2009,2010,2011,2012,2013,2014,2015,2016,2017,2018,2019,2020,2021,2022,2023",2023,3,0,1,1
q_aca03251@rerun_24h,q_aca03251,rerun_24h,1,temporal_align_qa,2023,VOLATILE,"2000,2001,2002,2003,2004,2005,2006,2007,2008,2009,2010,2011,2012,2013,2014,2015,2016,2017,2018,2019,2020,2021,2022,2023",2023,3,0,1,1
q_acfe9269@rerun_24h,q_acfe9269,rerun_24h,1,triviaqa,,NOT_TIME_KEYED,,,,,,
q_ad306b01@rerun_24h,q_ad306b01,rerun_24h,1,triviaqa,,NOT_TIME_KEYED,,,,,,
q_ad4bef3e@rerun_24h,q_ad4bef3e,rerun_24h,1,temporal_align_qa,2023,VOLATILE,"2000,2001,2002,2003,2004,2005,2006,2007,2008,2009,2010,2011,2012,2013,2014,2015,2016,2017,2018,2019,2020,2021,2022,2023",2023,3,0,1,1
q_adf4be31@rerun_24h,q_adf4be31,rerun_24h,1,temporal_align_qa,2023,VOLATILE,"2000,2001,2002,2003,2004,2005,2006,2007,2008,2009,2010,2011,2012,2013,2014,2015,2016,2017,2018,2019,2020,2021,2022,2023",2023,3,0,1,1
q_ae23812e@rerun_24h,q_ae23812e,rerun_24h,1,temporal_align_qa,2023,VOLATILE,"2000,2001,2002,2003,2004,2005,2006,2007,2008,2009,2010,2011,2012,2013,2014,2015,2016,2017,2018,2019,2020,2021,2022,2023",2023,3,0,1,1
q_ae57c718@rerun_24h,q_ae57c718,rerun_24h,1,triviaqa,,NOT_TIME_KEYED,,,,,,
q_af23c4b7@rerun_24h,q_af23c4b7,rerun_24h,1,temporal_align_qa,2023,VOLATILE,"2000,2001,2002,2003,2004,2005,2006,2007,2008,2009,2010,2011,2012,2013,2014,2015,2016,2017,2018,2019,2020,2021,2022,2023",2023,3,0,1,1
q_b01295a7@rerun_24h,q_b01295a7,rerun_24h,1,temporal_align_qa,2023,VOLATILE,"2000,2001,2002,2003,2004,2005,2006,2007,2008,2009,2010,2011,2012,2013,2014,2015,2016,2017,2018,2019,2020,2021,2022,2023",2023,3,0,1,1
q_b16f0265@rerun_24h,q_b16f0265,rerun_24h,1,temporal_align_qa,2023,VOLATILE,"2000,2001,2002,2003,2004,2005,2006,2007,2008,2009,2010,2011,2012,2013,2014,2015,2016,2017,2018,2019,2020,2021,2022,2023",2023,3,0,1,1
q_b1bd705b@rerun_24h,q_b1bd705b,rerun_24h,1,triviaqa,,NOT_TIME_KEYED,,,,,,
q_b220eed5@rerun_24h,q_b220eed5,rerun_24h,1,temporal_align_qa,2023,VOLATILE,"2000,2001,2002,2003,2004,2005,2006,2007,2008,2009,2010,2011,2012,2013,2014,2015,2016,2017,2018,2019,2020,2021,2022,2023",2023,3,0,1,1
q_b2e307b2@rerun_12h,q_b2e307b2,rerun_12h,1,temporal_align_qa,2023,VOLATILE,"2000,2001,2002,2003,2004,2005,2006,2007,2008,2009,2010,2011,2012,2013,2014,2015,2016,2017,2018,2019,2020,2021,2022,2023",2023,3,0,1,1
q_b32eed02@rerun_24h,q_b32eed02,rerun_24h,1,temporal_align_qa,2023,VOLATILE,"2000,2001,2002,2003,2004,2005,2006,2007,2008,2009,2010,2011,2012,2013,2014,2015,2016,2017,2018,2019,2020,2021,2022,2023",2023,3,0,1,1
q_b37309f3@rerun_24h,q_b37309f3,rerun_24h,1,temporal_align_qa,2023,VOLATILE,"2000,2001,2002,2003,2004,2005,2006,2007,2008,2009,2010,2011,2012,2013,2014,2015,2016,2017,2018,2019,2020,2021,2022,2023",2023,3,0,1,1
q_b37330f1@rerun_24h,q_b37330f1,rerun_24h,2,temporal_align_qa,2023,VOLATILE,"2000,2001,2002,2003,2004,2005,2006,2007,2008,2009,2010,2011,2012,2013,2014,2015,2016,2017,2018,2019,2020,2021,2022,2023",2023,3,0,1,1
q_b38c44e9@rerun_24h,q_b38c44e9,rerun_24h,1,temporal_align_qa,2023,VOLATILE,"2000,2001,2002,2003,2004,2005,2006,2007,2008,2009,2010,2011,2012,2013,2014,2015,2016,2017,2018,2019,2020,2021,2022,2023",2023,3,0,1,1
q_b38e651d@rerun_24h,q_b38e651d,rerun_24h,2,triviaqa,,NOT_TIME_KEYED,,,,,,
q_b3cd7717@rerun_24h,q_b3cd7717,rerun_24h,1,temporal_align_qa,2023,VOLATILE,"2000,2001,2002,2003,2004,2005,2006,2007,2008,2009,2010,2011,2012,2013,2014,2015,2016,2017,2018,2019,2020,2021,2022,2023",2023,3,0,1,1
q_b5910f81@rerun_24h,q_b5910f81,rerun_24h,1,temporal_align_qa,2023,VOLATILE,"2000,2001,2002,2003,2004,2005,2006,2007,2008,2009,2010,2011,2012,2013,2014,2015,2016,2017,2018,2019,2020,2021,2022,2023",2023,3,0,1,1
q_b5bab848@rerun_24h,q_b5bab848,rerun_24h,1,temporal_align_qa,2023,VOLATILE,"2000,2001,2002,2003,2004,2005,2006,2007,2008,2009,2010,2011,2012,2013,2014,2015,2016,2017,2018,2019,2020,2021,2022,2023",2023,3,0,1,1
q_b6529205@rerun_24h,q_b6529205,rerun_24h,1,triviaqa,,NOT_TIME_KEYED,,,,,,
q_b6e5a108@rerun_24h,q_b6e5a108,rerun_24h,1,temporal_align_qa,2023,VOLATILE,"2000,2001,2002,2003,2004,2005,2006,2007,2008,2009,2010,2011,2012,2013,2014,2015,2016,2017,2018,2019,2020,2021,2022,2023",2023,3,0,1,1
q_b8ddab89@rerun_24h,q_b8ddab89,rerun_24h,1,triviaqa,,NOT_TIME_KEYED,,,,,,
q_b9172601@rerun_24h,q_b9172601,rerun_24h,1,temporal_align_qa,2023,VOLATILE,"2000,2001,2002,2003,2004,2005,2006,2007,2008,2009,2010,2011,2012,2013,2014,2015,2016,2017,2018,2019,2020,2021,2022,2023",2023,3,0,1,1
q_b91d68ca@rerun_24h,q_b91d68ca,rerun_24h,1,temporal_align_qa,2023,VOLATILE,"2000,2001,2002,2003,2004,2005,2006,2007,2008,2009,2010,2011,2012,2013,2014,2015,2016,2017,2018,2019,2020,2021,2022,2023",2023,3,0,1,1
q_b96cebd8@rerun_24h,q_b96cebd8,rerun_24h,1,temporal_align_qa,2023,VOLATILE,"2000,2001,2002,2003,2004,2005,2006,2007,2008,2009,2010,2011,2012,2013,2014,2015,2016,2017,2018,2019,2020,2021,2022,2023",2023,3,0,1,1
q_b9a64a4f@rerun_24h,q_b9a64a4f,rerun_24h,1,temporal_align_qa,2023,VOLATILE,"2000,2001,2002,2003,2004,2005,2006,2007,2008,2009,2010,2011,2012,2013,2014,2015,2016,2017,2018,2019,2020,2021,2022,2023",2023,3,0,1,1
q_b9a75c82@rerun_24h,q_b9a75c82,rerun_24h,1,temporal_align_qa,2023,VOLATILE,"2000,2001,2002,2003,2004,2005,2006,2007,2008,2009,2010,2011,2012,2013,2014,2015,2016,2017,2018,2019,2020,2021,2022,2023",2023,3,0,1,1
q_b9ad203c@rerun_24h,q_b9ad203c,rerun_24h,1,temporal_align_qa,2023,VOLATILE,"2000,2001,2002,2003,2004,2005,2006,2007,2008,2009,2010,2011,2012,2013,2014,2015,2016,2017,2018,2019,2020,2021,2022,2023",2023,3,0,1,1
q_b9e48bff@rerun_24h,q_b9e48bff,rerun_24h,1,temporal_align_qa,2023,VOLATILE,"2000,2001,2002,2003,2004,2005,2006,2007,2008,2009,2010,2011,2012,2013,2014,2015,2016,2017,2018,2019,2020,2021,2022,2023",2023,3,0,1,1
q_ba4e488d@rerun_24h,q_ba4e488d,rerun_24h,2,temporal_align_qa,2023,VOLATILE,"2000,2001,2002,2003,2004,2005,2006,2007,2008,2009,2010,2011,2012,2013,2014,2015,2016,2017,2018,2019,2020,2021,2022,2023",2023,3,0,1,1
q_ba85b69b@rerun_24h,q_ba85b69b,rerun_24h,1,temporal_align_qa,2023,VOLATILE,"2000,2001,2002,2003,2004,2005,2006,2007,2008,2009,2010,2011,2012,2013,2014,2015,2016,2017,2018,2019,2020,2021,2022,2023",2023,3,0,1,1
q_bac0fe01@rerun_24h,q_bac0fe01,rerun_24h,1,temporal_align_qa,2023,VOLATILE,"2000,2001,2002,2003,2004,2005,2006,2007,2008,2009,2010,2011,2012,2013,2014,2015,2016,2017,2018,2019,2020,2021,2022,2023",2023,3,0,1,1
q_bad81eda@rerun_24h,q_bad81eda,rerun_24h,1,triviaqa,,NOT_TIME_KEYED,,,,,,
q_badb7460@rerun_24h,q_badb7460,rerun_24h,1,temporal_align_qa,2023,VOLATILE,"2000,2001,2002,2003,2004,2005,2006,2007,2008,2009,2010,2011,2012,2013,2014,2015,2016,2017,2018,2019,2020,2021,2022,2023",2023,3,0,1,1
q_baf11e36@rerun_24h,q_baf11e36,rerun_24h,2,temporal_align_qa,2023,VOLATILE,"2000,2001,2002,2003,2004,2005,2006,2007,2008,2009,2010,2011,2012,2013,2014,2015,2016,2017,2018,2019,2020,2021,2022,2023",2023,3,0,1,1
q_bb9e40d6@rerun_24h,q_bb9e40d6,rerun_24h,1,temporal_align_qa,2023,VOLATILE,"2000,2001,2002,2003,2004,2005,2006,2007,2008,2009,2010,2011,2012,2013,2014,2015,2016,2017,2018,2019,2020,2021,2022,2023",2023,3,0,1,1
q_bbdfff0f@rerun_24h,q_bbdfff0f,rerun_24h,1,freshqa,2022,SINGLE_YEAR,2022,2022,4,,1,
q_bc586d32@rerun_24h,q_bc586d32,rerun_24h,1,triviaqa,,NOT_TIME_KEYED,,,,,,
q_bc9026c6@rerun_24h,q_bc9026c6,rerun_24h,1,temporal_align_qa,2023,VOLATILE,"2000,2001,2002,2003,2004,2005,2006,2007,2008,2009,2010,2011,2012,2013,2014,2015,2016,2017,2018,2019,2020,2021,2022,2023",2023,3,0,1,1
q_bcbdf06e@rerun_24h,q_bcbdf06e,rerun_24h,1,triviaqa,,NOT_TIME_KEYED,,,,,,
q_bd3621d0@rerun_24h,q_bd3621d0,rerun_24h,1,triviaqa,,NOT_TIME_KEYED,,,,,,
q_bd3daa9d@rerun_24h,q_bd3daa9d,rerun_24h,1,temporal_align_qa,2023,VOLATILE,"2000,2001,2002,2003,2004,2005,2006,2007,2008,2009,2010,2011,2012,2013,2014,2015,2016,2017,2018,2019,2020,2021,2022,2023",2023,3,0,1,0
q_bd8d50a7@rerun_24h,q_bd8d50a7,rerun_24h,1,temporal_align_qa,2023,VOLATILE,"2000,2001,2002,2003,2004,2005,2006,2007,2008,2009,2010,2011,2012,2013,2014,2015,2016,2017,2018,2019,2020,2021,2022,2023",2023,3,0,1,1
q_bd9e6870@rerun_24h,q_bd9e6870,rerun_24h,1,triviaqa,,NOT_TIME_KEYED,,,,,,
q_be7863cd@rerun_24h,q_be7863cd,rerun_24h,1,temporal_align_qa,2023,VOLATILE,"2000,2001,2002,2003,2004,2005,2006,2007,2008,2009,2010,2011,2012,2013,2014,2015,2016,2017,2018,2019,2020,2021,2022,2023",2023,3,0,1,1
q_bf2150c7@rerun_24h,q_bf2150c7,rerun_24h,1,triviaqa,,NOT_TIME_KEYED,,,,,,
q_bff7ff01@rerun_24h,q_bff7ff01,rerun_24h,1,triviaqa,,NOT_TIME_KEYED,,,,,,
q_c06a0019@rerun_24h,q_c06a0019,rerun_24h,1,temporal_align_qa,2023,VOLATILE,"2000,2001,2002,2003,2004,2005,2006,2007,2008,2009,2010,2011,2012,2013,2014,2015,2016,2017,2018,2019,2020,2021,2022,2023",2023,3,0,1,1
q_c06f1aba@rerun_24h,q_c06f1aba,rerun_24h,1,temporal_align_qa,2023,VOLATILE,"2000,2001,2002,2003,2004,2005,2006,2007,2008,2009,2010,2011,2012,2013,2014,2015,2016,2017,2018,2019,2020,2021,2022,2023",2023,3,0,1,1
q_c0c0cc7f@rerun_24h,q_c0c0cc7f,rerun_24h,1,temporal_align_qa,2023,VOLATILE,"2000,2001,2002,2003,2004,2005,2006,2007,2008,2009,2010,2011,2012,2013,2014,2015,2016,2017,2018,2019,2020,2021,2022,2023",2023,3,0,1,1
q_c1695ecb@rerun_24h,q_c1695ecb,rerun_24h,1,triviaqa,,NOT_TIME_KEYED,,,,,,
q_c1c6c0b6@rerun_1h,q_c1c6c0b6,rerun_1h,1,temporal_align_qa,2023,VOLATILE,"2000,2001,2002,2003,2004,2005,2006,2007,2008,2009,2010,2011,2012,2013,2014,2015,2016,2017,2018,2019,2020,2021,2022,2023",2023,3,0,1,1
q_c241368e@rerun_1h,q_c241368e,rerun_1h,1,temporal_align_qa,2023,VOLATILE,"2000,2001,2002,2003,2004,2005,2006,2007,2008,2009,2010,2011,2012,2013,2014,2015,2016,2017,2018,2019,2020,2021,2022,2023",2023,3,0,1,1
q_c26c7630@rerun_24h,q_c26c7630,rerun_24h,1,temporal_align_qa,2023,VOLATILE,"2000,2001,2002,2003,2004,2005,2006,2007,2008,2009,2010,2011,2012,2013,2014,2015,2016,2017,2018,2019,2020,2021,2022,2023",2023,3,0,1,1
q_c26ddee2@rerun_24h,q_c26ddee2,rerun_24h,1,temporal_align_qa,2023,VOLATILE,"2000,2001,2002,2003,2004,2005,2006,2007,2008,2009,2010,2011,2012,2013,2014,2015,2016,2017,2018,2019,2020,2021,2022,2023",2023,3,0,1,1
q_c2bcbdff@rerun_24h,q_c2bcbdff,rerun_24h,1,temporal_align_qa,2023,VOLATILE,"2000,2001,2002,2003,2004,2005,2006,2007,2008,2009,2010,2011,2012,2013,2014,2015,2016,2017,2018,2019,2020,2021,2022,2023",2023,3,0,1,1
q_c3300be7@rerun_24h,q_c3300be7,rerun_24h,1,triviaqa,,NOT_TIME_KEYED,,,,,,
q_c354442b@rerun_24h,q_c354442b,rerun_24h,2,temporal_align_qa,2023,VOLATILE,"2000,2001,2002,2003,2004,2005,2006,2007,2008,2009,2010,2011,2012,2013,2014,2015,2016,2017,2018,2019,2020,2021,2022,2023",2023,3,0,1,1
q_c4cf23ca@rerun_24h,q_c4cf23ca,rerun_24h,1,freshqa,before 2022,SINGLE_YEAR,before 2022,before 2022,,,1,
q_c51c0b2b@rerun_24h,q_c51c0b2b,rerun_24h,1,temporal_align_qa,2023,VOLATILE,"2000,2001,2002,2003,2004,2005,2006,2007,2008,2009,2010,2011,2012,2013,2014,2015,2016,2017,2018,2019,2020,2021,2022,2023",2023,3,0,1,1
q_c51c7290@rerun_24h,q_c51c7290,rerun_24h,1,freshqa,2023,SINGLE_YEAR,2023,2023,3,,1,
q_c52c10db@rerun_24h,q_c52c10db,rerun_24h,1,temporal_align_qa,2023,VOLATILE,"2000,2001,2002,2003,2004,2005,2006,2007,2008,2009,2010,2011,2012,2013,2014,2015,2016,2017,2018,2019,2020,2021,2022,2023",2023,3,0,1,1
q_c5946497@rerun_24h,q_c5946497,rerun_24h,1,temporal_align_qa,2023,VOLATILE,"2000,2001,2002,2003,2004,2005,2006,2007,2008,2009,2010,2011,2012,2013,2014,2015,2016,2017,2018,2019,2020,2021,2022,2023",2023,3,0,1,1
q_c6088f4c@rerun_24h,q_c6088f4c,rerun_24h,1,temporal_align_qa,2023,VOLATILE,"2000,2001,2002,2003,2004,2005,2006,2007,2008,2009,2010,2011,2012,2013,2014,2015,2016,2017,2018,2019,2020,2021,2022,2023",2023,3,0,1,1
q_c60b122d@rerun_24h,q_c60b122d,rerun_24h,1,temporal_align_qa,2023,VOLATILE,"2000,2001,2002,2003,2004,2005,2006,2007,2008,2009,2010,2011,2012,2013,2014,2015,2016,2017,2018,2019,2020,2021,2022,2023",2023,3,0,1,1
q_c64ac1d8@rerun_24h,q_c64ac1d8,rerun_24h,1,temporal_align_qa,2023,VOLATILE,"2000,2001,2002,2003,2004,2005,2006,2007,2008,2009,2010,2011,2012,2013,2014,2015,2016,2017,2018,2019,2020,2021,2022,2023",2023,3,0,1,1
q_c66aa371@rerun_24h,q_c66aa371,rerun_24h,1,temporal_align_qa,2023,VOLATILE,"2000,2001,2002,2003,2004,2005,2006,2007,2008,2009,2010,2011,2012,2013,2014,2015,2016,2017,2018,2019,2020,2021,2022,2023",2023,3,0,1,1
q_c685de49@rerun_24h,q_c685de49,rerun_24h,1,temporal_align_qa,2023,VOLATILE,"2000,2001,2002,2003,2004,2005,2006,2007,2008,2009,2010,2011,2012,2013,2014,2015,2016,2017,2018,2019,2020,2021,2022,2023",2023,3,0,1,1
q_c6b40080@rerun_24h,q_c6b40080,rerun_24h,2,triviaqa,,NOT_TIME_KEYED,,,,,,
q_c76a7d5e@rerun_24h,q_c76a7d5e,rerun_24h,1,temporal_align_qa,2023,VOLATILE,"2000,2001,2002,2003,2004,2005,2006,2007,2008,2009,2010,2011,2012,2013,2014,2015,2016,2017,2018,2019,2020,2021,2022,2023",2023,3,0,1,1
q_c7b2bccd@rerun_24h,q_c7b2bccd,rerun_24h,1,triviaqa,,NOT_TIME_KEYED,,,,,,
q_c7e889d2@rerun_24h,q_c7e889d2,rerun_24h,1,temporal_align_qa,2023,VOLATILE,"2000,2001,2002,2003,2004,2005,2006,2007,2008,2009,2010,2011,2012,2013,2014,2015,2016,2017,2018,2019,2020,2021,2022,2023",2023,3,0,1,1
q_c83007d1@rerun_24h,q_c83007d1,rerun_24h,1,triviaqa,,NOT_TIME_KEYED,,,,,,
q_c8436957@rerun_24h,q_c8436957,rerun_24h,1,temporal_align_qa,2023,VOLATILE,"2000,2001,2002,2003,2004,2005,2006,2007,2008,2009,2010,2011,2012,2013,2014,2015,2016,2017,2018,2019,2020,2021,2022,2023",2023,3,0,1,1
q_c8d65331@rerun_24h,q_c8d65331,rerun_24h,1,temporal_align_qa,2023,VOLATILE,"2000,2001,2002,2003,2004,2005,2006,2007,2008,2009,2010,2011,2012,2013,2014,2015,2016,2017,2018,2019,2020,2021,2022,2023",2023,3,0,1,1
q_c914875b@rerun_24h,q_c914875b,rerun_24h,1,temporal_align_qa,2023,VOLATILE,"2000,2001,2002,2003,2004,2005,2006,2007,2008,2009,2010,2011,2012,2013,2014,2015,2016,2017,2018,2019,2020,2021,2022,2023",2023,3,0,1,1
q_c96939e7@rerun_24h,q_c96939e7,rerun_24h,1,triviaqa,,NOT_TIME_KEYED,,,,,,
q_c973e5b1@rerun_24h,q_c973e5b1,rerun_24h,1,temporal_align_qa,2023,VOLATILE,"2000,2001,2002,2003,2004,2005,2006,2007,2008,2009,2010,2011,2012,2013,2014,2015,2016,2017,2018,2019,2020,2021,2022,2023",2023,3,0,1,1
q_c988b01c@rerun_24h,q_c988b01c,rerun_24h,1,temporal_align_qa,2023,VOLATILE,"2000,2001,2002,2003,2004,2005,2006,2007,2008,2009,2010,2011,2012,2013,2014,2015,2016,2017,2018,2019,2020,2021,2022,2023",2023,3,0,1,1
q_c9965b56@rerun_24h,q_c9965b56,rerun_24h,2,triviaqa,,NOT_TIME_KEYED,,,,,,
q_c997700b@rerun_24h,q_c997700b,rerun_24h,1,temporal_align_qa,2023,VOLATILE,"2000,2001,2002,2003,2004,2005,2006,2007,2008,2009,2010,2011,2012,2013,2014,2015,2016,2017,2018,2019,2020,2021,2022,2023",2023,3,0,1,1
q_caa2a1ae@rerun_24h,q_caa2a1ae,rerun_24h,1,triviaqa,,NOT_TIME_KEYED,,,,,,
q_cad562c6@run_00,q_cad562c6,run_00,1,temporal_align_qa,2023,VOLATILE,"2000,2001,2002,2003,2004,2005,2006,2007,2008,2009,2010,2011,2012,2013,2014,2015,2016,2017,2018,2019,2020,2021,2022,2023",2023,3,0,1,1
q_caf45aad@rerun_24h,q_caf45aad,rerun_24h,1,triviaqa,,NOT_TIME_KEYED,,,,,,
q_cb349d3b@rerun_24h,q_cb349d3b,rerun_24h,1,temporal_align_qa,2023,VOLATILE,"2000,2001,2002,2003,2004,2005,2006,2007,2008,2009,2010,2011,2012,2013,2014,2015,2016,2017,2018,2019,2020,2021,2022,2023",2023,3,0,1,1
q_cb9cc202@rerun_24h,q_cb9cc202,rerun_24h,1,triviaqa,,NOT_TIME_KEYED,,,,,,
q_cc0d02ca@rerun_24h,q_cc0d02ca,rerun_24h,1,temporal_align_qa,2023,VOLATILE,"2000,2001,2002,2003,2004,2005,2006,2007,2008,2009,2010,2011,2012,2013,2014,2015,2016,2017,2018,2019,2020,2021,2022,2023",2023,3,0,1,0
q_cc86e7a2@rerun_1h,q_cc86e7a2,rerun_1h,1,temporal_align_qa,2023,VOLATILE,"2000,2001,2002,2003,2004,2005,2006,2007,2008,2009,2010,2011,2012,2013,2014,2015,2016,2017,2018,2019,2020,2021,2022,2023",2023,3,0,1,1
q_ccd63b11@rerun_24h,q_ccd63b11,rerun_24h,1,temporal_align_qa,2023,VOLATILE,"2000,2001,2002,2003,2004,2005,2006,2007,2008,2009,2010,2011,2012,2013,2014,2015,2016,2017,2018,2019,2020,2021,2022,2023",2023,3,0,1,1
q_cd2a5fda@rerun_24h,q_cd2a5fda,rerun_24h,1,freshqa,2022,SINGLE_YEAR,2022,2022,4,,1,
q_cd6b4ea7@rerun_24h,q_cd6b4ea7,rerun_24h,1,triviaqa,,NOT_TIME_KEYED,,,,,,
q_ce3247b9@rerun_24h,q_ce3247b9,rerun_24h,1,temporal_align_qa,2023,VOLATILE,"2000,2001,2002,2003,2004,2005,2006,2007,2008,2009,2010,2011,2012,2013,2014,2015,2016,2017,2018,2019,2020,2021,2022,2023",2023,3,0,1,1
q_cf26826b@rerun_24h,q_cf26826b,rerun_24h,1,temporal_align_qa,2023,VOLATILE,"2000,2001,2002,2003,2004,2005,2006,2007,2008,2009,2010,2011,2012,2013,2014,2015,2016,2017,2018,2019,2020,2021,2022,2023",2023,3,0,1,1
q_cf72c65f@rerun_24h,q_cf72c65f,rerun_24h,1,freshqa,2023,SINGLE_YEAR,2023,2023,3,,1,
q_cfb65856@rerun_24h,q_cfb65856,rerun_24h,1,temporal_align_qa,2023,VOLATILE,"2000,2001,2002,2003,2004,2005,2006,2007,2008,2009,2010,2011,2012,2013,2014,2015,2016,2017,2018,2019,2020,2021,2022,2023",2023,3,0,1,1
q_cfdd4441@rerun_24h,q_cfdd4441,rerun_24h,2,temporal_align_qa,2023,VOLATILE,"2000,2001,2002,2003,2004,2005,2006,2007,2008,2009,2010,2011,2012,2013,2014,2015,2016,2017,2018,2019,2020,2021,2022,2023",2023,3,0,1,1
q_cff65f30@rerun_24h,q_cff65f30,rerun_24h,1,triviaqa,,NOT_TIME_KEYED,,,,,,
q_d02a1da9@rerun_24h,q_d02a1da9,rerun_24h,1,temporal_align_qa,2023,VOLATILE,"2000,2001,2002,2003,2004,2005,2006,2007,2008,2009,2010,2011,2012,2013,2014,2015,2016,2017,2018,2019,2020,2021,2022,2023",2023,3,0,1,1
q_d0506c00@rerun_24h,q_d0506c00,rerun_24h,1,temporal_align_qa,2023,VOLATILE,"2000,2001,2002,2003,2004,2005,2006,2007,2008,2009,2010,2011,2012,2013,2014,2015,2016,2017,2018,2019,2020,2021,2022,2023",2023,3,0,1,1
q_d093f991@rerun_24h,q_d093f991,rerun_24h,1,temporal_align_qa,2023,VOLATILE,"2000,2001,2002,2003,2004,2005,2006,2007,2008,2009,2010,2011,2012,2013,2014,2015,2016,2017,2018,2019,2020,2021,2022,2023",2023,3,0,1,1
q_d0a493c9@rerun_24h,q_d0a493c9,rerun_24h,1,temporal_align_qa,2023,VOLATILE,"2000,2001,2002,2003,2004,2005,2006,2007,2008,2009,2010,2011,2012,2013,2014,2015,2016,2017,2018,2019,2020,2021,2022,2023",2023,3,0,1,1
q_d0a5e0b6@rerun_24h,q_d0a5e0b6,rerun_24h,1,temporal_align_qa,2023,VOLATILE,"2000,2001,2002,2003,2004,2005,2006,2007,2008,2009,2010,2011,2012,2013,2014,2015,2016,2017,2018,2019,2020,2021,2022,2023",2023,3,0,1,1
q_d1fc1f80@rerun_24h,q_d1fc1f80,rerun_24h,1,temporal_align_qa,2023,VOLATILE,"2000,2001,2002,2003,2004,2005,2006,2007,2008,2009,2010,2011,2012,2013,2014,2015,2016,2017,2018,2019,2020,2021,2022,2023",2023,3,0,1,1
q_d23799e5@rerun_24h,q_d23799e5,rerun_24h,1,triviaqa,,NOT_TIME_KEYED,,,,,,
q_d23ca3b3@rerun_24h,q_d23ca3b3,rerun_24h,1,temporal_align_qa,2023,VOLATILE,"2000,2001,2002,2003,2004,2005,2006,2007,2008,2009,2010,2011,2012,2013,2014,2015,2016,2017,2018,2019,2020,2021,2022,2023",2023,3,0,1,1
q_d26e3359@rerun_24h,q_d26e3359,rerun_24h,1,temporal_align_qa,2023,VOLATILE,"2000,2001,2002,2003,2004,2005,2006,2007,2008,2009,2010,2011,2012,2013,2014,2015,2016,2017,2018,2019,2020,2021,2022,2023",2023,3,0,1,1
q_d3e5ec72@rerun_24h,q_d3e5ec72,rerun_24h,1,temporal_align_qa,2023,VOLATILE,"2000,2001,2002,2003,2004,2005,2006,2007,2008,2009,2010,2011,2012,2013,2014,2015,2016,2017,2018,2019,2020,2021,2022,2023",2023,3,0,1,1
q_d4f726dc@rerun_24h,q_d4f726dc,rerun_24h,1,temporal_align_qa,2023,VOLATILE,"2000,2001,2002,2003,2004,2005,2006,2007,2008,2009,2010,2011,2012,2013,2014,2015,2016,2017,2018,2019,2020,2021,2022,2023",2023,3,0,1,1
q_d529bed8@rerun_24h,q_d529bed8,rerun_24h,1,temporal_align_qa,2023,VOLATILE,"2000,2001,2002,2003,2004,2005,2006,2007,2008,2009,2010,2011,2012,2013,2014,2015,2016,2017,2018,2019,2020,2021,2022,2023",2023,3,0,1,1
q_d6104cc3@rerun_24h,q_d6104cc3,rerun_24h,1,triviaqa,,NOT_TIME_KEYED,,,,,,
q_d62648af@rerun_24h,q_d62648af,rerun_24h,2,temporal_align_qa,2023,VOLATILE,"2000,2001,2002,2003,2004,2005,2006,2007,2008,2009,2010,2011,2012,2013,2014,2015,2016,2017,2018,2019,2020,2021,2022,2023",2023,3,0,1,1
q_d63bf68a@rerun_24h,q_d63bf68a,rerun_24h,1,triviaqa,,NOT_TIME_KEYED,,,,,,
q_d665e7a3@rerun_24h,q_d665e7a3,rerun_24h,1,temporal_align_qa,2023,VOLATILE,"2000,2001,2002,2003,2004,2005,2006,2007,2008,2009,2010,2011,2012,2013,2014,2015,2016,2017,2018,2019,2020,2021,2022,2023",2023,3,0,1,1
q_d78d0eec@rerun_24h,q_d78d0eec,rerun_24h,1,temporal_align_qa,2023,VOLATILE,"2000,2001,2002,2003,2004,2005,2006,2007,2008,2009,2010,2011,2012,2013,2014,2015,2016,2017,2018,2019,2020,2021,2022,2023",2023,3,0,1,1
q_d8b1d102@rerun_24h,q_d8b1d102,rerun_24h,1,triviaqa,,NOT_TIME_KEYED,,,,,,
q_d9d96160@rerun_24h,q_d9d96160,rerun_24h,1,temporal_align_qa,2023,VOLATILE,"2000,2001,2002,2003,2004,2005,2006,2007,2008,2009,2010,2011,2012,2013,2014,2015,2016,2017,2018,2019,2020,2021,2022,2023",2023,3,0,1,1
q_da1c81d6@rerun_24h,q_da1c81d6,rerun_24h,1,triviaqa,,NOT_TIME_KEYED,,,,,,
q_dafccfb8@rerun_24h,q_dafccfb8,rerun_24h,1,temporal_align_qa,2023,VOLATILE,"2000,2001,2002,2003,2004,2005,2006,2007,2008,2009,2010,2011,2012,2013,2014,2015,2016,2017,2018,2019,2020,2021,2022,2023",2023,3,0,1,1
q_db354b10@rerun_1h,q_db354b10,rerun_1h,1,triviaqa,,NOT_TIME_KEYED,,,,,,
q_dbb1cb5d@rerun_24h,q_dbb1cb5d,rerun_24h,1,temporal_align_qa,2023,VOLATILE,"2000,2001,2002,2003,2004,2005,2006,2007,2008,2009,2010,2011,2012,2013,2014,2015,2016,2017,2018,2019,2020,2021,2022,2023",2023,3,0,1,1
q_dbf0307d@rerun_24h,q_dbf0307d,rerun_24h,1,triviaqa,,NOT_TIME_KEYED,,,,,,
q_dcc6b248@rerun_24h,q_dcc6b248,rerun_24h,1,temporal_align_qa,2023,VOLATILE,"2000,2001,2002,2003,2004,2005,2006,2007,2008,2009,2010,2011,2012,2013,2014,2015,2016,2017,2018,2019,2020,2021,2022,2023",2023,3,0,1,1
q_dcf1f4d4@rerun_24h,q_dcf1f4d4,rerun_24h,1,triviaqa,,NOT_TIME_KEYED,,,,,,
q_dd7cbef3@rerun_24h,q_dd7cbef3,rerun_24h,1,freshqa,2022,SINGLE_YEAR,2022,2022,4,,1,
q_dd9fd589@rerun_24h,q_dd9fd589,rerun_24h,1,temporal_align_qa,2023,VOLATILE,"2000,2001,2002,2003,2004,2005,2006,2007,2008,2009,2010,2011,2012,2013,2014,2015,2016,2017,2018,2019,2020,2021,2022,2023",2023,3,0,1,0
q_ddf45443@rerun_24h,q_ddf45443,rerun_24h,2,triviaqa,,NOT_TIME_KEYED,,,,,,
q_df05880a@rerun_24h,q_df05880a,rerun_24h,1,temporal_align_qa,2023,VOLATILE,"2000,2001,2002,2003,2004,2005,2006,2007,2008,2009,2010,2011,2012,2013,2014,2015,2016,2017,2018,2019,2020,2021,2022,2023",2023,3,0,1,1
q_df1576bb@rerun_24h,q_df1576bb,rerun_24h,1,triviaqa,,NOT_TIME_KEYED,,,,,,
q_df76af12@rerun_24h,q_df76af12,rerun_24h,2,triviaqa,,NOT_TIME_KEYED,,,,,,
q_dfefb294@rerun_24h,q_dfefb294,rerun_24h,1,temporal_align_qa,2023,VOLATILE,"2000,2001,2002,2003,2004,2005,2006,2007,2008,2009,2010,2011,2012,2013,2014,2015,2016,2017,2018,2019,2020,2021,2022,2023",2023,3,0,1,1
q_e192f364@rerun_24h,q_e192f364,rerun_24h,1,temporal_align_qa,2023,VOLATILE,"2000,2001,2002,2003,2004,2005,2006,2007,2008,2009,2010,2011,2012,2013,2014,2015,2016,2017,2018,2019,2020,2021,2022,2023",2023,3,0,1,1
q_e2133b50@rerun_24h,q_e2133b50,rerun_24h,1,triviaqa,,NOT_TIME_KEYED,,,,,,
q_e2e6d6d8@rerun_24h,q_e2e6d6d8,rerun_24h,1,triviaqa,,NOT_TIME_KEYED,,,,,,
q_e2f9f525@rerun_24h,q_e2f9f525,rerun_24h,1,temporal_align_qa,2023,VOLATILE,"2000,2001,2002,2003,2004,2005,2006,2007,2008,2009,2010,2011,2012,2013,2014,2015,2016,2017,2018,2019,2020,2021,2022,2023",2023,3,0,1,1
q_e32d9c63@rerun_24h,q_e32d9c63,rerun_24h,1,triviaqa,,NOT_TIME_KEYED,,,,,,
q_e3c14282@rerun_12h,q_e3c14282,rerun_12h,1,triviaqa,,NOT_TIME_KEYED,,,,,,
q_e3c14282@rerun_24h,q_e3c14282,rerun_24h,1,triviaqa,,NOT_TIME_KEYED,,,,,,
q_e4b76a30@rerun_24h,q_e4b76a30,rerun_24h,1,temporal_align_qa,2023,VOLATILE,"2000,2001,2002,2003,2004,2005,2006,2007,2008,2009,2010,2011,2012,2013,2014,2015,2016,2017,2018,2019,2020,2021,2022,2023",2023,3,0,1,1
q_e4dd7c4d@rerun_24h,q_e4dd7c4d,rerun_24h,1,temporal_align_qa,2023,VOLATILE,"2000,2001,2002,2003,2004,2005,2006,2007,2008,2009,2010,2011,2012,2013,2014,2015,2016,2017,2018,2019,2020,2021,2022,2023",2023,3,0,1,1
q_e52c4939@rerun_24h,q_e52c4939,rerun_24h,2,temporal_align_qa,2023,VOLATILE,"2000,2001,2002,2003,2004,2005,2006,2007,2008,2009,2010,2011,2012,2013,2014,2015,2016,2017,2018,2019,2020,2021,2022,2023",2023,3,0,1,1
q_e5616ef7@rerun_24h,q_e5616ef7,rerun_24h,1,temporal_align_qa,2023,VOLATILE,"2000,2001,2002,2003,2004,2005,2006,2007,2008,2009,2010,2011,2012,2013,2014,2015,2016,2017,2018,2019,2020,2021,2022,2023",2023,3,0,1,1
q_e5cbddda@rerun_24h,q_e5cbddda,rerun_24h,1,temporal_align_qa,2023,VOLATILE,"2000,2001,2002,2003,2004,2005,2006,2007,2008,2009,2010,2011,2012,2013,2014,2015,2016,2017,2018,2019,2020,2021,2022,2023",2023,3,0,1,1
q_e5fcdad4@rerun_24h,q_e5fcdad4,rerun_24h,1,temporal_align_qa,2023,VOLATILE,"2000,2001,2002,2003,2004,2005,2006,2007,2008,2009,2010,2011,2012,2013,2014,2015,2016,2017,2018,2019,2020,2021,2022,2023",2023,3,0,1,1
q_e5feb4c8@rerun_24h,q_e5feb4c8,rerun_24h,1,triviaqa,,NOT_TIME_KEYED,,,,,,
q_e619abe5@rerun_24h,q_e619abe5,rerun_24h,1,freshqa,2022,SINGLE_YEAR,2022,2022,4,,1,
q_e63f6e9e@rerun_24h,q_e63f6e9e,rerun_24h,1,temporal_align_qa,2023,VOLATILE,"2000,2001,2002,2003,2004,2005,2006,2007,2008,2009,2010,2011,2012,2013,2014,2015,2016,2017,2018,2019,2020,2021,2022,2023",2023,3,0,1,1
q_e6bc0a36@rerun_24h,q_e6bc0a36,rerun_24h,1,temporal_align_qa,2023,VOLATILE,"2000,2001,2002,2003,2004,2005,2006,2007,2008,2009,2010,2011,2012,2013,2014,2015,2016,2017,2018,2019,2020,2021,2022,2023",2023,3,0,1,1
q_e7073d58@rerun_24h,q_e7073d58,rerun_24h,1,freshqa,2022,SINGLE_YEAR,2022,2022,4,,1,
q_e78970aa@rerun_24h,q_e78970aa,rerun_24h,1,temporal_align_qa,2023,VOLATILE,"2000,2001,2002,2003,2004,2005,2006,2007,2008,2009,2010,2011,2012,2013,2014,2015,2016,2017,2018,2019,2020,2021,2022,2023",2023,3,0,1,1
q_e7deca78@rerun_1h,q_e7deca78,rerun_1h,1,triviaqa,,NOT_TIME_KEYED,,,,,,
q_e811a942@rerun_24h,q_e811a942,rerun_24h,1,temporal_align_qa,2023,VOLATILE,"2000,2001,2002,2003,2004,2005,2006,2007,2008,2009,2010,2011,2012,2013,2014,2015,2016,2017,2018,2019,2020,2021,2022,2023",2023,3,0,1,1
q_e9470503@rerun_24h,q_e9470503,rerun_24h,1,temporal_align_qa,2023,VOLATILE,"2000,2001,2002,2003,2004,2005,2006,2007,2008,2009,2010,2011,2012,2013,2014,2015,2016,2017,2018,2019,2020,2021,2022,2023",2023,3,0,1,1
q_e9a277e7@rerun_24h,q_e9a277e7,rerun_24h,1,temporal_align_qa,2023,VOLATILE,"2000,2001,2002,2003,2004,2005,2006,2007,2008,2009,2010,2011,2012,2013,2014,2015,2016,2017,2018,2019,2020,2021,2022,2023",2023,3,0,1,1
q_e9fd2fb4@rerun_24h,q_e9fd2fb4,rerun_24h,1,triviaqa,,NOT_TIME_KEYED,,,,,,
q_ea668263@rerun_24h,q_ea668263,rerun_24h,1,temporal_align_qa,2023,VOLATILE,"2000,2001,2002,2003,2004,2005,2006,2007,2008,2009,2010,2011,2012,2013,2014,2015,2016,2017,2018,2019,2020,2021,2022,2023",2023,3,0,1,1
q_ea6dfe5b@rerun_24h,q_ea6dfe5b,rerun_24h,1,temporal_align_qa,2023,VOLATILE,"2000,2001,2002,2003,2004,2005,2006,2007,2008,2009,2010,2011,2012,2013,2014,2015,2016,2017,2018,2019,2020,2021,2022,2023",2023,3,0,1,1
q_eb3db942@rerun_24h,q_eb3db942,rerun_24h,1,freshqa,before 2022,SINGLE_YEAR,before 2022,before 2022,,,1,
q_eb7ff4b6@rerun_24h,q_eb7ff4b6,rerun_24h,1,temporal_align_qa,2023,VOLATILE,"2000,2001,2002,2003,2004,2005,2006,2007,2008,2009,2010,2011,2012,2013,2014,2015,2016,2017,2018,2019,2020,2021,2022,2023",2023,3,0,1,1
q_ebb15c73@rerun_24h,q_ebb15c73,rerun_24h,1,temporal_align_qa,2023,VOLATILE,"2000,2001,2002,2003,2004,2005,2006,2007,2008,2009,2010,2011,2012,2013,2014,2015,2016,2017,2018,2019,2020,2021,2022,2023",2023,3,0,1,1
q_ebb666ba@rerun_24h,q_ebb666ba,rerun_24h,2,temporal_align_qa,2023,VOLATILE,"2000,2001,2002,2003,2004,2005,2006,2007,2008,2009,2010,2011,2012,2013,2014,2015,2016,2017,2018,2019,2020,2021,2022,2023",2023,3,0,1,1
q_ec0efdba@rerun_24h,q_ec0efdba,rerun_24h,1,temporal_align_qa,2023,VOLATILE,"2000,2001,2002,2003,2004,2005,2006,2007,2008,2009,2010,2011,2012,2013,2014,2015,2016,2017,2018,2019,2020,2021,2022,2023",2023,3,0,1,1
q_ec7fa565@rerun_24h,q_ec7fa565,rerun_24h,1,triviaqa,,NOT_TIME_KEYED,,,,,,
q_ecea34ae@rerun_24h,q_ecea34ae,rerun_24h,2,temporal_align_qa,2023,VOLATILE,"2000,2001,2002,2003,2004,2005,2006,2007,2008,2009,2010,2011,2012,2013,2014,2015,2016,2017,2018,2019,2020,2021,2022,2023",2023,3,0,1,1
q_ed789c0a@rerun_24h,q_ed789c0a,rerun_24h,1,temporal_align_qa,2023,VOLATILE,"2000,2001,2002,2003,2004,2005,2006,2007,2008,2009,2010,2011,2012,2013,2014,2015,2016,2017,2018,2019,2020,2021,2022,2023",2023,3,0,1,1
q_eead7ef7@rerun_24h,q_eead7ef7,rerun_24h,1,temporal_align_qa,2023,VOLATILE,"2000,2001,2002,2003,2004,2005,2006,2007,2008,2009,2010,2011,2012,2013,2014,2015,2016,2017,2018,2019,2020,2021,2022,2023",2023,3,0,1,1
q_eed8ece1@rerun_24h,q_eed8ece1,rerun_24h,1,temporal_align_qa,2023,VOLATILE,"2000,2001,2002,2003,2004,2005,2006,2007,2008,2009,2010,2011,2012,2013,2014,2015,2016,2017,2018,2019,2020,2021,2022,2023",2023,3,0,1,1
q_ef0e26fc@rerun_24h,q_ef0e26fc,rerun_24h,1,temporal_align_qa,2023,VOLATILE,"2000,2001,2002,2003,2004,2005,2006,2007,2008,2009,2010,2011,2012,2013,2014,2015,2016,2017,2018,2019,2020,2021,2022,2023",2023,3,0,1,1
q_efbe3181@rerun_24h,q_efbe3181,rerun_24h,1,temporal_align_qa,2023,VOLATILE,"2000,2001,2002,2003,2004,2005,2006,2007,2008,2009,2010,2011,2012,2013,2014,2015,2016,2017,2018,2019,2020,2021,2022,2023",2023,3,0,1,1
q_efe174f0@rerun_24h,q_efe174f0,rerun_24h,1,temporal_align_qa,2023,VOLATILE,"2000,2001,2002,2003,2004,2005,2006,2007,2008,2009,2010,2011,2012,2013,2014,2015,2016,2017,2018,2019,2020,2021,2022,2023",2023,3,0,1,1
q_f0345793@rerun_24h,q_f0345793,rerun_24h,1,temporal_align_qa,2023,VOLATILE,"2000,2001,2002,2003,2004,2005,2006,2007,2008,2009,2010,2011,2012,2013,2014,2015,2016,2017,2018,2019,2020,2021,2022,2023",2023,3,0,1,1
q_f070a7a3@rerun_24h,q_f070a7a3,rerun_24h,1,temporal_align_qa,2023,VOLATILE,"2000,2001,2002,2003,2004,2005,2006,2007,2008,2009,2010,2011,2012,2013,2014,2015,2016,2017,2018,2019,2020,2021,2022,2023",2023,3,0,1,1
q_f09060c5@rerun_24h,q_f09060c5,rerun_24h,1,freshqa,2023,SINGLE_YEAR,2023,2023,3,,1,
q_f0b3ece2@rerun_24h,q_f0b3ece2,rerun_24h,2,temporal_align_qa,2023,VOLATILE,"2000,2001,2002,2003,2004,2005,2006,2007,2008,2009,2010,2011,2012,2013,2014,2015,2016,2017,2018,2019,2020,2021,2022,2023",2023,3,0,1,1
q_f0b7eef3@rerun_24h,q_f0b7eef3,rerun_24h,1,temporal_align_qa,2023,VOLATILE,"2000,2001,2002,2003,2004,2005,2006,2007,2008,2009,2010,2011,2012,2013,2014,2015,2016,2017,2018,2019,2020,2021,2022,2023",2023,3,0,1,1
q_f1176491@rerun_24h,q_f1176491,rerun_24h,1,temporal_align_qa,2023,VOLATILE,"2000,2001,2002,2003,2004,2005,2006,2007,2008,2009,2010,2011,2012,2013,2014,2015,2016,2017,2018,2019,2020,2021,2022,2023",2023,3,0,1,1
q_f1839167@rerun_24h,q_f1839167,rerun_24h,1,triviaqa,,NOT_TIME_KEYED,,,,,,
q_f1b1aa68@rerun_24h,q_f1b1aa68,rerun_24h,1,triviaqa,,NOT_TIME_KEYED,,,,,,
q_f1c6af26@rerun_24h,q_f1c6af26,rerun_24h,1,temporal_align_qa,2023,VOLATILE,"2000,2001,2002,2003,2004,2005,2006,2007,2008,2009,2010,2011,2012,2013,2014,2015,2016,2017,2018,2019,2020,2021,2022,2023",2023,3,0,1,1
q_f1d321db@rerun_12h,q_f1d321db,rerun_12h,1,temporal_align_qa,2023,VOLATILE,"2000,2001,2002,2003,2004,2005,2006,2007,2008,2009,2010,2011,2012,2013,2014,2015,2016,2017,2018,2019,2020,2021,2022,2023",2023,3,0,1,1
q_f3175126@rerun_24h,q_f3175126,rerun_24h,1,temporal_align_qa,2023,VOLATILE,"2000,2001,2002,2003,2004,2005,2006,2007,2008,2009,2010,2011,2012,2013,2014,2015,2016,2017,2018,2019,2020,2021,2022,2023",2023,3,0,1,1
q_f331a4d9@rerun_24h,q_f331a4d9,rerun_24h,1,temporal_align_qa,2023,VOLATILE,"2000,2001,2002,2003,2004,2005,2006,2007,2008,2009,2010,2011,2012,2013,2014,2015,2016,2017,2018,2019,2020,2021,2022,2023",2023,3,0,1,1
q_f3e7fb13@rerun_24h,q_f3e7fb13,rerun_24h,1,triviaqa,,NOT_TIME_KEYED,,,,,,
q_f46d91c5@rerun_24h,q_f46d91c5,rerun_24h,1,temporal_align_qa,2023,VOLATILE,"2000,2001,2002,2003,2004,2005,2006,2007,2008,2009,2010,2011,2012,2013,2014,2015,2016,2017,2018,2019,2020,2021,2022,2023",2023,3,0,1,1
q_f49c2f47@rerun_24h,q_f49c2f47,rerun_24h,1,temporal_align_qa,2023,VOLATILE,"2000,2001,2002,2003,2004,2005,2006,2007,2008,2009,2010,2011,2012,2013,2014,2015,2016,2017,2018,2019,2020,2021,2022,2023",2023,3,0,1,1
q_f5380c95@rerun_24h,q_f5380c95,rerun_24h,1,temporal_align_qa,2023,VOLATILE,"2000,2001,2002,2003,2004,2005,2006,2007,2008,2009,2010,2011,2012,2013,2014,2015,2016,2017,2018,2019,2020,2021,2022,2023",2023,3,0,1,1
q_f54d3aa2@rerun_24h,q_f54d3aa2,rerun_24h,1,temporal_align_qa,2023,VOLATILE,"2000,2001,2002,2003,2004,2005,2006,2007,2008,2009,2010,2011,2012,2013,2014,2015,2016,2017,2018,2019,2020,2021,2022,2023",2023,3,0,1,1
q_f61856a1@rerun_24h,q_f61856a1,rerun_24h,1,temporal_align_qa,2023,VOLATILE,"2000,2001,2002,2003,2004,2005,2006,2007,2008,2009,2010,2011,2012,2013,2014,2015,2016,2017,2018,2019,2020,2021,2022,2023",2023,3,0,1,1
q_f618e806@rerun_24h,q_f618e806,rerun_24h,2,triviaqa,,NOT_TIME_KEYED,,,,,,
q_f63307b3@rerun_24h,q_f63307b3,rerun_24h,1,triviaqa,,NOT_TIME_KEYED,,,,,,
q_f6645f8f@rerun_24h,q_f6645f8f,rerun_24h,1,temporal_align_qa,2023,VOLATILE,"2000,2001,2002,2003,2004,2005,2006,2007,2008,2009,2010,2011,2012,2013,2014,2015,2016,2017,2018,2019,2020,2021,2022,2023",2023,3,0,1,1
q_f7446447@rerun_24h,q_f7446447,rerun_24h,1,temporal_align_qa,2023,VOLATILE,"2000,2001,2002,2003,2004,2005,2006,2007,2008,2009,2010,2011,2012,2013,2014,2015,2016,2017,2018,2019,2020,2021,2022,2023",2023,3,0,1,1
q_f7bf87d7@rerun_24h,q_f7bf87d7,rerun_24h,1,temporal_align_qa,2023,VOLATILE,"2000,2001,2002,2003,2004,2005,2006,2007,2008,2009,2010,2011,2012,2013,2014,2015,2016,2017,2018,2019,2020,2021,2022,2023",2023,3,0,1,1
q_f7de9f4e@rerun_24h,q_f7de9f4e,rerun_24h,1,triviaqa,,NOT_TIME_KEYED,,,,,,
q_f861b3a0@rerun_24h,q_f861b3a0,rerun_24h,1,temporal_align_qa,2023,VOLATILE,"2000,2001,2002,2003,2004,2005,2006,2007,2008,2009,2010,2011,2012,2013,2014,2015,2016,2017,2018,2019,2020,2021,2022,2023",2023,3,0,1,1
q_f8c707c8@rerun_24h,q_f8c707c8,rerun_24h,1,temporal_align_qa,2023,VOLATILE,"2000,2001,2002,2003,2004,2005,2006,2007,2008,2009,2010,2011,2012,2013,2014,2015,2016,2017,2018,2019,2020,2021,2022,2023",2023,3,0,1,1
q_f93213af@rerun_24h,q_f93213af,rerun_24h,1,temporal_align_qa,2023,VOLATILE,"2000,2001,2002,2003,2004,2005,2006,2007,2008,2009,2010,2011,2012,2013,2014,2015,2016,2017,2018,2019,2020,2021,2022,2023",2023,3,0,1,1
q_f9667c6d@rerun_24h,q_f9667c6d,rerun_24h,1,temporal_align_qa,2023,VOLATILE,"2000,2001,2002,2003,2004,2005,2006,2007,2008,2009,2010,2011,2012,2013,2014,2015,2016,2017,2018,2019,2020,2021,2022,2023",2023,3,0,1,1
q_fa771a57@rerun_24h,q_fa771a57,rerun_24h,2,temporal_align_qa,2023,VOLATILE,"2000,2001,2002,2003,2004,2005,2006,2007,2008,2009,2010,2011,2012,2013,2014,2015,2016,2017,2018,2019,2020,2021,2022,2023",2023,3,0,1,1
q_fae0b0bb@rerun_24h,q_fae0b0bb,rerun_24h,1,temporal_align_qa,2023,VOLATILE,"2000,2001,2002,2003,2004,2005,2006,2007,2008,2009,2010,2011,2012,2013,2014,2015,2016,2017,2018,2019,2020,2021,2022,2023",2023,3,0,1,1
q_fbc7a20d@rerun_24h,q_fbc7a20d,rerun_24h,1,temporal_align_qa,2023,VOLATILE,"2000,2001,2002,2003,2004,2005,2006,2007,2008,2009,2010,2011,2012,2013,2014,2015,2016,2017,2018,2019,2020,2021,2022,2023",2023,3,0,1,1
q_fc04cade@rerun_24h,q_fc04cade,rerun_24h,1,temporal_align_qa,2023,VOLATILE,"2000,2001,2002,2003,2004,2005,2006,2007,2008,2009,2010,2011,2012,2013,2014,2015,2016,2017,2018,2019,2020,2021,2022,2023",2023,3,0,1,1
q_fc47ce8e@rerun_24h,q_fc47ce8e,rerun_24h,2,freshqa,before 2022,SINGLE_YEAR,before 2022,before 2022,,,1,
q_fc92fe13@rerun_24h,q_fc92fe13,rerun_24h,1,temporal_align_qa,2023,VOLATILE,"2000,2001,2002,2003,2004,2005,2006,2007,2008,2009,2010,2011,2012,2013,2014,2015,2016,2017,2018,2019,2020,2021,2022,2023",2023,3,0,1,1
q_fcc76705@rerun_24h,q_fcc76705,rerun_24h,1,temporal_align_qa,2023,VOLATILE,"2000,2001,2002,2003,2004,2005,2006,2007,2008,2009,2010,2011,2012,2013,2014,2015,2016,2017,2018,2019,2020,2021,2022,2023",2023,3,0,1,1
q_fd2b644e@rerun_24h,q_fd2b644e,rerun_24h,1,triviaqa,,NOT_TIME_KEYED,,,,,,
q_fdca6dd5@rerun_12h,q_fdca6dd5,rerun_12h,1,triviaqa,,NOT_TIME_KEYED,,,,,,
q_fddc380c@rerun_24h,q_fddc380c,rerun_24h,1,temporal_align_qa,2023,VOLATILE,"2000,2001,2002,2003,2004,2005,2006,2007,2008,2009,2010,2011,2012,2013,2014,2015,2016,2017,2018,2019,2020,2021,2022,2023",2023,3,0,1,1
q_feab2243@rerun_24h,q_feab2243,rerun_24h,1,temporal_align_qa,2023,VOLATILE,"2000,2001,2002,2003,2004,2005,2006,2007,2008,2009,2010,2011,2012,2013,2014,2015,2016,2017,2018,2019,2020,2021,2022,2023",2023,3,0,1,1
q_ff13db06@rerun_24h,q_ff13db06,rerun_24h,1,temporal_align_qa,2023,VOLATILE,"2000,2001,2002,2003,2004,2005,2006,2007,2008,2009,2010,2011,2012,2013,2014,2015,2016,2017,2018,2019,2020,2021,2022,2023",2023,3,0,1,1
q_ff48fd09@rerun_24h,q_ff48fd09,rerun_24h,1,triviaqa,,NOT_TIME_KEYED,,,,,,
q_ff4e04a5@rerun_24h,q_ff4e04a5,rerun_24h,1,temporal_align_qa,2023,VOLATILE,"2000,2001,2002,2003,2004,2005,2006,2007,2008,2009,2010,2011,2012,2013,2014,2015,2016,2017,2018,2019,2020,2021,2022,2023",2023,3,0,1,1
q_ffbdb73d@rerun_24h,q_ffbdb73d,rerun_24h,1,temporal_align_qa,2023,VOLATILE,"2000,2001,2002,2003,2004,2005,2006,2007,2008,2009,2010,2011,2012,2013,2014,2015,2016,2017,2018,2019,2020,2021,2022,2023",2023,3,0,1,1
q_ffc74be2@rerun_24h,q_ffc74be2,rerun_24h,1,temporal_align_qa,2023,VOLATILE,"2000,2001,2002,2003,2004,2005,2006,2007,2008,2009,2010,2011,2012,2013,2014,2015,2016,2017,2018,2019,2020,2021,2022,2023",2023,3,0,1,1
